-- MySQL dump 10.13  Distrib 5.7.29, for Linux (x86_64)
--
-- Host: 127.0.0.1    Database: xfh_mall
-- ------------------------------------------------------
-- Server version	5.7.29-0ubuntu0.16.04.1

/*!40101 SET @OLD_CHARACTER_SET_CLIENT=@@CHARACTER_SET_CLIENT */;
/*!40101 SET @OLD_CHARACTER_SET_RESULTS=@@CHARACTER_SET_RESULTS */;
/*!40101 SET @OLD_COLLATION_CONNECTION=@@COLLATION_CONNECTION */;
/*!40101 SET NAMES utf8 */;
/*!40103 SET @OLD_TIME_ZONE=@@TIME_ZONE */;
/*!40103 SET TIME_ZONE='+00:00' */;
/*!40014 SET @OLD_UNIQUE_CHECKS=@@UNIQUE_CHECKS, UNIQUE_CHECKS=0 */;
/*!40014 SET @OLD_FOREIGN_KEY_CHECKS=@@FOREIGN_KEY_CHECKS, FOREIGN_KEY_CHECKS=0 */;
/*!40101 SET @OLD_SQL_MODE=@@SQL_MODE, SQL_MODE='NO_AUTO_VALUE_ON_ZERO' */;
/*!40111 SET @OLD_SQL_NOTES=@@SQL_NOTES, SQL_NOTES=0 */;

--
-- Table structure for table `BottomLink`
--

DROP TABLE IF EXISTS `BottomLink`;
/*!40101 SET @saved_cs_client     = @@character_set_client */;
/*!40101 SET character_set_client = utf8 */;
CREATE TABLE `BottomLink` (
  `showFront` tinyint(1) DEFAULT NULL,
  `order` int(4) NOT NULL,
  `imageUrl` varchar(2000) DEFAULT NULL,
  `link` varchar(2000) DEFAULT NULL,
  `name` varchar(40) DEFAULT NULL,
  `id` bigint(20) NOT NULL AUTO_INCREMENT,
  PRIMARY KEY (`id`)
) ENGINE=InnoDB AUTO_INCREMENT=1027 DEFAULT CHARSET=utf8;
/*!40101 SET character_set_client = @saved_cs_client */;

--
-- Dumping data for table `BottomLink`
--

LOCK TABLES `BottomLink` WRITE;
/*!40000 ALTER TABLE `BottomLink` DISABLE KEYS */;
INSERT INTO `BottomLink` VALUES (1,1,'','http://www.beian.gov.cn/portal/registerSystemInfo?recordcode=11000002000088','粤备案',1000),(1,2,'','https://www.3m.com.cn/3M/zh_CN/company-cn/?utm_medium=redirect&utm_source=vanity-url&utm_campaign=www.3m.com.cn/',' 3M官网',1001),(1,3,'','https://www.honeywell.com.cn/','霍尼韦尔官网',1002),(1,4,'','https://www.bosch.com.cn/',' 博世工具官网',1003),(1,5,'','http://www.satatools.com/',' 世达工具官网',1004),(1,6,'','https://www.baidu.com/s?wd=%E4%B8%AD%E5%9B%BD%E6%99%BA%E8%83%BD%E5%88%B6%E9%80%A0%E7%BD%91&rsv_spt=1&rsv_iqid=0xd406c33e0000a344&issp=1&f=8&rsv_bp=1&rsv_idx=2&ie=utf-8&tn=baiduhome_pg&rsv_enter=1&rsv_dl=ib&rsv_sug3=1','中国智能制造网',1005),(1,7,'','https://www.baidu.com/s?wd=1688%E6%89%B9%E5%8F%91%E7%BD%91&rsv_spt=1&rsv_iqid=0xd406c33e0000a344&issp=1&f=8&rsv_bp=1&rsv_idx=2&ie=utf-8&rqlang=cn&tn=baiduhome_pg&rsv_enter=0&rsv_dl=tb&rsv_t=720cJCCZUj1Pem2iu1s2vkSbHFaPwBNVZMAh3k%2FviUxbpcfTQZwq8MHpj3XB7ww5vd4B&oq=%25E4%25B8%25AD%25E5%259B%25BD%25E6%2599%25BA%25E8%2583%25BD%25E5%2588%25B6%25E9%2580%25A0%25E7%25BD%2591&rsv_sug3=3&rsv_sug1=3&rsv_sug7=100&rsv_pq=97f39bb8000f4756&prefixsug=1688%25E6%2589%25B9%25E5%258F%2591%25E7%25BD%2591&rsp=0&rsv_sug4=3615','1688批发网',1006),(1,8,'','https://www.baidu.com/s?wd=%E4%B8%AD%E5%9B%BD%E5%8C%96%E5%B7%A5%E6%9C%BA%E6%A2%B0%E8%AE%BE%E5%A4%87%E7%BD%91&rsv_spt=1&rsv_iqid=0xd406c33e0000a344&issp=1&f=8&rsv_bp=1&rsv_idx=2&ie=utf-8&rqlang=cn&tn=baiduhome_pg&rsv_enter=0&rsv_dl=tb&rsv_t=917dLv7wOh1bo2MqUL3gZeEdmC9plq3kmYkkNJN801jthT075wzCHZduOg43TQSr1zZY&oq=1688%25E6%2589%25B9%25E5%258F%2591%25E7%25BD%2591&rsv_pq=a4d871a10005db2c&rsv_sug3=4&bs=1688%E6%89%B9%E5%8F%91%E7%BD%91','中国化工机械设备网',1007),(1,9,'','https://www.baidu.com/s?wd=%E4%BB%AA%E5%99%A8%E4%BB%AA%E8%A1%A8%E7%BD%91&rsv_spt=1&rsv_iqid=0xd406c33e0000a344&issp=1&f=8&rsv_bp=1&rsv_idx=2&ie=utf-8&rqlang=cn&tn=baiduhome_pg&rsv_enter=0&rsv_dl=tb&rsv_t=4a2cJ6qLTrIQuSEB8QPFpfURxngxy%2F4FUuMtNiZ19LEQgV04gqy7qDg8iuXCMZxUm2M1&oq=%25E4%25B8%25AD%25E5%259B%25BD%25E5%258C%2596%25E5%25B7%25A5%25E6%259C%25BA%25E6%25A2%25B0%25E8%25AE%25BE%25E5%25A4%2587%25E7%25BD%2591&rsv_pq=e6f7b4d5000ad8c1&rsv_sug3=6&rsv_sug1=4&rsv_sug7=100&prefixsug=%25E4%25BB%25AA%25E5%2599%25A8%25E4%25BB%25AA%25E8%25A1%25A8%25E7%25BD%2591&rsp=0&rsv_sug4=2268','仪器仪表网',1008),(1,11,'','https://www.baidu.com/s?wd=%E4%B9%9D%E6%AD%A3%E4%BA%94%E9%87%91%E7%BD%91&rsv_spt=1&rsv_iqid=0x8edfbc430002ff1a&issp=1&f=8&rsv_bp=1&rsv_idx=2&ie=utf-8&tn=baiduhome_pg&rsv_enter=1&rsv_dl=ib&rsv_sug3=1','九正五金网',1010),(1,12,'','https://www.baidu.com/s?wd=%09%20%E4%BA%94%E9%87%91%E6%9C%BA%E7%94%B5%E7%BD%91&rsv_spt=1&rsv_iqid=0x8edfbc430002ff1a&issp=1&f=8&rsv_bp=1&rsv_idx=2&ie=utf-8&rqlang=cn&tn=baiduhome_pg&rsv_enter=0&rsv_dl=tb&rsv_t=77b9cFFuBcskBQZl0Lj09WKr48S7x5knSrnVmeFSsS4PRbEamB%2BSclx54sjr9c1OkHyP&oq=%25E4%25B9%259D%25E6%25AD%25A3%25E4%25BA%2594%25E9%2587%2591%25E7%25BD%2591&rsv_pq=b994831e0009438f&rsv_sug3=2&rsv_sug1=1&rsv_sug7=100&prefixsug=%2509%2520%25E4%25BA%2594%25E9%2587%2591%25E6%259C%25BA%25E7%2594%25B5%25E7%25BD%2591&rsp=0','五金机电网',1011),(1,13,'','https://www.baidu.com/s?wd=%E6%9D%AD%E5%8F%89%E9%9B%86%E5%9B%A2&rsv_spt=1&rsv_iqid=0x8edfbc430002ff1a&issp=1&f=8&rsv_bp=1&rsv_idx=2&ie=utf-8&rqlang=cn&tn=baiduhome_pg&rsv_enter=0&rsv_dl=tb&rsv_t=77b9cFFuBcskBQZl0Lj09WKr48S7x5knSrnVmeFSsS4PRbEamB%2BSclx54sjr9c1OkHyP&oq=%25E4%25BA%2594%25E9%2587%2591%25E6%259C%25BA%25E7%2594%25B5%25E7%25BD%2591&rsv_pq=86731da700036d4d&rsv_n=2&rsv_sug3=3&bs=%E4%BA%94%E9%87%91%E6%9C%BA%E7%94%B5%E7%BD%91','杭叉集团',1012),(1,14,'','https://www.baidu.com/s?wd=%E5%85%A8%E7%90%83%E4%BA%94%E9%87%91%E7%BD%91&rsv_spt=1&rsv_iqid=0x8edfbc430002ff1a&issp=1&f=8&rsv_bp=1&rsv_idx=2&ie=utf-8&rqlang=cn&tn=baiduhome_pg&rsv_enter=0&rsv_dl=tb&rsv_t=61eexecqwCfNArhRoDV0jIsNXvTmCwGtOVFk8OS9%2Fw9B1%2FRriP5%2BCj9ItLpdgG%2Fz3oCp&oq=%25E6%259D%25AD%25E5%258F%2589%25E9%259B%2586%25E5%259B%25A2&rsv_pq=a03a0f78000f9c68&rsv_sug3=4&rsv_sug1=3&rsv_sug7=100&prefixsug=%25E5%2585%25A8%25E7%2590%2583%25E4%25BA%2594%25E9%2587%2591%25E7%25BD%2591&rsp=0','全球五金网',1013),(1,15,'','https://www.baidu.com/s?wd=%E4%BA%94%E9%87%91%E5%95%86%E6%9C%BA%E7%BD%91&rsv_spt=1&rsv_iqid=0x8edfbc430002ff1a&issp=1&f=8&rsv_bp=1&rsv_idx=2&ie=utf-8&rqlang=cn&tn=baiduhome_pg&rsv_enter=0&rsv_dl=tb&rsv_t=93ecFTmW9ekH%2Fv3BfR%2FjxyulqmDJF5vc5Jx1eZFTXzUIT9RdO8jdTdednLKVeyagLDZw&oq=%25E5%2585%25A8%25E7%2590%2583%25E4%25BA%2594%25E9%2587%2591%25E7%25BD%2591&rsv_pq=e3d8b30c000a839b&rsv_sug3=5&bs=%E5%85%A8%E7%90%83%E4%BA%94%E9%87%91%E7%BD%91','五金商机网',1014),(1,16,'','https://www.baidu.com/s?wd=%E4%B9%9D%E6%AD%A3%E5%BB%BA%E6%9D%90%E7%BD%91&rsv_spt=1&rsv_iqid=0x8edfbc430002ff1a&issp=1&f=8&rsv_bp=1&rsv_idx=2&ie=utf-8&rqlang=cn&tn=baiduhome_pg&rsv_enter=0&rsv_dl=tb&rsv_t=ade5GNfuY6fQ0IF0T%2FYO7bU9gmWLv94N0ZNv8L1HWydfyXVDLBewubgfRAS8KpWI4s5A&oq=%25E4%25BA%2594%25E9%2587%2591%25E5%2595%2586%25E6%259C%25BA%25E7%25BD%2591&rsv_pq=c5526e28000634ad&rsv_sug3=6&bs=%E4%BA%94%E9%87%91%E5%95%86%E6%9C%BA%E7%BD%91','九正建材网',1015),(1,17,'','https://www.baidu.com/s?wd=%E5%8D%8E%E7%A7%8B%E5%95%86%E5%9F%8E&rsv_spt=1&rsv_iqid=0x8edfbc430002ff1a&issp=1&f=8&rsv_bp=1&rsv_idx=2&ie=utf-8&rqlang=cn&tn=baiduhome_pg&rsv_enter=0&rsv_dl=tb&rsv_t=cebdijgeQJ61Aa6CFNMf3VFUbl8961quutTedgoqsS4xVlmUSvRiXLpWck2g%2F9ORcUnX&oq=%25E4%25B9%259D%25E6%25AD%25A3%25E5%25BB%25BA%25E6%259D%2590%25E7%25BD%2591&rsv_pq=dcb022b900100fd4&rsv_sug3=7&rsv_sug1=6&rsv_sug7=100&prefixsug=%25E5%258D%258E%25E7%25A7%258B%25E5%2595%2586%25E5%259F%258E&rsp=0','华秋商城',1016),(1,18,'','https://www.baidu.com/s?wd=%E5%B7%A5%E6%8E%A7%E7%BD%91&rsv_spt=1&rsv_iqid=0x8edfbc430002ff1a&issp=1&f=8&rsv_bp=1&rsv_idx=2&ie=utf-8&rqlang=cn&tn=baiduhome_pg&rsv_enter=0&rsv_dl=tb&rsv_t=5074k0DQm0CQYbDzKVqH0geO3SELnjbtEZMiVwsPZGaP0AVtw6aWqQ6myNdBG9A8mM8D&oq=%25E5%258D%258E%25E7%25A7%258B%25E5%2595%2586%25E5%259F%258E&rsv_pq=dfed11c1000ada74&rsv_sug3=9&rsv_sug1=8&rsv_sug7=100&prefixsug=%25E5%25B7%25A5%25E6%258E%25A7%25E7%25BD%2591&rsp=0&rsv_sug4=2568','工控网',1017),(1,19,'','https://www.baidu.com/s?wd=ABB%E5%AE%98%E7%BD%91&rsv_spt=1&rsv_iqid=0x8edfbc430002ff1a&issp=1&f=8&rsv_bp=1&rsv_idx=2&ie=utf-8&rqlang=cn&tn=baiduhome_pg&rsv_enter=0&rsv_dl=tb&rsv_t=e12d5fjg5kdkhphyyttaPyJUG7H0ERKb4RprpD9s37prmEoPnl%2BGlb0934KsvkORmwSV&oq=%25E5%25B7%25A5%25E6%258E%25A7%25E7%25BD%2591&rsv_pq=899263b5000f9b50&rsv_sug3=10&bs=%E5%B7%A5%E6%8E%A7%E7%BD%91','ABB官网',1018),(1,20,'','https://www.baidu.com/s?wd=%E8%A5%BF%E9%97%A8%E5%AD%90%E5%AE%98%E7%BD%91&rsv_spt=1&rsv_iqid=0x8edfbc430002ff1a&issp=1&f=8&rsv_bp=1&rsv_idx=2&ie=utf-8&rqlang=cn&tn=baiduhome_pg&rsv_enter=0&rsv_dl=tb&rsv_t=677eEn4S5ODR0MOK1r2BLq4rwwRt9l2m41IDNGlUL%2BAHIe9w%2BRjPVz9Iwp3TezZE%2BSg8&oq=ABB%25E5%25AE%2598%25E7%25BD%2591&rsv_pq=e87305d30003ecc0&rsv_sug3=11&bs=ABB%E5%AE%98%E7%BD%91','西门子官网 ',1019),(1,21,'','https://www.baidu.com/s?wd=%E6%AC%A7%E5%A7%86%E9%BE%99%E5%AE%98%E7%BD%91&rsv_spt=1&rsv_iqid=0x8edfbc430002ff1a&issp=1&f=8&rsv_bp=1&rsv_idx=2&ie=utf-8&rqlang=cn&tn=baiduhome_pg&rsv_enter=0&rsv_dl=tb&rsv_t=ba08H5Y%2F1ocQgHv%2B%2BPVbZNHFmpC7wvgqi5QV2UCC%2FytUfcHSkZj5sCaROmHfGPNffcn1&oq=%25E8%25A5%25BF%25E9%2597%25A8%25E5%25AD%2590%25E5%25AE%2598%25E7%25BD%2591&rsv_pq=c5b4a30a0001be54&rsv_sug3=12&rsv_sug1=11&rsv_sug7=100&prefixsug=%25E6%25AC%25A7%25E5%25A7%2586%25E9%25BE%2599%25E5%25AE%2598%25E7%25BD%2591&rsp=0','欧姆龙官网',1020),(1,22,'','https://www.baidu.com/s?wd=%E8%A3%85%E4%BF%AE%E7%BD%91&rsv_spt=1&rsv_iqid=0x8edfbc430002ff1a&issp=1&f=8&rsv_bp=1&rsv_idx=2&ie=utf-8&rqlang=cn&tn=baiduhome_pg&rsv_enter=0&rsv_dl=tb&rsv_t=7f09kHnmWHnAsTHVETCE3EKtcPOOjS3U7aBreCMncG89xwoLKzkP4cp8az9feBqLcQBq&oq=%25E6%25AC%25A7%25E5%25A7%2586%25E9%25BE%2599%25E5%25AE%2598%25E7%25BD%2591&rsv_pq=94f1856400100dcb&rsv_sug3=13&rsv_sug1=12&rsv_sug7=100&prefixsug=%25E8%25A3%2585%25E4%25BF%25AE%25E7%25BD%2591&rsp=0','装修网',1021),(1,23,'','https://www.baidu.com/s?wd=%E6%95%B4%E8%A3%85%E7%BD%91&rsv_spt=1&rsv_iqid=0x8edfbc430002ff1a&issp=1&f=8&rsv_bp=1&rsv_idx=2&ie=utf-8&rqlang=cn&tn=baiduhome_pg&rsv_enter=0&rsv_dl=tb&rsv_t=5ad7kr%2FrRfJ%2BnFIbrwOb8esH2m0rVTX1hWOoEsPX1TLc8ljA3iqH%2FFusymzN1Sjf1wAB&oq=%25E8%25A3%2585%25E4%25BF%25AE%25E7%25BD%2591&rsv_pq=c71b15eb0001faae&rsv_sug3=17&rsv_sug1=16&rsv_sug7=101&prefixsug=%25E6%2595%25B4%25E8%25A3%2585%25E7%25BD%2591&rsp=0&inputT=3009&rsv_sug4=3009','整装网',1022),(1,24,'','https://www.baidu.com/s?wd=%E6%96%BD%E8%80%90%E5%BE%B7%E5%AE%98%E7%BD%91&rsv_spt=1&rsv_iqid=0x8edfbc430002ff1a&issp=1&f=8&rsv_bp=1&rsv_idx=2&ie=utf-8&rqlang=cn&tn=baiduhome_pg&rsv_enter=0&rsv_dl=tb&rsv_t=bcc3JnxWBihrCmWy0MzSQ0nS6uDoaSDQJIpLz%2Ftt46%2Fxjga1QEhCL58qUzxaJC50Frp9&oq=%25E6%2595%25B4%25E8%25A3%2585%25E7%25BD%2591&rsv_pq=c10f61c200042750&inputT=3009&rsv_sug3=19&rsv_sug1=17&rsv_sug7=100&bs=%E6%95%B4%E8%A3%85%E7%BD%91','施耐德官网',1023),(1,25,'','https://www.baidu.com/s?wd=%E8%B4%B9%E6%96%AF%E6%89%98%E5%AE%98%E7%BD%91&rsv_spt=1&rsv_iqid=0x8edfbc430002ff1a&issp=1&f=8&rsv_bp=1&rsv_idx=2&ie=utf-8&rqlang=cn&tn=baiduhome_pg&rsv_enter=0&rsv_dl=tb&rsv_t=b2a4nyHd%2Ft2Ekwk0uJwYYU3te4RAe0N6gRrMi0%2Bbbtpm2JW3q0WSh%2FFWjm7PdWSvvmy6&oq=%25E6%2596%25BD%25E8%2580%2590%25E5%25BE%25B7%25E5%25AE%2598%25E7%25BD%2591&rsv_pq=a97e603500082b7b&rsv_sug3=21&rsv_sug1=19&rsv_sug7=100&bs=%E6%96%BD%E8%80%90%E5%BE%B7%E5%AE%98%E7%BD%91','费斯托官网',1024),(1,26,'','https://www.baidu.com/s?wd=%E9%87%91%E5%B1%9E%E4%BF%A1%E6%81%AF%E7%BD%91&rsv_spt=1&rsv_iqid=0x8edfbc430002ff1a&issp=1&f=8&rsv_bp=1&rsv_idx=2&ie=utf-8&rqlang=cn&tn=baiduhome_pg&rsv_enter=0&rsv_dl=tb&rsv_t=a7b6CqOcMTB8ZGQ4JSh3jVOw5n%2BgylENXtPLYZ866GCKLLnurkaXIoM2i5600KE0mZ0s&oq=%25E8%25B4%25B9%25E6%2596%25AF%25E6%2589%2598%25E5%25AE%2598%25E7%25BD%2591&rsv_pq=ccfe273a00094853&rsv_sug3=27&rsv_sug1=22&rsv_sug7=101&bs=%E8%B4%B9%E6%96%AF%E6%89%98%E5%AE%98%E7%BD%91','金属信息网',1025),(1,27,'','https://www.baidu.com/s?wd=%E5%85%83%E5%99%A8%E4%BB%B6%E4%BA%A4%E6%98%93%E7%BD%91&rsv_spt=1&rsv_iqid=0x8edfbc430002ff1a&issp=1&f=8&rsv_bp=1&rsv_idx=2&ie=utf-8&rqlang=cn&tn=baiduhome_pg&rsv_enter=0&rsv_dl=tb&rsv_t=9ac72saXphE5qh90TLwd%2BulGHjTUNeGShTtUWOzJbituRAYN27dF9%2BJdDJOiLJxtiy6u&oq=%25E9%2587%2591%25E5%25B1%259E%25E4%25BF%25A1%25E6%2581%25AF%25E7%25BD%2591&rsv_pq=cc63ebd00010d22e&inputT=3069&rsv_sug3=28&bs=%E9%87%91%E5%B1%9E%E4%BF%A1%E6%81%AF%E7%BD%91','元器件交易网',1026);
/*!40000 ALTER TABLE `BottomLink` ENABLE KEYS */;
UNLOCK TABLES;

--
-- Table structure for table `Buyer`
--

DROP TABLE IF EXISTS `Buyer`;
/*!40101 SET @saved_cs_client     = @@character_set_client */;
/*!40101 SET character_set_client = utf8 */;
CREATE TABLE `Buyer` (
  `email` varchar(200) DEFAULT NULL,
  `userPhone` varchar(200) NOT NULL,
  `user` varchar(200) NOT NULL,
  `comanyPhone` varchar(200) DEFAULT NULL,
  `grade` varchar(200) NOT NULL,
  `name` varchar(200) NOT NULL,
  `id` bigint(20) NOT NULL AUTO_INCREMENT,
  `dataStatus` varchar(40) DEFAULT NULL,
  `creditAmount` decimal(16,4) DEFAULT NULL,
  `userCat` varchar(20) NOT NULL,
  `password` varchar(40) DEFAULT NULL,
  `createTime` datetime DEFAULT NULL,
  PRIMARY KEY (`id`)
) ENGINE=InnoDB AUTO_INCREMENT=1032 DEFAULT CHARSET=utf8;
/*!40101 SET character_set_client = @saved_cs_client */;

--
-- Dumping data for table `Buyer`
--

LOCK TABLES `Buyer` WRITE;
/*!40000 ALTER TABLE `Buyer` DISABLE KEYS */;
INSERT INTO `Buyer` VALUES ('zhrb2009@qq.com','13602365176','朱榕波','','vip',' 东莞市石龙泰达五金电器贸易部',1008,'trash',30000.0000,'ClientBuyer',NULL,NULL),('','18605390422','李飞','','normal','山东临沂市河东区成芝五金工具商行',1009,'inUse',30000.0000,'ClientBuyer',NULL,NULL),('','13724026699','戴婷婷','','normal','广州具汇机械实业有限公司',1010,'inUse',30000.0000,'ClientBuyer',NULL,NULL),('','15338300640','彭诚东','','golden','佛山市顺德区力合五金机电有限公司',1012,'inUse',30000.0000,'ClientBuyer',NULL,NULL),('','15266643677','王建勇','','vip','山东临沂市河东区勇哥五金经营部',1013,'inUse',30000.0000,'ClientBuyer',NULL,NULL),('','13911866682','卢立龙','','normal','北京弘盛恒仪商贸有限公司',1014,'inUse',30000.0000,'ClientBuyer',NULL,NULL),('','13969922286','刘广绪','','normal','河东区吉利五金工具商行',1015,'inUse',30000.0000,'ClientBuyer',NULL,NULL),('','18868612267','陈辉','','golden','宁波奥辉标准件有限公司',1016,'inUse',30000.0000,'ClientBuyer',NULL,NULL),('','15869866112','王荣','','normal','邵东和谐五金机电有限公司',1017,'inUse',30000.0000,'ClientBuyer',NULL,NULL),('','0539-8099328','张文龙','','vip','河东区汇发五金工具商行',1018,'inUse',30000.0000,'ClientBuyer',NULL,NULL),('','13712223157','李水钦','','vip','东莞市东城瑞发五金店',1019,'inUse',30000.0000,'ClientBuyer',NULL,NULL),('','18767773110','王素梅','','normal','乐清市赛邦电气有限公司柳市分公司',1020,'inUse',30000.0000,'ClientBuyer',NULL,NULL),('','18039101652','李囯利','','vip','郑州华盛机械工具有限公司',1021,'inUse',30000.0000,'ClientBuyer',NULL,NULL),('','18998015558','陆敬嫦','','normal','东莞市茶山星达模具配件行',1022,'inUse',30000.0000,'ClientBuyer',NULL,NULL),('','15938358949','南琛更','','normal','虞城县志奎五金工具销售部',1023,'inUse',30000.0000,'ClientBuyer',NULL,NULL),('','13424170003','刘加奇','','vip',' 深圳市泛亚精密工具贸易部',1024,'inUse',30000.0000,'ClientBuyer',NULL,NULL),('','13823550234','肖承祥','','normal','深圳市南冶电子工具有限公司',1025,'inUse',30000.0000,'ClientBuyer',NULL,NULL),('','15207390598','张方冬','','golden','邵阳东方神鹰工具制造有限公司',1026,'inUse',30000.0000,'ClientBuyer',NULL,NULL),('','13864960567','邢万义','','vip','河东区万平五金工具厂',1027,'inUse',30000.0000,'ClientBuyer',NULL,NULL),('','13338881022','丁灿银','','normal','靖江市三丁机电设备有限公司',1028,'inUse',30000.0000,'ClientBuyer',NULL,NULL),('','18706199993','陈雪萍','','vip','无锡市益工新五金机械有限公司',1029,'inUse',30000.0000,'ClientBuyer',NULL,NULL),('','15862684134','黄佳富','','diamond','昆山球邦机电设备有限公司',1030,'inUse',30000.0000,'ClientBuyer',NULL,NULL),(NULL,'13923839630','weite2017',NULL,'normal','weite2017',1031,'inUse',NULL,'FrontUser','e10adc3949ba59abbe56e057f20f883e','2020-04-11 19:01:22');
/*!40000 ALTER TABLE `Buyer` ENABLE KEYS */;
UNLOCK TABLES;

--
-- Table structure for table `DeliverAddress`
--

DROP TABLE IF EXISTS `DeliverAddress`;
/*!40101 SET @saved_cs_client     = @@character_set_client */;
/*!40101 SET character_set_client = utf8 */;
CREATE TABLE `DeliverAddress` (
  `name` varchar(20) NOT NULL,
  `id` bigint(20) NOT NULL AUTO_INCREMENT,
  `userId` bigint(20) NOT NULL,
  `phone` varchar(20) NOT NULL,
  `provinceCode` varchar(20) NOT NULL,
  `provinceName` varchar(20) NOT NULL,
  `cityCode` varchar(20) NOT NULL,
  `cityName` varchar(20) NOT NULL,
  `districtCode` varchar(20) NOT NULL,
  `districtName` varchar(20) NOT NULL,
  `blockInfo` varchar(1000) NOT NULL,
  `post` varchar(200) DEFAULT NULL,
  `defaultFlag` varchar(20) NOT NULL,
  `addressCat` varchar(20) NOT NULL,
  `email` varchar(40) DEFAULT NULL,
  PRIMARY KEY (`id`)
) ENGINE=InnoDB AUTO_INCREMENT=1016 DEFAULT CHARSET=utf8;
/*!40101 SET character_set_client = @saved_cs_client */;

--
-- Dumping data for table `DeliverAddress`
--

LOCK TABLES `DeliverAddress` WRITE;
/*!40000 ALTER TABLE `DeliverAddress` DISABLE KEYS */;
INSERT INTO `DeliverAddress` VALUES ('张辽',1000,1005,'11233445566','140000','山西省','140300','阳泉市','140303','矿区','xx街道xx栋888','','Y','goodAddress',NULL),('于禁',1001,1005,'12345679988','140000','山西省','140200','大同市','140202','城区','xx街道yy栋999','','N','goodAddress',NULL),('徐晃',1002,1005,'12345446699','130000','河北省','130200','唐山市','130202','路南区','aaaabbbcc','','N','goodAddress',NULL),('张飞',1003,1000,'12344445555','140000','山西省','140200','大同市','140201','市辖区','xxx街道','','Y','goodAddress',NULL),('戴婷婷',1004,1010,'13724026699','440000','广东省','440100','广州市','440113','番禺区','沙头街小平村工业区福平路16号103\n','','Y','goodAddress',NULL),('adasafasf',1005,1014,'asfdasf','120000','天津市','120100','市辖区','120101','和平区','sdfsdfs','','Y','goodAddress',NULL),('sfssf',1006,1009,'sdfsfd','140000','山西省','140400','长治市','140402','城区','sfsdfsf','','Y','goodAddress',NULL),('张方冬',1007,1026,'15207390598','430000','湖南省','430500','邵阳市','430523','邵阳县','罗家村06号','','Y','goodAddress',NULL),('朱榕波',1008,1008,'13602365176','440000','广东省','441900','东莞市','441900102000','石龙镇','石龙泰达五金电器贸易部\n','','Y','goodAddress',NULL),('王建勇',1009,1013,'15266643677','370000','山东省','371300','临沂市','371312','河东区','勇哥五金经营部\n','','Y','goodAddress',NULL),('陈辉',1010,1016,'18868612267','330000','浙江省','330200','宁波市','330201','市辖区','宁波奥辉标准件有限公司\n','','Y','goodAddress',NULL),('肖承祥',1011,1025,'13823550234','440000','广东省','440300','深圳市','440306','宝安区','大洋路11号','','Y','goodAddress',NULL),('李水钦',1012,1019,'13712223157','440000','广东省','441900','东莞市','441900003000','东城街道办事处','东城牛山三兴路19号(信佳商场后面)\n','','Y','goodAddress',NULL),('李囯利 ',1013,1021,'18039101652','410000','河南省','410100','郑州市','410103','二七区','铭功路270号','','Y','goodAddress',NULL),('刘加奇',1014,1024,'13424170003','440000','广东省','440300','深圳市','440309000000','龙华区','民治街道民治大道万众城威华大厦','','Y','goodAddress',NULL),('小肥花叔',1015,1031,'13923839630','440000','广东省','440300','深圳市','440305','南山区','xx街道xx楼xx号','','Y','goodAddress','');
/*!40000 ALTER TABLE `DeliverAddress` ENABLE KEYS */;
UNLOCK TABLES;

--
-- Table structure for table `DistrictData`
--

DROP TABLE IF EXISTS `DistrictData`;
/*!40101 SET @saved_cs_client     = @@character_set_client */;
/*!40101 SET character_set_client = utf8 */;
CREATE TABLE `DistrictData` (
  `id` bigint(20) NOT NULL AUTO_INCREMENT,
  `code` varchar(20) DEFAULT NULL,
  `name` varchar(50) DEFAULT NULL,
  `level` int(11) DEFAULT NULL,
  `parentCode` varchar(50) DEFAULT NULL,
  PRIMARY KEY (`id`)
) ENGINE=InnoDB AUTO_INCREMENT=3580 DEFAULT CHARSET=utf8 COMMENT='省市区';
/*!40101 SET character_set_client = @saved_cs_client */;

--
-- Dumping data for table `DistrictData`
--

LOCK TABLES `DistrictData` WRITE;
/*!40000 ALTER TABLE `DistrictData` DISABLE KEYS */;
INSERT INTO `DistrictData` VALUES (1,'110000','北京市',1,''),(2,'120000','天津市',1,''),(3,'130000','河北省',1,''),(4,'140000','山西省',1,''),(5,'150000','内蒙古自治区',1,''),(6,'210000','辽宁省',1,''),(7,'220000','吉林省',1,''),(8,'230000','黑龙江省',1,''),(9,'310000','上海市',1,''),(10,'320000','江苏省',1,''),(11,'330000','浙江省',1,''),(12,'340000','安徽省',1,''),(13,'350000','福建省',1,''),(14,'360000','江西省',1,''),(15,'370000','山东省',1,''),(16,'410000','河南省',1,''),(17,'420000','湖北省',1,''),(18,'430000','湖南省',1,''),(19,'440000','广东省',1,''),(20,'450000','广西壮族自治区',1,''),(21,'460000','海南省',1,''),(22,'500000','重庆市',1,''),(23,'510000','四川省',1,''),(24,'520000','贵州省',1,''),(25,'530000','云南省',1,''),(26,'540000','西藏自治区',1,''),(27,'610000','陕西省',1,''),(28,'620000','甘肃省',1,''),(29,'630000','青海省',1,''),(30,'640000','宁夏回族自治区',1,''),(31,'650000','新疆维吾尔自治区',1,''),(32,'710000','台湾省',1,''),(33,'810000','香港特别行政区',1,''),(35,'110100','市辖区',2,'110000'),(36,'120100','市辖区',2,'120000'),(37,'130100','石家庄市',2,'130000'),(38,'130200','唐山市',2,'130000'),(39,'130300','秦皇岛市',2,'130000'),(40,'130400','邯郸市',2,'130000'),(41,'130500','邢台市',2,'130000'),(42,'130600','保定市',2,'130000'),(43,'130700','张家口市',2,'130000'),(44,'130800','承德市',2,'130000'),(45,'130900','沧州市',2,'130000'),(46,'131000','廊坊市',2,'130000'),(47,'131100','衡水市',2,'130000'),(48,'139000','省直辖县级行政区划',2,'130000'),(49,'140100','太原市',2,'140000'),(50,'140200','大同市',2,'140000'),(51,'140300','阳泉市',2,'140000'),(52,'140400','长治市',2,'140000'),(53,'140500','晋城市',2,'140000'),(54,'140600','朔州市',2,'140000'),(55,'140700','晋中市',2,'140000'),(56,'140800','运城市',2,'140000'),(57,'140900','忻州市',2,'140000'),(58,'141000','临汾市',2,'140000'),(59,'141100','吕梁市',2,'140000'),(60,'150100','呼和浩特市',2,'150000'),(61,'150200','包头市',2,'150000'),(62,'150300','乌海市',2,'150000'),(63,'150400','赤峰市',2,'150000'),(64,'150500','通辽市',2,'150000'),(65,'150600','鄂尔多斯市',2,'150000'),(66,'150700','呼伦贝尔市',2,'150000'),(67,'150800','巴彦淖尔市',2,'150000'),(68,'150900','乌兰察布市',2,'150000'),(69,'152200','兴安盟',2,'150000'),(70,'152500','锡林郭勒盟',2,'150000'),(71,'152900','阿拉善盟',2,'150000'),(72,'210100','沈阳市',2,'210000'),(73,'210200','大连市',2,'210000'),(74,'210300','鞍山市',2,'210000'),(75,'210400','抚顺市',2,'210000'),(76,'210500','本溪市',2,'210000'),(77,'210600','丹东市',2,'210000'),(78,'210700','锦州市',2,'210000'),(79,'210800','营口市',2,'210000'),(80,'210900','阜新市',2,'210000'),(81,'211000','辽阳市',2,'210000'),(82,'211100','盘锦市',2,'210000'),(83,'211200','铁岭市',2,'210000'),(84,'211300','朝阳市',2,'210000'),(85,'211400','葫芦岛市',2,'210000'),(86,'220100','长春市',2,'220000'),(87,'220200','吉林市',2,'220000'),(88,'220300','四平市',2,'220000'),(89,'220400','辽源市',2,'220000'),(90,'220500','通化市',2,'220000'),(91,'220600','白山市',2,'220000'),(92,'220700','松原市',2,'220000'),(93,'220800','白城市',2,'220000'),(94,'222400','延边朝鲜族自治州',2,'220000'),(95,'230100','哈尔滨市',2,'230000'),(96,'230200','齐齐哈尔市',2,'230000'),(97,'230300','鸡西市',2,'230000'),(98,'230400','鹤岗市',2,'230000'),(99,'230500','双鸭山市',2,'230000'),(100,'230600','大庆市',2,'230000'),(101,'230700','伊春市',2,'230000'),(102,'230800','佳木斯市',2,'230000'),(103,'230900','七台河市',2,'230000'),(104,'231000','牡丹江市',2,'230000'),(105,'231100','黑河市',2,'230000'),(106,'231200','绥化市',2,'230000'),(107,'232700','大兴安岭地区',2,'230000'),(108,'310100','市辖区',2,'310000'),(109,'320100','南京市',2,'320000'),(110,'320200','无锡市',2,'320000'),(111,'320300','徐州市',2,'320000'),(112,'320400','常州市',2,'320000'),(113,'320500','苏州市',2,'320000'),(114,'320600','南通市',2,'320000'),(115,'320700','连云港市',2,'320000'),(116,'320800','淮安市',2,'320000'),(117,'320900','盐城市',2,'320000'),(118,'321000','扬州市',2,'320000'),(119,'321100','镇江市',2,'320000'),(120,'321200','泰州市',2,'320000'),(121,'321300','宿迁市',2,'320000'),(122,'330100','杭州市',2,'330000'),(123,'330200','宁波市',2,'330000'),(124,'330300','温州市',2,'330000'),(125,'330400','嘉兴市',2,'330000'),(126,'330500','湖州市',2,'330000'),(127,'330600','绍兴市',2,'330000'),(128,'330700','金华市',2,'330000'),(129,'330800','衢州市',2,'330000'),(130,'330900','舟山市',2,'330000'),(131,'331000','台州市',2,'330000'),(132,'331100','丽水市',2,'330000'),(133,'340100','合肥市',2,'340000'),(134,'340200','芜湖市',2,'340000'),(135,'340300','蚌埠市',2,'340000'),(136,'340400','淮南市',2,'340000'),(137,'340500','马鞍山市',2,'340000'),(138,'340600','淮北市',2,'340000'),(139,'340700','铜陵市',2,'340000'),(140,'340800','安庆市',2,'340000'),(141,'341000','黄山市',2,'340000'),(142,'341100','滁州市',2,'340000'),(143,'341200','阜阳市',2,'340000'),(144,'341300','宿州市',2,'340000'),(145,'341500','六安市',2,'340000'),(146,'341600','亳州市',2,'340000'),(147,'341700','池州市',2,'340000'),(148,'341800','宣城市',2,'340000'),(149,'350100','福州市',2,'350000'),(150,'350200','厦门市',2,'350000'),(151,'350300','莆田市',2,'350000'),(152,'350400','三明市',2,'350000'),(153,'350500','泉州市',2,'350000'),(154,'350600','漳州市',2,'350000'),(155,'350700','南平市',2,'350000'),(156,'350800','龙岩市',2,'350000'),(157,'350900','宁德市',2,'350000'),(158,'360100','南昌市',2,'360000'),(159,'360200','景德镇市',2,'360000'),(160,'360300','萍乡市',2,'360000'),(161,'360400','九江市',2,'360000'),(162,'360500','新余市',2,'360000'),(163,'360600','鹰潭市',2,'360000'),(164,'360700','赣州市',2,'360000'),(165,'360800','吉安市',2,'360000'),(166,'360900','宜春市',2,'360000'),(167,'361000','抚州市',2,'360000'),(168,'361100','上饶市',2,'360000'),(169,'370100','济南市',2,'370000'),(170,'370200','青岛市',2,'370000'),(171,'370300','淄博市',2,'370000'),(172,'370400','枣庄市',2,'370000'),(173,'370500','东营市',2,'370000'),(174,'370600','烟台市',2,'370000'),(175,'370700','潍坊市',2,'370000'),(176,'370800','济宁市',2,'370000'),(177,'370900','泰安市',2,'370000'),(178,'371000','威海市',2,'370000'),(179,'371100','日照市',2,'370000'),(180,'371200','莱芜市',2,'370000'),(181,'371300','临沂市',2,'370000'),(182,'371400','德州市',2,'370000'),(183,'371500','聊城市',2,'370000'),(184,'371600','滨州市',2,'370000'),(185,'371700','菏泽市',2,'370000'),(186,'410100','郑州市',2,'410000'),(187,'410200','开封市',2,'410000'),(188,'410300','洛阳市',2,'410000'),(189,'410400','平顶山市',2,'410000'),(190,'410500','安阳市',2,'410000'),(191,'410600','鹤壁市',2,'410000'),(192,'410700','新乡市',2,'410000'),(193,'410800','焦作市',2,'410000'),(194,'410900','濮阳市',2,'410000'),(195,'411000','许昌市',2,'410000'),(196,'411100','漯河市',2,'410000'),(197,'411200','三门峡市',2,'410000'),(198,'411300','南阳市',2,'410000'),(199,'411400','商丘市',2,'410000'),(200,'411500','信阳市',2,'410000'),(201,'411600','周口市',2,'410000'),(202,'411700','驻马店市',2,'410000'),(203,'420100','武汉市',2,'420000'),(204,'420200','黄石市',2,'420000'),(205,'420300','十堰市',2,'420000'),(206,'420500','宜昌市',2,'420000'),(207,'420600','襄阳市',2,'420000'),(208,'420700','鄂州市',2,'420000'),(209,'420800','荆门市',2,'420000'),(210,'420900','孝感市',2,'420000'),(211,'421000','荆州市',2,'420000'),(212,'421100','黄冈市',2,'420000'),(213,'421200','咸宁市',2,'420000'),(214,'421300','随州市',2,'420000'),(215,'422800','恩施土家族苗族自治州',2,'420000'),(216,'429000','省直辖县级行政区划',2,'420000'),(217,'430100','长沙市',2,'430000'),(218,'430200','株洲市',2,'430000'),(219,'430300','湘潭市',2,'430000'),(220,'430400','衡阳市',2,'430000'),(221,'430500','邵阳市',2,'430000'),(222,'430600','岳阳市',2,'430000'),(223,'430700','常德市',2,'430000'),(224,'430800','张家界市',2,'430000'),(225,'430900','益阳市',2,'430000'),(226,'431000','郴州市',2,'430000'),(227,'431100','永州市',2,'430000'),(228,'431200','怀化市',2,'430000'),(229,'431300','娄底市',2,'430000'),(230,'433100','湘西土家族苗族自治州',2,'430000'),(231,'440100','广州市',2,'440000'),(232,'440200','韶关市',2,'440000'),(233,'440300','深圳市',2,'440000'),(234,'440400','珠海市',2,'440000'),(235,'440500','汕头市',2,'440000'),(236,'440600','佛山市',2,'440000'),(237,'440700','江门市',2,'440000'),(238,'440800','湛江市',2,'440000'),(239,'440900','茂名市',2,'440000'),(240,'441200','肇庆市',2,'440000'),(241,'441300','惠州市',2,'440000'),(242,'441400','梅州市',2,'440000'),(243,'441500','汕尾市',2,'440000'),(244,'441600','河源市',2,'440000'),(245,'441700','阳江市',2,'440000'),(246,'441800','清远市',2,'440000'),(247,'441900','东莞市',2,'440000'),(248,'442000','中山市',2,'440000'),(249,'445100','潮州市',2,'440000'),(250,'445200','揭阳市',2,'440000'),(251,'445300','云浮市',2,'440000'),(252,'450100','南宁市',2,'450000'),(253,'450200','柳州市',2,'450000'),(254,'450300','桂林市',2,'450000'),(255,'450400','梧州市',2,'450000'),(256,'450500','北海市',2,'450000'),(257,'450600','防城港市',2,'450000'),(258,'450700','钦州市',2,'450000'),(259,'450800','贵港市',2,'450000'),(260,'450900','玉林市',2,'450000'),(261,'451000','百色市',2,'450000'),(262,'451100','贺州市',2,'450000'),(263,'451200','河池市',2,'450000'),(264,'451300','来宾市',2,'450000'),(265,'451400','崇左市',2,'450000'),(266,'460100','海口市',2,'460000'),(267,'460200','三亚市',2,'460000'),(268,'460300','三沙市',2,'460000'),(269,'460400','儋州市',2,'460000'),(270,'469000','省直辖县级行政区划',2,'460000'),(271,'500100','市辖区',2,'500000'),(272,'500200','县',2,'500000'),(273,'510100','成都市',2,'510000'),(274,'510300','自贡市',2,'510000'),(275,'510400','攀枝花市',2,'510000'),(276,'510500','泸州市',2,'510000'),(277,'510600','德阳市',2,'510000'),(278,'510700','绵阳市',2,'510000'),(279,'510800','广元市',2,'510000'),(280,'510900','遂宁市',2,'510000'),(281,'511000','内江市',2,'510000'),(282,'511100','乐山市',2,'510000'),(283,'511300','南充市',2,'510000'),(284,'511400','眉山市',2,'510000'),(285,'511500','宜宾市',2,'510000'),(286,'511600','广安市',2,'510000'),(287,'511700','达州市',2,'510000'),(288,'511800','雅安市',2,'510000'),(289,'511900','巴中市',2,'510000'),(290,'512000','资阳市',2,'510000'),(291,'513200','阿坝藏族羌族自治州',2,'510000'),(292,'513300','甘孜藏族自治州',2,'510000'),(293,'513400','凉山彝族自治州',2,'510000'),(294,'520100','贵阳市',2,'520000'),(295,'520200','六盘水市',2,'520000'),(296,'520300','遵义市',2,'520000'),(297,'520400','安顺市',2,'520000'),(298,'520500','毕节市',2,'520000'),(299,'520600','铜仁市',2,'520000'),(300,'522300','黔西南布依族苗族自治州',2,'520000'),(301,'522600','黔东南苗族侗族自治州',2,'520000'),(302,'522700','黔南布依族苗族自治州',2,'520000'),(303,'530100','昆明市',2,'530000'),(304,'530300','曲靖市',2,'530000'),(305,'530400','玉溪市',2,'530000'),(306,'530500','保山市',2,'530000'),(307,'530600','昭通市',2,'530000'),(308,'530700','丽江市',2,'530000'),(309,'530800','普洱市',2,'530000'),(310,'530900','临沧市',2,'530000'),(311,'532300','楚雄彝族自治州',2,'530000'),(312,'532500','红河哈尼族彝族自治州',2,'530000'),(313,'532600','文山壮族苗族自治州',2,'530000'),(314,'532800','西双版纳傣族自治州',2,'530000'),(315,'532900','大理白族自治州',2,'530000'),(316,'533100','德宏傣族景颇族自治州',2,'530000'),(317,'533300','怒江傈僳族自治州',2,'530000'),(318,'533400','迪庆藏族自治州',2,'530000'),(319,'540100','拉萨市',2,'540000'),(320,'540200','日喀则市',2,'540000'),(321,'540300','昌都市',2,'540000'),(322,'540400','林芝市',2,'540000'),(323,'540500','山南市',2,'540000'),(324,'542400','那曲地区',2,'540000'),(325,'542500','阿里地区',2,'540000'),(326,'610100','西安市',2,'610000'),(327,'610200','铜川市',2,'610000'),(328,'610300','宝鸡市',2,'610000'),(329,'610400','咸阳市',2,'610000'),(330,'610500','渭南市',2,'610000'),(331,'610600','延安市',2,'610000'),(332,'610700','汉中市',2,'610000'),(333,'610800','榆林市',2,'610000'),(334,'610900','安康市',2,'610000'),(335,'611000','商洛市',2,'610000'),(336,'620100','兰州市',2,'620000'),(337,'620200','嘉峪关市',2,'620000'),(338,'620300','金昌市',2,'620000'),(339,'620400','白银市',2,'620000'),(340,'620500','天水市',2,'620000'),(341,'620600','武威市',2,'620000'),(342,'620700','张掖市',2,'620000'),(343,'620800','平凉市',2,'620000'),(344,'620900','酒泉市',2,'620000'),(345,'621000','庆阳市',2,'620000'),(346,'621100','定西市',2,'620000'),(347,'621200','陇南市',2,'620000'),(348,'622900','临夏回族自治州',2,'620000'),(349,'623000','甘南藏族自治州',2,'620000'),(350,'630100','西宁市',2,'630000'),(351,'630200','海东市',2,'630000'),(352,'632200','海北藏族自治州',2,'630000'),(353,'632300','黄南藏族自治州',2,'630000'),(354,'632500','海南藏族自治州',2,'630000'),(355,'632600','果洛藏族自治州',2,'630000'),(356,'632700','玉树藏族自治州',2,'630000'),(357,'632800','海西蒙古族藏族自治州',2,'630000'),(358,'640100','银川市',2,'640000'),(359,'640200','石嘴山市',2,'640000'),(360,'640300','吴忠市',2,'640000'),(361,'640400','固原市',2,'640000'),(362,'640500','中卫市',2,'640000'),(363,'650100','乌鲁木齐市',2,'650000'),(364,'650200','克拉玛依市',2,'650000'),(365,'650400','吐鲁番市',2,'650000'),(366,'650500','哈密市',2,'650000'),(367,'652300','昌吉回族自治州',2,'650000'),(368,'652700','博尔塔拉蒙古自治州',2,'650000'),(369,'652800','巴音郭楞蒙古自治州',2,'650000'),(370,'652900','阿克苏地区',2,'650000'),(371,'653000','克孜勒苏柯尔克孜自治州',2,'650000'),(372,'653100','喀什地区',2,'650000'),(373,'653200','和田地区',2,'650000'),(374,'654000','伊犁哈萨克自治州',2,'650000'),(375,'654200','塔城地区',2,'650000'),(376,'654300','阿勒泰地区',2,'650000'),(377,'659000','自治区直辖县级行政区划',2,'650000'),(378,'110101','东城区',3,'110100'),(379,'110102','西城区',3,'110100'),(380,'110105','朝阳区',3,'110100'),(381,'110106','丰台区',3,'110100'),(382,'110107','石景山区',3,'110100'),(383,'110108','海淀区',3,'110100'),(384,'110109','门头沟区',3,'110100'),(385,'110111','房山区',3,'110100'),(386,'110112','通州区',3,'110100'),(387,'110113','顺义区',3,'110100'),(388,'110114','昌平区',3,'110100'),(389,'110115','大兴区',3,'110100'),(390,'110116','怀柔区',3,'110100'),(391,'110117','平谷区',3,'110100'),(392,'110118','密云区',3,'110100'),(393,'110119','延庆区',3,'110100'),(394,'120101','和平区',3,'120100'),(395,'120102','河东区',3,'120100'),(396,'120103','河西区',3,'120100'),(397,'120104','南开区',3,'120100'),(398,'120105','河北区',3,'120100'),(399,'120106','红桥区',3,'120100'),(400,'120110','东丽区',3,'120100'),(401,'120111','西青区',3,'120100'),(402,'120112','津南区',3,'120100'),(403,'120113','北辰区',3,'120100'),(404,'120114','武清区',3,'120100'),(405,'120115','宝坻区',3,'120100'),(406,'120116','滨海新区',3,'120100'),(407,'120117','宁河区',3,'120100'),(408,'120118','静海区',3,'120100'),(409,'120119','蓟州区',3,'120100'),(410,'130101','市辖区',3,'130100'),(411,'130102','长安区',3,'130100'),(412,'130104','桥西区',3,'130100'),(413,'130105','新华区',3,'130100'),(414,'130107','井陉矿区',3,'130100'),(415,'130108','裕华区',3,'130100'),(416,'130109','藁城区',3,'130100'),(417,'130110','鹿泉区',3,'130100'),(418,'130111','栾城区',3,'130100'),(419,'130121','井陉县',3,'130100'),(420,'130123','正定县',3,'130100'),(421,'130125','行唐县',3,'130100'),(422,'130126','灵寿县',3,'130100'),(423,'130127','高邑县',3,'130100'),(424,'130128','深泽县',3,'130100'),(425,'130129','赞皇县',3,'130100'),(426,'130130','无极县',3,'130100'),(427,'130131','平山县',3,'130100'),(428,'130132','元氏县',3,'130100'),(429,'130133','赵县',3,'130100'),(430,'130183','晋州市',3,'130100'),(431,'130184','新乐市',3,'130100'),(432,'130201','市辖区',3,'130200'),(433,'130202','路南区',3,'130200'),(434,'130203','路北区',3,'130200'),(435,'130204','古冶区',3,'130200'),(436,'130205','开平区',3,'130200'),(437,'130207','丰南区',3,'130200'),(438,'130208','丰润区',3,'130200'),(439,'130209','曹妃甸区',3,'130200'),(440,'130223','滦县',3,'130200'),(441,'130224','滦南县',3,'130200'),(442,'130225','乐亭县',3,'130200'),(443,'130227','迁西县',3,'130200'),(444,'130229','玉田县',3,'130200'),(445,'130281','遵化市',3,'130200'),(446,'130283','迁安市',3,'130200'),(447,'130301','市辖区',3,'130300'),(448,'130302','海港区',3,'130300'),(449,'130303','山海关区',3,'130300'),(450,'130304','北戴河区',3,'130300'),(451,'130306','抚宁区',3,'130300'),(452,'130321','青龙满族自治县',3,'130300'),(453,'130322','昌黎县',3,'130300'),(454,'130324','卢龙县',3,'130300'),(455,'654026','昭苏县',3,'654000'),(456,'654027','特克斯县',3,'654000'),(457,'654028','尼勒克县',3,'654000'),(458,'654201','塔城市',3,'654200'),(459,'654202','乌苏市',3,'654200'),(460,'654221','额敏县',3,'654200'),(461,'654223','沙湾县',3,'654200'),(462,'654224','托里县',3,'654200'),(463,'654225','裕民县',3,'654200'),(464,'654226','和布克赛尔蒙古自治县',3,'654200'),(465,'654301','阿勒泰市',3,'654300'),(466,'654321','布尔津县',3,'654300'),(467,'654322','富蕴县',3,'654300'),(468,'654323','福海县',3,'654300'),(469,'654324','哈巴河县',3,'654300'),(470,'654325','青河县',3,'654300'),(471,'654326','吉木乃县',3,'654300'),(472,'659001','石河子市',3,'659000'),(473,'659002','阿拉尔市',3,'659000'),(474,'659003','图木舒克市',3,'659000'),(475,'659004','五家渠市',3,'659000'),(476,'659006','铁门关市',3,'659000'),(477,'130401','市辖区',3,'130400'),(478,'130402','邯山区',3,'130400'),(479,'130403','丛台区',3,'130400'),(480,'130404','复兴区',3,'130400'),(481,'130406','峰峰矿区',3,'130400'),(482,'130421','邯郸县',3,'130400'),(483,'130423','临漳县',3,'130400'),(484,'130424','成安县',3,'130400'),(485,'130425','大名县',3,'130400'),(486,'130426','涉县',3,'130400'),(487,'130427','磁县',3,'130400'),(488,'130428','肥乡县',3,'130400'),(489,'130429','永年县',3,'130400'),(490,'130430','邱县',3,'130400'),(491,'130431','鸡泽县',3,'130400'),(492,'130432','广平县',3,'130400'),(493,'130433','馆陶县',3,'130400'),(494,'130434','魏县',3,'130400'),(495,'130435','曲周县',3,'130400'),(496,'130481','武安市',3,'130400'),(497,'130501','市辖区',3,'130500'),(498,'130502','桥东区',3,'130500'),(499,'130503','桥西区',3,'130500'),(500,'130521','邢台县',3,'130500'),(501,'130522','临城县',3,'130500'),(502,'130523','内丘县',3,'130500'),(503,'130524','柏乡县',3,'130500'),(504,'130525','隆尧县',3,'130500'),(505,'130526','任县',3,'130500'),(506,'130527','南和县',3,'130500'),(507,'130528','宁晋县',3,'130500'),(508,'130529','巨鹿县',3,'130500'),(509,'130530','新河县',3,'130500'),(510,'130531','广宗县',3,'130500'),(511,'130532','平乡县',3,'130500'),(512,'130533','威县',3,'130500'),(513,'130534','清河县',3,'130500'),(514,'130535','临西县',3,'130500'),(515,'130581','南宫市',3,'130500'),(516,'130582','沙河市',3,'130500'),(517,'130601','市辖区',3,'130600'),(518,'130602','竞秀区',3,'130600'),(519,'130606','莲池区',3,'130600'),(520,'130607','满城区',3,'130600'),(521,'130608','清苑区',3,'130600'),(522,'130609','徐水区',3,'130600'),(523,'130623','涞水县',3,'130600'),(524,'130624','阜平县',3,'130600'),(525,'130626','定兴县',3,'130600'),(526,'130627','唐县',3,'130600'),(527,'130628','高阳县',3,'130600'),(528,'130629','容城县',3,'130600'),(529,'130630','涞源县',3,'130600'),(530,'130631','望都县',3,'130600'),(531,'130632','安新县',3,'130600'),(532,'130633','易县',3,'130600'),(533,'130634','曲阳县',3,'130600'),(534,'130635','蠡县',3,'130600'),(535,'130636','顺平县',3,'130600'),(536,'130637','博野县',3,'130600'),(537,'130638','雄县',3,'130600'),(538,'130681','涿州市',3,'130600'),(539,'130683','安国市',3,'130600'),(540,'130684','高碑店市',3,'130600'),(541,'130701','市辖区',3,'130700'),(542,'130702','桥东区',3,'130700'),(543,'130703','桥西区',3,'130700'),(544,'130705','宣化区',3,'130700'),(545,'130706','下花园区',3,'130700'),(546,'130708','万全区',3,'130700'),(547,'130709','崇礼区',3,'130700'),(548,'130722','张北县',3,'130700'),(549,'130723','康保县',3,'130700'),(550,'130724','沽源县',3,'130700'),(551,'130725','尚义县',3,'130700'),(552,'130726','蔚县',3,'130700'),(553,'130727','阳原县',3,'130700'),(554,'130728','怀安县',3,'130700'),(555,'130730','怀来县',3,'130700'),(556,'130731','涿鹿县',3,'130700'),(557,'130732','赤城县',3,'130700'),(558,'130801','市辖区',3,'130800'),(559,'130802','双桥区',3,'130800'),(560,'130803','双滦区',3,'130800'),(561,'130804','鹰手营子矿区',3,'130800'),(562,'130821','承德县',3,'130800'),(563,'130822','兴隆县',3,'130800'),(564,'130823','平泉县',3,'130800'),(565,'130824','滦平县',3,'130800'),(566,'130825','隆化县',3,'130800'),(567,'130826','丰宁满族自治县',3,'130800'),(568,'130827','宽城满族自治县',3,'130800'),(569,'130828','围场满族蒙古族自治县',3,'130800'),(570,'130901','市辖区',3,'130900'),(571,'130902','新华区',3,'130900'),(572,'130903','运河区',3,'130900'),(573,'130921','沧县',3,'130900'),(574,'130922','青县',3,'130900'),(575,'130923','东光县',3,'130900'),(576,'130924','海兴县',3,'130900'),(577,'130925','盐山县',3,'130900'),(578,'130926','肃宁县',3,'130900'),(579,'130927','南皮县',3,'130900'),(580,'130928','吴桥县',3,'130900'),(581,'130929','献县',3,'130900'),(582,'130930','孟村回族自治县',3,'130900'),(583,'130981','泊头市',3,'130900'),(584,'130982','任丘市',3,'130900'),(585,'130983','黄骅市',3,'130900'),(586,'130984','河间市',3,'130900'),(587,'131001','市辖区',3,'131000'),(588,'131002','安次区',3,'131000'),(589,'131003','广阳区',3,'131000'),(590,'131022','固安县',3,'131000'),(591,'131023','永清县',3,'131000'),(592,'131024','香河县',3,'131000'),(593,'131025','大城县',3,'131000'),(594,'131026','文安县',3,'131000'),(595,'131028','大厂回族自治县',3,'131000'),(596,'131081','霸州市',3,'131000'),(597,'131081','霸州市',3,'131000'),(598,'131082','三河市',3,'131000'),(599,'131101','市辖区',3,'131100'),(600,'131102','桃城区',3,'131100'),(601,'131103','冀州区',3,'131100'),(602,'131121','枣强县',3,'131100'),(603,'131122','武邑县',3,'131100'),(604,'131123','武强县',3,'131100'),(605,'131124','饶阳县',3,'131100'),(606,'131125','安平县',3,'131100'),(607,'131126','故城县',3,'131100'),(608,'131127','景县',3,'131100'),(609,'131128','阜城县',3,'131100'),(610,'131182','深州市',3,'131100'),(611,'139001','定州市',3,'139000'),(612,'139002','辛集市',3,'139000'),(613,'140101','市辖区',3,'140100'),(614,'140105','小店区',3,'140100'),(615,'140106','迎泽区',3,'140100'),(616,'140107','杏花岭区',3,'140100'),(617,'140108','尖草坪区',3,'140100'),(618,'140109','万柏林区',3,'140100'),(619,'140110','晋源区',3,'140100'),(620,'140121','清徐县',3,'140100'),(621,'140122','阳曲县',3,'140100'),(622,'140123','娄烦县',3,'140100'),(623,'140181','古交市',3,'140100'),(624,'140201','市辖区',3,'140200'),(625,'140202','城区',3,'140200'),(626,'140203','矿区',3,'140200'),(627,'140211','南郊区',3,'140200'),(628,'140212','新荣区',3,'140200'),(629,'140221','阳高县',3,'140200'),(630,'140222','天镇县',3,'140200'),(631,'140223','广灵县',3,'140200'),(632,'140224','灵丘县',3,'140200'),(633,'140225','浑源县',3,'140200'),(634,'140226','左云县',3,'140200'),(635,'140227','大同县',3,'140200'),(636,'140301','市辖区',3,'140300'),(637,'140302','城区',3,'140300'),(638,'140303','矿区',3,'140300'),(639,'140311','郊区',3,'140300'),(640,'140321','平定县',3,'140300'),(641,'140322','盂县',3,'140300'),(642,'140401','市辖区',3,'140400'),(643,'140402','城区',3,'140400'),(644,'140411','郊区',3,'140400'),(645,'140421','长治县',3,'140400'),(646,'140423','襄垣县',3,'140400'),(647,'140424','屯留县',3,'140400'),(648,'140425','平顺县',3,'140400'),(649,'140426','黎城县',3,'140400'),(650,'140427','壶关县',3,'140400'),(651,'140428','长子县',3,'140400'),(652,'140429','武乡县',3,'140400'),(653,'140430','沁县',3,'140400'),(654,'140431','沁源县',3,'140400'),(655,'140481','潞城市',3,'140400'),(656,'140501','市辖区',3,'140500'),(657,'140502','城区',3,'140500'),(658,'140521','沁水县',3,'140500'),(659,'140522','阳城县',3,'140500'),(660,'140524','陵川县',3,'140500'),(661,'140525','泽州县',3,'140500'),(662,'140581','高平市',3,'140500'),(663,'140601','市辖区',3,'140600'),(664,'140602','朔城区',3,'140600'),(665,'140603','平鲁区',3,'140600'),(666,'140621','山阴县',3,'140600'),(667,'140622','应县',3,'140600'),(668,'140623','右玉县',3,'140600'),(669,'140624','怀仁县',3,'140600'),(670,'140701','市辖区',3,'140700'),(671,'140702','榆次区',3,'140700'),(672,'140721','榆社县',3,'140700'),(673,'140722','左权县',3,'140700'),(674,'140723','和顺县',3,'140700'),(675,'140724','昔阳县',3,'140700'),(676,'140725','寿阳县',3,'140700'),(677,'140726','太谷县',3,'140700'),(678,'140727','祁县',3,'140700'),(679,'140728','平遥县',3,'140700'),(680,'140729','灵石县',3,'140700'),(681,'140781','介休市',3,'140700'),(682,'140801','市辖区',3,'140800'),(683,'140802','盐湖区',3,'140800'),(684,'140821','临猗县',3,'140800'),(685,'140822','万荣县',3,'140800'),(686,'140823','闻喜县',3,'140800'),(687,'140824','稷山县',3,'140800'),(688,'140825','新绛县',3,'140800'),(689,'140826','绛县',3,'140800'),(690,'140827','垣曲县',3,'140800'),(691,'140828','夏县',3,'140800'),(692,'140829','平陆县',3,'140800'),(693,'140830','芮城县',3,'140800'),(694,'140881','永济市',3,'140800'),(695,'140882','河津市',3,'140800'),(696,'140901','市辖区',3,'140900'),(697,'140902','忻府区',3,'140900'),(698,'140921','定襄县',3,'140900'),(699,'140922','五台县',3,'140900'),(700,'140923','代县',3,'140900'),(701,'140924','繁峙县',3,'140900'),(702,'140925','宁武县',3,'140900'),(703,'140926','静乐县',3,'140900'),(704,'140927','神池县',3,'140900'),(705,'140928','五寨县',3,'140900'),(706,'140929','岢岚县',3,'140900'),(707,'140930','河曲县',3,'140900'),(708,'140931','保德县',3,'140900'),(709,'140932','偏关县',3,'140900'),(710,'140981','原平市',3,'140900'),(711,'141001','市辖区',3,'141000'),(712,'141002','尧都区',3,'141000'),(713,'141021','曲沃县',3,'141000'),(714,'141022','翼城县',3,'141000'),(715,'141023','襄汾县',3,'141000'),(716,'141024','洪洞县',3,'141000'),(717,'141025','古县',3,'141000'),(718,'141026','安泽县',3,'141000'),(719,'141027','浮山县',3,'141000'),(720,'141028','吉县',3,'141000'),(721,'141029','乡宁县',3,'141000'),(722,'141030','大宁县',3,'141000'),(723,'141031','隰县',3,'141000'),(724,'141032','永和县',3,'141000'),(725,'141033','蒲县',3,'141000'),(726,'141034','汾西县',3,'141000'),(727,'141081','侯马市',3,'141000'),(728,'141082','霍州市',3,'141000'),(729,'141101','市辖区',3,'141100'),(730,'141102','离石区',3,'141100'),(731,'141121','文水县',3,'141100'),(732,'141122','交城县',3,'141100'),(733,'141123','兴县',3,'141100'),(734,'141124','临县',3,'141100'),(735,'141125','柳林县',3,'141100'),(736,'141126','石楼县',3,'141100'),(737,'141127','岚县',3,'141100'),(738,'141128','方山县',3,'141100'),(739,'141129','中阳县',3,'141100'),(740,'141130','交口县',3,'141100'),(741,'141181','孝义市',3,'141100'),(742,'141182','汾阳市',3,'141100'),(743,'150101','市辖区',3,'150100'),(744,'150102','新城区',3,'150100'),(745,'150103','回民区',3,'150100'),(746,'150104','玉泉区',3,'150100'),(747,'150105','赛罕区',3,'150100'),(748,'150121','土默特左旗',3,'150100'),(749,'150122','托克托县',3,'150100'),(750,'150123','和林格尔县',3,'150100'),(751,'150124','清水河县',3,'150100'),(752,'150125','武川县',3,'150100'),(753,'150201','市辖区',3,'150200'),(754,'150202','东河区',3,'150200'),(755,'150203','昆都仑区',3,'150200'),(756,'150204','青山区',3,'150200'),(757,'150205','石拐区',3,'150200'),(758,'150206','白云鄂博矿区',3,'150200'),(759,'150207','九原区',3,'150200'),(760,'150221','土默特右旗',3,'150200'),(761,'150222','固阳县',3,'150200'),(762,'150223','达尔罕茂明安联合旗',3,'150200'),(763,'150301','市辖区',3,'150300'),(764,'150302','海勃湾区',3,'150300'),(765,'150303','海南区',3,'150300'),(766,'150304','乌达区',3,'150300'),(767,'150401','市辖区',3,'150400'),(768,'150402','红山区',3,'150400'),(769,'150403','元宝山区',3,'150400'),(770,'150404','松山区',3,'150400'),(771,'150421','阿鲁科尔沁旗',3,'150400'),(772,'150422','巴林左旗',3,'150400'),(773,'150423','巴林右旗',3,'150400'),(774,'150424','林西县',3,'150400'),(775,'150425','克什克腾旗',3,'150400'),(776,'150426','翁牛特旗',3,'150400'),(777,'150428','喀喇沁旗',3,'150400'),(778,'150429','宁城县',3,'150400'),(779,'150430','敖汉旗',3,'150400'),(780,'150501','市辖区',3,'150500'),(781,'150502','科尔沁区',3,'150500'),(782,'150521','科尔沁左翼中旗',3,'150500'),(783,'150522','科尔沁左翼后旗',3,'150500'),(784,'150523','开鲁县',3,'150500'),(785,'150524','库伦旗',3,'150500'),(786,'150525','奈曼旗',3,'150500'),(787,'150526','扎鲁特旗',3,'150500'),(788,'150581','霍林郭勒市',3,'150500'),(789,'150601','市辖区',3,'150600'),(790,'150602','东胜区',3,'150600'),(791,'150603','康巴什区',3,'150600'),(792,'150621','达拉特旗',3,'150600'),(793,'150622','准格尔旗',3,'150600'),(794,'150623','鄂托克前旗',3,'150600'),(795,'150624','鄂托克旗',3,'150600'),(796,'150625','杭锦旗',3,'150600'),(797,'150626','乌审旗',3,'150600'),(798,'150627','伊金霍洛旗',3,'150600'),(799,'150701','市辖区',3,'150700'),(800,'150702','海拉尔区',3,'150700'),(801,'150703','扎赉诺尔区',3,'150700'),(802,'150721','阿荣旗',3,'150700'),(803,'150722','莫力达瓦达斡尔族自治旗',3,'150700'),(804,'150723','鄂伦春自治旗',3,'150700'),(805,'150724','鄂温克族自治旗',3,'150700'),(806,'150725','陈巴尔虎旗',3,'150700'),(807,'150726','新巴尔虎左旗',3,'150700'),(808,'150727','新巴尔虎右旗',3,'150700'),(809,'150781','满洲里市',3,'150700'),(810,'150782','牙克石市',3,'150700'),(811,'150783','扎兰屯市',3,'150700'),(812,'150784','额尔古纳市',3,'150700'),(813,'150785','根河市',3,'150700'),(814,'150801','市辖区',3,'150800'),(815,'150802','临河区',3,'150800'),(816,'150821','五原县',3,'150800'),(817,'150822','磴口县',3,'150800'),(818,'150823','乌拉特前旗',3,'150800'),(819,'150824','乌拉特中旗',3,'150800'),(820,'150825','乌拉特后旗',3,'150800'),(821,'150826','杭锦后旗',3,'150800'),(822,'150901','市辖区',3,'150900'),(823,'150902','集宁区',3,'150900'),(824,'150921','卓资县',3,'150900'),(825,'150922','化德县',3,'150900'),(826,'150923','商都县',3,'150900'),(827,'150924','兴和县',3,'150900'),(828,'150925','凉城县',3,'150900'),(829,'150926','察哈尔右翼前旗',3,'150900'),(830,'150927','察哈尔右翼中旗',3,'150900'),(831,'150928','察哈尔右翼后旗',3,'150900'),(832,'150929','四子王旗',3,'150900'),(833,'150981','丰镇市',3,'150900'),(834,'152201','乌兰浩特市',3,'152200'),(835,'152202','阿尔山市',3,'152200'),(836,'152221','科尔沁右翼前旗',3,'152200'),(837,'152222','科尔沁右翼中旗',3,'152200'),(838,'152223','扎赉特旗',3,'152200'),(839,'152224','突泉县',3,'152200'),(840,'152501','二连浩特市',3,'152500'),(841,'152502','锡林浩特市',3,'152500'),(842,'152522','阿巴嘎旗',3,'152500'),(843,'152523','苏尼特左旗',3,'152500'),(844,'152524','苏尼特右旗',3,'152500'),(845,'152525','东乌珠穆沁旗',3,'152500'),(846,'152526','西乌珠穆沁旗',3,'152500'),(847,'152527','太仆寺旗',3,'152500'),(848,'152528','镶黄旗',3,'152500'),(849,'152529','正镶白旗',3,'152500'),(850,'152530','正蓝旗',3,'152500'),(851,'152531','多伦县',3,'152500'),(852,'152921','阿拉善左旗',3,'152900'),(853,'152922','阿拉善右旗',3,'152900'),(854,'152923','额济纳旗',3,'152900'),(855,'210101','市辖区',3,'210100'),(856,'210102','和平区',3,'210100'),(857,'210103','沈河区',3,'210100'),(858,'210104','大东区',3,'210100'),(859,'210105','皇姑区',3,'210100'),(860,'210106','铁西区',3,'210100'),(861,'210111','苏家屯区',3,'210100'),(862,'210112','浑南区',3,'210100'),(863,'210113','沈北新区',3,'210100'),(864,'210114','于洪区',3,'210100'),(865,'210115','辽中区',3,'210100'),(866,'210123','康平县',3,'210100'),(867,'210124','法库县',3,'210100'),(868,'210181','新民市',3,'210100'),(869,'210201','市辖区',3,'210200'),(870,'210202','中山区',3,'210200'),(871,'210203','西岗区',3,'210200'),(872,'210204','沙河口区',3,'210200'),(873,'210211','甘井子区',3,'210200'),(874,'210212','旅顺口区',3,'210200'),(875,'210213','金州区',3,'210200'),(876,'210214','普兰店区',3,'210200'),(877,'210224','长海县',3,'210200'),(878,'210281','瓦房店市',3,'210200'),(879,'210283','庄河市',3,'210200'),(880,'210301','市辖区',3,'210300'),(881,'210302','铁东区',3,'210300'),(882,'210303','铁西区',3,'210300'),(883,'210304','立山区',3,'210300'),(884,'210311','千山区',3,'210300'),(885,'210321','台安县',3,'210300'),(886,'210323','岫岩满族自治县',3,'210300'),(887,'210381','海城市',3,'210300'),(888,'210401','市辖区',3,'210400'),(889,'210402','新抚区',3,'210400'),(890,'210403','东洲区',3,'210400'),(891,'210404','望花区',3,'210400'),(892,'210411','顺城区',3,'210400'),(893,'210421','抚顺县',3,'210400'),(894,'210422','新宾满族自治县',3,'210400'),(895,'210423','清原满族自治县',3,'210400'),(896,'210501','市辖区',3,'210500'),(897,'210502','平山区',3,'210500'),(898,'210503','溪湖区',3,'210500'),(899,'210504','明山区',3,'210500'),(900,'210505','南芬区',3,'210500'),(901,'210521','本溪满族自治县',3,'210500'),(902,'210522','桓仁满族自治县',3,'210500'),(903,'210601','市辖区',3,'210600'),(904,'210602','元宝区',3,'210600'),(905,'210603','振兴区',3,'210600'),(906,'210604','振安区',3,'210600'),(907,'210624','宽甸满族自治县',3,'210600'),(908,'210681','东港市',3,'210600'),(909,'210682','凤城市',3,'210600'),(910,'210701','市辖区',3,'210700'),(911,'210702','古塔区',3,'210700'),(912,'210703','凌河区',3,'210700'),(913,'210711','太和区',3,'210700'),(914,'210726','黑山县',3,'210700'),(915,'210727','义县',3,'210700'),(916,'210781','凌海市',3,'210700'),(917,'210782','北镇市',3,'210700'),(918,'210801','市辖区',3,'210800'),(919,'210802','站前区',3,'210800'),(920,'210803','西市区',3,'210800'),(921,'210804','鲅鱼圈区',3,'210800'),(922,'210811','老边区',3,'210800'),(923,'210881','盖州市',3,'210800'),(924,'210882','大石桥市',3,'210800'),(925,'210901','市辖区',3,'210900'),(926,'210902','海州区',3,'210900'),(927,'210903','新邱区',3,'210900'),(928,'210904','太平区',3,'210900'),(929,'210905','清河门区',3,'210900'),(930,'210911','细河区',3,'210900'),(931,'210921','阜新蒙古族自治县',3,'210900'),(932,'210922','彰武县',3,'210900'),(933,'211001','市辖区',3,'211000'),(934,'211002','白塔区',3,'211000'),(935,'211003','文圣区',3,'211000'),(936,'211004','宏伟区',3,'211000'),(937,'211005','弓长岭区',3,'211000'),(938,'211011','太子河区',3,'211000'),(939,'211021','辽阳县',3,'211000'),(940,'211081','灯塔市',3,'211000'),(941,'211101','市辖区',3,'211100'),(942,'211102','双台子区',3,'211100'),(943,'211103','兴隆台区',3,'211100'),(944,'211104','大洼区',3,'211100'),(945,'211122','盘山县',3,'211100'),(946,'211201','市辖区',3,'211200'),(947,'211202','银州区',3,'211200'),(948,'211204','清河区',3,'211200'),(949,'211221','铁岭县',3,'211200'),(950,'211223','西丰县',3,'211200'),(951,'211224','昌图县',3,'211200'),(952,'211281','调兵山市',3,'211200'),(953,'211282','开原市',3,'211200'),(954,'211301','市辖区',3,'211300'),(955,'211302','双塔区',3,'211300'),(956,'211303','龙城区',3,'211300'),(957,'211321','朝阳县',3,'211300'),(958,'211322','建平县',3,'211300'),(959,'211324','喀喇沁左翼蒙古族自治县',3,'211300'),(960,'211381','北票市',3,'211300'),(961,'211382','凌源市',3,'211300'),(962,'211401','市辖区',3,'211400'),(963,'211402','连山区',3,'211400'),(964,'211403','龙港区',3,'211400'),(965,'211404','南票区',3,'211400'),(966,'211421','绥中县',3,'211400'),(967,'211422','建昌县',3,'211400'),(968,'211481','兴城市',3,'211400'),(969,'220101','市辖区',3,'220100'),(970,'220102','南关区',3,'220100'),(971,'220103','宽城区',3,'220100'),(972,'220104','朝阳区',3,'220100'),(973,'220105','二道区',3,'220100'),(974,'220106','绿园区',3,'220100'),(975,'220112','双阳区',3,'220100'),(976,'220113','九台区',3,'220100'),(977,'220122','农安县',3,'220100'),(978,'220182','榆树市',3,'220100'),(979,'220183','德惠市',3,'220100'),(980,'220201','市辖区',3,'220200'),(981,'220202','昌邑区',3,'220200'),(982,'220203','龙潭区',3,'220200'),(983,'220204','船营区',3,'220200'),(984,'220211','丰满区',3,'220200'),(985,'220221','永吉县',3,'220200'),(986,'220281','蛟河市',3,'220200'),(987,'220282','桦甸市',3,'220200'),(988,'220283','舒兰市',3,'220200'),(989,'220284','磐石市',3,'220200'),(990,'220301','市辖区',3,'220300'),(991,'220302','铁西区',3,'220300'),(992,'220303','铁东区',3,'220300'),(993,'220322','梨树县',3,'220300'),(994,'220323','伊通满族自治县',3,'220300'),(995,'220381','公主岭市',3,'220300'),(996,'220382','双辽市',3,'220300'),(997,'220401','市辖区',3,'220400'),(998,'220402','龙山区',3,'220400'),(999,'220403','西安区',3,'220400'),(1000,'220421','东丰县',3,'220400'),(1001,'220422','东辽县',3,'220400'),(1002,'220501','市辖区',3,'220500'),(1003,'220502','东昌区',3,'220500'),(1004,'220503','二道江区',3,'220500'),(1005,'220521','通化县',3,'220500'),(1006,'220523','辉南县',3,'220500'),(1007,'220524','柳河县',3,'220500'),(1008,'220581','梅河口市',3,'220500'),(1009,'220582','集安市',3,'220500'),(1010,'220601','市辖区',3,'220600'),(1011,'220602','浑江区',3,'220600'),(1012,'220605','江源区',3,'220600'),(1013,'220621','抚松县',3,'220600'),(1014,'220622','靖宇县',3,'220600'),(1015,'220623','长白朝鲜族自治县',3,'220600'),(1016,'220681','临江市',3,'220600'),(1017,'220701','市辖区',3,'220700'),(1018,'220702','宁江区',3,'220700'),(1019,'220721','前郭尔罗斯蒙古族自治县',3,'220700'),(1020,'220722','长岭县',3,'220700'),(1021,'220723','乾安县',3,'220700'),(1022,'220781','扶余市',3,'220700'),(1023,'220801','市辖区',3,'220800'),(1024,'220802','洮北区',3,'220800'),(1025,'220821','镇赉县',3,'220800'),(1026,'220822','通榆县',3,'220800'),(1027,'220881','洮南市',3,'220800'),(1028,'220882','大安市',3,'220800'),(1029,'222401','延吉市',3,'222400'),(1030,'222402','图们市',3,'222400'),(1031,'222403','敦化市',3,'222400'),(1032,'222404','珲春市',3,'222400'),(1033,'222405','龙井市',3,'222400'),(1034,'222406','和龙市',3,'222400'),(1035,'222424','汪清县',3,'222400'),(1036,'222426','安图县',3,'222400'),(1037,'230101','市辖区',3,'230100'),(1038,'230102','道里区',3,'230100'),(1039,'230103','南岗区',3,'230100'),(1040,'230104','道外区',3,'230100'),(1041,'230108','平房区',3,'230100'),(1042,'230109','松北区',3,'230100'),(1043,'230110','香坊区',3,'230100'),(1044,'230111','呼兰区',3,'230100'),(1045,'230112','阿城区',3,'230100'),(1046,'230113','双城区',3,'230100'),(1047,'230123','依兰县',3,'230100'),(1048,'230124','方正县',3,'230100'),(1049,'230125','宾县',3,'230100'),(1050,'230126','巴彦县',3,'230100'),(1051,'230127','木兰县',3,'230100'),(1052,'230128','通河县',3,'230100'),(1053,'230129','延寿县',3,'230100'),(1054,'230183','尚志市',3,'230100'),(1055,'230184','五常市',3,'230100'),(1056,'230201','市辖区',3,'230200'),(1057,'230202','龙沙区',3,'230200'),(1058,'230203','建华区',3,'230200'),(1059,'230204','铁锋区',3,'230200'),(1060,'230205','昂昂溪区',3,'230200'),(1061,'230206','富拉尔基区',3,'230200'),(1062,'230207','碾子山区',3,'230200'),(1063,'230208','梅里斯达斡尔族区',3,'230200'),(1064,'230221','龙江县',3,'230200'),(1065,'230223','依安县',3,'230200'),(1066,'230224','泰来县',3,'230200'),(1067,'230225','甘南县',3,'230200'),(1068,'230227','富裕县',3,'230200'),(1069,'230229','克山县',3,'230200'),(1070,'230230','克东县',3,'230200'),(1071,'230231','拜泉县',3,'230200'),(1072,'230281','讷河市',3,'230200'),(1073,'230301','市辖区',3,'230300'),(1074,'230302','鸡冠区',3,'230300'),(1075,'230303','恒山区',3,'230300'),(1076,'230304','滴道区',3,'230300'),(1077,'230305','梨树区',3,'230300'),(1078,'230306','城子河区',3,'230300'),(1079,'230307','麻山区',3,'230300'),(1080,'230321','鸡东县',3,'230300'),(1081,'230381','虎林市',3,'230300'),(1082,'230382','密山市',3,'230300'),(1083,'230401','市辖区',3,'230400'),(1084,'230402','向阳区',3,'230400'),(1085,'230403','工农区',3,'230400'),(1086,'230404','南山区',3,'230400'),(1087,'230405','兴安区',3,'230400'),(1088,'230406','东山区',3,'230400'),(1089,'230407','兴山区',3,'230400'),(1090,'230421','萝北县',3,'230400'),(1091,'230422','绥滨县',3,'230400'),(1092,'230501','市辖区',3,'230500'),(1093,'230502','尖山区',3,'230500'),(1094,'230503','岭东区',3,'230500'),(1095,'230505','四方台区',3,'230500'),(1096,'230506','宝山区',3,'230500'),(1097,'230521','集贤县',3,'230500'),(1098,'230522','友谊县',3,'230500'),(1099,'230523','宝清县',3,'230500'),(1100,'230524','饶河县',3,'230500'),(1101,'230601','市辖区',3,'230600'),(1102,'230602','萨尔图区',3,'230600'),(1103,'230603','龙凤区',3,'230600'),(1104,'230604','让胡路区',3,'230600'),(1105,'230605','红岗区',3,'230600'),(1106,'230606','大同区',3,'230600'),(1107,'230621','肇州县',3,'230600'),(1108,'230622','肇源县',3,'230600'),(1109,'230623','林甸县',3,'230600'),(1110,'230624','杜尔伯特蒙古族自治县',3,'230600'),(1111,'230701','市辖区',3,'230700'),(1112,'230702','伊春区',3,'230700'),(1113,'230703','南岔区',3,'230700'),(1114,'230704','友好区',3,'230700'),(1115,'230705','西林区',3,'230700'),(1116,'230706','翠峦区',3,'230700'),(1117,'230707','新青区',3,'230700'),(1118,'230708','美溪区',3,'230700'),(1119,'230709','金山屯区',3,'230700'),(1120,'230710','五营区',3,'230700'),(1121,'230711','乌马河区',3,'230700'),(1122,'230712','汤旺河区',3,'230700'),(1123,'230713','带岭区',3,'230700'),(1124,'230714','乌伊岭区',3,'230700'),(1125,'230715','红星区',3,'230700'),(1126,'230716','上甘岭区',3,'230700'),(1127,'230722','嘉荫县',3,'230700'),(1128,'230781','铁力市',3,'230700'),(1129,'230801','市辖区',3,'230800'),(1130,'230803','向阳区',3,'230800'),(1131,'230804','前进区',3,'230800'),(1132,'230805','东风区',3,'230800'),(1133,'230811','郊区',3,'230800'),(1134,'230822','桦南县',3,'230800'),(1135,'230826','桦川县',3,'230800'),(1136,'230828','汤原县',3,'230800'),(1137,'230881','同江市',3,'230800'),(1138,'230882','富锦市',3,'230800'),(1139,'230883','抚远市',3,'230800'),(1140,'230901','市辖区',3,'230900'),(1141,'230902','新兴区',3,'230900'),(1142,'230903','桃山区',3,'230900'),(1143,'230904','茄子河区',3,'230900'),(1144,'230921','勃利县',3,'230900'),(1145,'231001','市辖区',3,'231000'),(1146,'231002','东安区',3,'231000'),(1147,'231003','阳明区',3,'231000'),(1148,'231004','爱民区',3,'231000'),(1149,'231005','西安区',3,'231000'),(1150,'231025','林口县',3,'231000'),(1151,'231081','绥芬河市',3,'231000'),(1152,'231083','海林市',3,'231000'),(1153,'231084','宁安市',3,'231000'),(1154,'231085','穆棱市',3,'231000'),(1155,'231086','东宁市',3,'231000'),(1156,'231101','市辖区',3,'231100'),(1157,'231102','爱辉区',3,'231100'),(1158,'231121','嫩江县',3,'231100'),(1159,'231123','逊克县',3,'231100'),(1160,'231124','孙吴县',3,'231100'),(1161,'231181','北安市',3,'231100'),(1162,'231182','五大连池市',3,'231100'),(1163,'231201','市辖区',3,'231200'),(1164,'231202','北林区',3,'231200'),(1165,'231221','望奎县',3,'231200'),(1166,'231222','兰西县',3,'231200'),(1167,'231223','青冈县',3,'231200'),(1168,'231224','庆安县',3,'231200'),(1169,'231225','明水县',3,'231200'),(1170,'231226','绥棱县',3,'231200'),(1171,'231281','安达市',3,'231200'),(1172,'231282','肇东市',3,'231200'),(1173,'231283','海伦市',3,'231200'),(1174,'232721','呼玛县',3,'232700'),(1175,'232722','塔河县',3,'232700'),(1176,'232723','漠河县',3,'232700'),(1177,'310101','黄浦区',3,'310100'),(1178,'310104','徐汇区',3,'310100'),(1179,'310105','长宁区',3,'310100'),(1180,'310106','静安区',3,'310100'),(1181,'310107','普陀区',3,'310100'),(1182,'310109','虹口区',3,'310100'),(1183,'310110','杨浦区',3,'310100'),(1184,'310112','闵行区',3,'310100'),(1185,'310113','宝山区',3,'310100'),(1186,'310114','嘉定区',3,'310100'),(1187,'310115','浦东新区',3,'310100'),(1188,'310116','金山区',3,'310100'),(1189,'310117','松江区',3,'310100'),(1190,'310118','青浦区',3,'310100'),(1191,'310120','奉贤区',3,'310100'),(1192,'310151','崇明区',3,'310100'),(1193,'320101','市辖区',3,'320100'),(1194,'320102','玄武区',3,'320100'),(1195,'320104','秦淮区',3,'320100'),(1196,'320105','建邺区',3,'320100'),(1197,'320106','鼓楼区',3,'320100'),(1198,'320111','浦口区',3,'320100'),(1199,'320113','栖霞区',3,'320100'),(1200,'320114','雨花台区',3,'320100'),(1201,'320115','江宁区',3,'320100'),(1202,'320116','六合区',3,'320100'),(1203,'320117','溧水区',3,'320100'),(1204,'320118','高淳区',3,'320100'),(1205,'320201','市辖区',3,'320200'),(1206,'320205','锡山区',3,'320200'),(1207,'320206','惠山区',3,'320200'),(1208,'320211','滨湖区',3,'320200'),(1209,'320213','梁溪区',3,'320200'),(1210,'320214','新吴区',3,'320200'),(1211,'320281','江阴市',3,'320200'),(1212,'320282','宜兴市',3,'320200'),(1213,'320301','市辖区',3,'320300'),(1214,'320302','鼓楼区',3,'320300'),(1215,'320303','云龙区',3,'320300'),(1216,'320305','贾汪区',3,'320300'),(1217,'320311','泉山区',3,'320300'),(1218,'320312','铜山区',3,'320300'),(1219,'320321','丰县',3,'320300'),(1220,'320322','沛县',3,'320300'),(1221,'320324','睢宁县',3,'320300'),(1222,'320381','新沂市',3,'320300'),(1223,'320382','邳州市',3,'320300'),(1224,'320401','市辖区',3,'320400'),(1225,'320402','天宁区',3,'320400'),(1226,'320404','钟楼区',3,'320400'),(1227,'320411','新北区',3,'320400'),(1228,'320412','武进区',3,'320400'),(1229,'320413','金坛区',3,'320400'),(1230,'320481','溧阳市',3,'320400'),(1231,'320501','市辖区',3,'320500'),(1232,'320505','虎丘区',3,'320500'),(1233,'320506','吴中区',3,'320500'),(1234,'320507','相城区',3,'320500'),(1235,'320508','姑苏区',3,'320500'),(1236,'320509','吴江区',3,'320500'),(1237,'320581','常熟市',3,'320500'),(1238,'320582','张家港市',3,'320500'),(1239,'320583','昆山市',3,'320500'),(1240,'320585','太仓市',3,'320500'),(1241,'320601','市辖区',3,'320600'),(1242,'320602','崇川区',3,'320600'),(1243,'320611','港闸区',3,'320600'),(1244,'320612','通州区',3,'320600'),(1245,'320621','海安县',3,'320600'),(1246,'320623','如东县',3,'320600'),(1247,'320681','启东市',3,'320600'),(1248,'320682','如皋市',3,'320600'),(1249,'320684','海门市',3,'320600'),(1250,'320701','市辖区',3,'320700'),(1251,'320703','连云区',3,'320700'),(1252,'320706','海州区',3,'320700'),(1253,'320707','赣榆区',3,'320700'),(1254,'320722','东海县',3,'320700'),(1255,'320723','灌云县',3,'320700'),(1256,'320724','灌南县',3,'320700'),(1257,'320801','市辖区',3,'320800'),(1258,'320803','淮安区',3,'320800'),(1259,'320804','淮阴区',3,'320800'),(1260,'320812','清江浦区',3,'320800'),(1261,'320813','洪泽区',3,'320800'),(1262,'320826','涟水县',3,'320800'),(1263,'320830','盱眙县',3,'320800'),(1264,'320831','金湖县',3,'320800'),(1265,'320901','市辖区',3,'320900'),(1266,'320902','亭湖区',3,'320900'),(1267,'320903','盐都区',3,'320900'),(1268,'320904','大丰区',3,'320900'),(1269,'320921','响水县',3,'320900'),(1270,'320922','滨海县',3,'320900'),(1271,'320923','阜宁县',3,'320900'),(1272,'320924','射阳县',3,'320900'),(1273,'320925','建湖县',3,'320900'),(1274,'320981','东台市',3,'320900'),(1275,'321001','市辖区',3,'321000'),(1276,'321002','广陵区',3,'321000'),(1277,'321003','邗江区',3,'321000'),(1278,'321012','江都区',3,'321000'),(1279,'321023','宝应县',3,'321000'),(1280,'321081','仪征市',3,'321000'),(1281,'321084','高邮市',3,'321000'),(1282,'321101','市辖区',3,'321100'),(1283,'321102','京口区',3,'321100'),(1284,'321111','润州区',3,'321100'),(1285,'321112','丹徒区',3,'321100'),(1286,'321181','丹阳市',3,'321100'),(1287,'321182','扬中市',3,'321100'),(1288,'321183','句容市',3,'321100'),(1289,'321201','市辖区',3,'321200'),(1290,'321202','海陵区',3,'321200'),(1291,'321203','高港区',3,'321200'),(1292,'321204','姜堰区',3,'321200'),(1293,'321281','兴化市',3,'321200'),(1294,'321282','靖江市',3,'321200'),(1295,'321283','泰兴市',3,'321200'),(1296,'321301','市辖区',3,'321300'),(1297,'321302','宿城区',3,'321300'),(1298,'321311','宿豫区',3,'321300'),(1299,'321322','沭阳县',3,'321300'),(1300,'321323','泗阳县',3,'321300'),(1301,'321324','泗洪县',3,'321300'),(1302,'330101','市辖区',3,'330100'),(1303,'330102','上城区',3,'330100'),(1304,'330103','下城区',3,'330100'),(1305,'330104','江干区',3,'330100'),(1306,'330105','拱墅区',3,'330100'),(1307,'330106','西湖区',3,'330100'),(1308,'330108','滨江区',3,'330100'),(1309,'330109','萧山区',3,'330100'),(1310,'330110','余杭区',3,'330100'),(1311,'330111','富阳区',3,'330100'),(1312,'330122','桐庐县',3,'330100'),(1313,'330127','淳安县',3,'330100'),(1314,'330182','建德市',3,'330100'),(1315,'330185','临安市',3,'330100'),(1316,'330201','市辖区',3,'330200'),(1317,'330203','海曙区',3,'330200'),(1318,'330204','江东区',3,'330200'),(1319,'330205','江北区',3,'330200'),(1320,'330206','北仑区',3,'330200'),(1321,'330211','镇海区',3,'330200'),(1322,'330212','鄞州区',3,'330200'),(1323,'330225','象山县',3,'330200'),(1324,'330226','宁海县',3,'330200'),(1325,'330281','余姚市',3,'330200'),(1326,'330282','慈溪市',3,'330200'),(1327,'330283','奉化市',3,'330200'),(1328,'330301','市辖区',3,'330300'),(1329,'330302','鹿城区',3,'330300'),(1330,'330303','龙湾区',3,'330300'),(1331,'330304','瓯海区',3,'330300'),(1332,'330305','洞头区',3,'330300'),(1333,'330324','永嘉县',3,'330300'),(1334,'330326','平阳县',3,'330300'),(1335,'330327','苍南县',3,'330300'),(1336,'330328','文成县',3,'330300'),(1337,'330329','泰顺县',3,'330300'),(1338,'330381','瑞安市',3,'330300'),(1339,'330382','乐清市',3,'330300'),(1340,'330401','市辖区',3,'330400'),(1341,'330402','南湖区',3,'330400'),(1342,'330411','秀洲区',3,'330400'),(1343,'330421','嘉善县',3,'330400'),(1344,'330424','海盐县',3,'330400'),(1345,'330481','海宁市',3,'330400'),(1346,'330482','平湖市',3,'330400'),(1347,'330483','桐乡市',3,'330400'),(1348,'330501','市辖区',3,'330500'),(1349,'330502','吴兴区',3,'330500'),(1350,'330503','南浔区',3,'330500'),(1351,'330521','德清县',3,'330500'),(1352,'330522','长兴县',3,'330500'),(1353,'330523','安吉县',3,'330500'),(1354,'330601','市辖区',3,'330600'),(1355,'330602','越城区',3,'330600'),(1356,'330603','柯桥区',3,'330600'),(1357,'330604','上虞区',3,'330600'),(1358,'330624','新昌县',3,'330600'),(1359,'330681','诸暨市',3,'330600'),(1360,'330683','嵊州市',3,'330600'),(1361,'330701','市辖区',3,'330700'),(1362,'330702','婺城区',3,'330700'),(1363,'330703','金东区',3,'330700'),(1364,'330723','武义县',3,'330700'),(1365,'330726','浦江县',3,'330700'),(1366,'330727','磐安县',3,'330700'),(1367,'330781','兰溪市',3,'330700'),(1368,'330782','义乌市',3,'330700'),(1369,'330783','东阳市',3,'330700'),(1370,'330784','永康市',3,'330700'),(1371,'330801','市辖区',3,'330800'),(1372,'330802','柯城区',3,'330800'),(1373,'330803','衢江区',3,'330800'),(1374,'330822','常山县',3,'330800'),(1375,'330824','开化县',3,'330800'),(1376,'330825','龙游县',3,'330800'),(1377,'330881','江山市',3,'330800'),(1378,'330901','市辖区',3,'330900'),(1379,'330902','定海区',3,'330900'),(1380,'330903','普陀区',3,'330900'),(1381,'330921','岱山县',3,'330900'),(1382,'330922','嵊泗县',3,'330900'),(1383,'331001','市辖区',3,'331000'),(1384,'331002','椒江区',3,'331000'),(1385,'331003','黄岩区',3,'331000'),(1386,'331004','路桥区',3,'331000'),(1387,'331021','玉环县',3,'331000'),(1388,'331022','三门县',3,'331000'),(1389,'331023','天台县',3,'331000'),(1390,'331024','仙居县',3,'331000'),(1391,'331081','温岭市',3,'331000'),(1392,'331082','临海市',3,'331000'),(1393,'331101','市辖区',3,'331100'),(1394,'331102','莲都区',3,'331100'),(1395,'331121','青田县',3,'331100'),(1396,'331122','缙云县',3,'331100'),(1397,'331123','遂昌县',3,'331100'),(1398,'331124','松阳县',3,'331100'),(1399,'331125','云和县',3,'331100'),(1400,'331126','庆元县',3,'331100'),(1401,'331127','景宁畲族自治县',3,'331100'),(1402,'331181','龙泉市',3,'331100'),(1403,'340101','市辖区',3,'340100'),(1404,'340102','瑶海区',3,'340100'),(1405,'340103','庐阳区',3,'340100'),(1406,'340104','蜀山区',3,'340100'),(1407,'340111','包河区',3,'340100'),(1408,'340121','长丰县',3,'340100'),(1409,'340122','肥东县',3,'340100'),(1410,'340123','肥西县',3,'340100'),(1411,'340124','庐江县',3,'340100'),(1412,'340181','巢湖市',3,'340100'),(1413,'340201','市辖区',3,'340200'),(1414,'340202','镜湖区',3,'340200'),(1415,'340203','弋江区',3,'340200'),(1416,'340207','鸠江区',3,'340200'),(1417,'340208','三山区',3,'340200'),(1418,'340221','芜湖县',3,'340200'),(1419,'340222','繁昌县',3,'340200'),(1420,'340223','南陵县',3,'340200'),(1421,'340225','无为县',3,'340200'),(1422,'340301','市辖区',3,'340300'),(1423,'340302','龙子湖区',3,'340300'),(1424,'340303','蚌山区',3,'340300'),(1425,'340304','禹会区',3,'340300'),(1426,'340311','淮上区',3,'340300'),(1427,'340321','怀远县',3,'340300'),(1428,'340322','五河县',3,'340300'),(1429,'340323','固镇县',3,'340300'),(1430,'340401','市辖区',3,'340400'),(1431,'340402','大通区',3,'340400'),(1432,'340403','田家庵区',3,'340400'),(1433,'340404','谢家集区',3,'340400'),(1434,'340405','八公山区',3,'340400'),(1435,'340406','潘集区',3,'340400'),(1436,'340421','凤台县',3,'340400'),(1437,'340422','寿县',3,'340400'),(1438,'340501','市辖区',3,'340500'),(1439,'340503','花山区',3,'340500'),(1440,'340504','雨山区',3,'340500'),(1441,'340506','博望区',3,'340500'),(1442,'340521','当涂县',3,'340500'),(1443,'340522','含山县',3,'340500'),(1444,'340523','和县',3,'340500'),(1445,'340601','市辖区',3,'340600'),(1446,'340602','杜集区',3,'340600'),(1447,'340603','相山区',3,'340600'),(1448,'340604','烈山区',3,'340600'),(1449,'340621','濉溪县',3,'340600'),(1450,'340701','市辖区',3,'340700'),(1451,'340705','铜官区',3,'340700'),(1452,'340706','义安区',3,'340700'),(1453,'340711','郊区',3,'340700'),(1454,'340722','枞阳县',3,'340700'),(1455,'340801','市辖区',3,'340800'),(1456,'340802','迎江区',3,'340800'),(1457,'340803','大观区',3,'340800'),(1458,'340811','宜秀区',3,'340800'),(1459,'340822','怀宁县',3,'340800'),(1460,'340824','潜山县',3,'340800'),(1461,'340825','太湖县',3,'340800'),(1462,'340826','宿松县',3,'340800'),(1463,'340827','望江县',3,'340800'),(1464,'340828','岳西县',3,'340800'),(1465,'340881','桐城市',3,'340800'),(1466,'341001','市辖区',3,'341000'),(1467,'341002','屯溪区',3,'341000'),(1468,'341003','黄山区',3,'341000'),(1469,'341004','徽州区',3,'341000'),(1470,'341021','歙县',3,'341000'),(1471,'341022','休宁县',3,'341000'),(1472,'341023','黟县',3,'341000'),(1473,'341024','祁门县',3,'341000'),(1474,'341101','市辖区',3,'341100'),(1475,'341102','琅琊区',3,'341100'),(1476,'341103','南谯区',3,'341100'),(1477,'341122','来安县',3,'341100'),(1478,'341124','全椒县',3,'341100'),(1479,'341125','定远县',3,'341100'),(1480,'341126','凤阳县',3,'341100'),(1481,'341181','天长市',3,'341100'),(1482,'341182','明光市',3,'341100'),(1483,'341201','市辖区',3,'341200'),(1484,'341202','颍州区',3,'341200'),(1485,'341203','颍东区',3,'341200'),(1486,'341204','颍泉区',3,'341200'),(1487,'341221','临泉县',3,'341200'),(1488,'341222','太和县',3,'341200'),(1489,'341225','阜南县',3,'341200'),(1490,'341226','颍上县',3,'341200'),(1491,'341282','界首市',3,'341200'),(1492,'341301','市辖区',3,'341300'),(1493,'341302','埇桥区',3,'341300'),(1494,'341321','砀山县',3,'341300'),(1495,'341322','萧县',3,'341300'),(1496,'341323','灵璧县',3,'341300'),(1497,'341324','泗县',3,'341300'),(1498,'341501','市辖区',3,'341500'),(1499,'341502','金安区',3,'341500'),(1500,'341503','裕安区',3,'341500'),(1501,'341504','叶集区',3,'341500'),(1502,'341522','霍邱县',3,'341500'),(1503,'341523','舒城县',3,'341500'),(1504,'341524','金寨县',3,'341500'),(1505,'341525','霍山县',3,'341500'),(1506,'341601','市辖区',3,'341600'),(1507,'341602','谯城区',3,'341600'),(1508,'341621','涡阳县',3,'341600'),(1509,'341622','蒙城县',3,'341600'),(1510,'341623','利辛县',3,'341600'),(1511,'341701','市辖区',3,'341700'),(1512,'341702','贵池区',3,'341700'),(1513,'341721','东至县',3,'341700'),(1514,'341722','石台县',3,'341700'),(1515,'341723','青阳县',3,'341700'),(1516,'341801','市辖区',3,'341800'),(1517,'341802','宣州区',3,'341800'),(1518,'341821','郎溪县',3,'341800'),(1519,'341822','广德县',3,'341800'),(1520,'341823','泾县',3,'341800'),(1521,'341824','绩溪县',3,'341800'),(1522,'341825','旌德县',3,'341800'),(1523,'341881','宁国市',3,'341800'),(1524,'350101','市辖区',3,'350100'),(1525,'350102','鼓楼区',3,'350100'),(1526,'350103','台江区',3,'350100'),(1527,'350104','仓山区',3,'350100'),(1528,'350105','马尾区',3,'350100'),(1529,'350111','晋安区',3,'350100'),(1530,'350121','闽侯县',3,'350100'),(1531,'350122','连江县',3,'350100'),(1532,'350123','罗源县',3,'350100'),(1533,'350124','闽清县',3,'350100'),(1534,'350125','永泰县',3,'350100'),(1535,'350128','平潭县',3,'350100'),(1536,'350181','福清市',3,'350100'),(1537,'350182','长乐市',3,'350100'),(1538,'350201','市辖区',3,'350200'),(1539,'350203','思明区',3,'350200'),(1540,'350205','海沧区',3,'350200'),(1541,'350206','湖里区',3,'350200'),(1542,'350211','集美区',3,'350200'),(1543,'350212','同安区',3,'350200'),(1544,'350213','翔安区',3,'350200'),(1545,'350301','市辖区',3,'350300'),(1546,'350302','城厢区',3,'350300'),(1547,'350303','涵江区',3,'350300'),(1548,'350304','荔城区',3,'350300'),(1549,'350305','秀屿区',3,'350300'),(1550,'350322','仙游县',3,'350300'),(1551,'350401','市辖区',3,'350400'),(1552,'350402','梅列区',3,'350400'),(1553,'350403','三元区',3,'350400'),(1554,'350421','明溪县',3,'350400'),(1555,'350423','清流县',3,'350400'),(1556,'350424','宁化县',3,'350400'),(1557,'350425','大田县',3,'350400'),(1558,'350426','尤溪县',3,'350400'),(1559,'350427','沙县',3,'350400'),(1560,'350428','将乐县',3,'350400'),(1561,'350429','泰宁县',3,'350400'),(1562,'350430','建宁县',3,'350400'),(1563,'350481','永安市',3,'350400'),(1564,'350501','市辖区',3,'350500'),(1565,'350502','鲤城区',3,'350500'),(1566,'350503','丰泽区',3,'350500'),(1567,'350504','洛江区',3,'350500'),(1568,'350505','泉港区',3,'350500'),(1569,'350521','惠安县',3,'350500'),(1570,'350524','安溪县',3,'350500'),(1571,'350525','永春县',3,'350500'),(1572,'350526','德化县',3,'350500'),(1573,'350527','金门县',3,'350500'),(1574,'350581','石狮市',3,'350500'),(1575,'350582','晋江市',3,'350500'),(1576,'350583','南安市',3,'350500'),(1577,'350601','市辖区',3,'350600'),(1578,'350602','芗城区',3,'350600'),(1579,'350603','龙文区',3,'350600'),(1580,'350622','云霄县',3,'350600'),(1581,'350623','漳浦县',3,'350600'),(1582,'350624','诏安县',3,'350600'),(1583,'350625','长泰县',3,'350600'),(1584,'350626','东山县',3,'350600'),(1585,'350627','南靖县',3,'350600'),(1586,'350628','平和县',3,'350600'),(1587,'350629','华安县',3,'350600'),(1588,'350681','龙海市',3,'350600'),(1589,'350701','市辖区',3,'350700'),(1590,'350702','延平区',3,'350700'),(1591,'350703','建阳区',3,'350700'),(1592,'350721','顺昌县',3,'350700'),(1593,'350722','浦城县',3,'350700'),(1594,'350723','光泽县',3,'350700'),(1595,'350724','松溪县',3,'350700'),(1596,'350725','政和县',3,'350700'),(1597,'350781','邵武市',3,'350700'),(1598,'350782','武夷山市',3,'350700'),(1599,'350783','建瓯市',3,'350700'),(1600,'350801','市辖区',3,'350800'),(1601,'350802','新罗区',3,'350800'),(1602,'350803','永定区',3,'350800'),(1603,'350821','长汀县',3,'350800'),(1604,'350823','上杭县',3,'350800'),(1605,'350824','武平县',3,'350800'),(1606,'350825','连城县',3,'350800'),(1607,'350881','漳平市',3,'350800'),(1608,'350901','市辖区',3,'350900'),(1609,'350902','蕉城区',3,'350900'),(1610,'350921','霞浦县',3,'350900'),(1611,'350922','古田县',3,'350900'),(1612,'350923','屏南县',3,'350900'),(1613,'350924','寿宁县',3,'350900'),(1614,'350925','周宁县',3,'350900'),(1615,'350926','柘荣县',3,'350900'),(1616,'350981','福安市',3,'350900'),(1617,'350982','福鼎市',3,'350900'),(1618,'360101','市辖区',3,'360100'),(1619,'360102','东湖区',3,'360100'),(1620,'360103','西湖区',3,'360100'),(1621,'360104','青云谱区',3,'360100'),(1622,'360105','湾里区',3,'360100'),(1623,'360111','青山湖区',3,'360100'),(1624,'360112','新建区',3,'360100'),(1625,'360121','南昌县',3,'360100'),(1626,'360123','安义县',3,'360100'),(1627,'360124','进贤县',3,'360100'),(1628,'360201','市辖区',3,'360200'),(1629,'360202','昌江区',3,'360200'),(1630,'360203','珠山区',3,'360200'),(1631,'360222','浮梁县',3,'360200'),(1632,'360281','乐平市',3,'360200'),(1633,'360301','市辖区',3,'360300'),(1634,'360302','安源区',3,'360300'),(1635,'360313','湘东区',3,'360300'),(1636,'360321','莲花县',3,'360300'),(1637,'360322','上栗县',3,'360300'),(1638,'360323','芦溪县',3,'360300'),(1639,'360401','市辖区',3,'360400'),(1640,'360402','濂溪区',3,'360400'),(1641,'360403','浔阳区',3,'360400'),(1642,'360421','九江县',3,'360400'),(1643,'360423','武宁县',3,'360400'),(1644,'360424','修水县',3,'360400'),(1645,'360425','永修县',3,'360400'),(1646,'360426','德安县',3,'360400'),(1647,'360428','都昌县',3,'360400'),(1648,'360429','湖口县',3,'360400'),(1649,'360430','彭泽县',3,'360400'),(1650,'360481','瑞昌市',3,'360400'),(1651,'360482','共青城市',3,'360400'),(1652,'360483','庐山市',3,'360400'),(1653,'360501','市辖区',3,'360500'),(1654,'360502','渝水区',3,'360500'),(1655,'360521','分宜县',3,'360500'),(1656,'360601','市辖区',3,'360600'),(1657,'360602','月湖区',3,'360600'),(1658,'360622','余江县',3,'360600'),(1659,'360681','贵溪市',3,'360600'),(1660,'360701','市辖区',3,'360700'),(1661,'360702','章贡区',3,'360700'),(1662,'360703','南康区',3,'360700'),(1663,'360721','赣县',3,'360700'),(1664,'360722','信丰县',3,'360700'),(1665,'360723','大余县',3,'360700'),(1666,'360724','上犹县',3,'360700'),(1667,'360725','崇义县',3,'360700'),(1668,'360726','安远县',3,'360700'),(1669,'360727','龙南县',3,'360700'),(1670,'360728','定南县',3,'360700'),(1671,'360729','全南县',3,'360700'),(1672,'360730','宁都县',3,'360700'),(1673,'360731','于都县',3,'360700'),(1674,'360732','兴国县',3,'360700'),(1675,'360733','会昌县',3,'360700'),(1676,'360734','寻乌县',3,'360700'),(1677,'360735','石城县',3,'360700'),(1678,'360781','瑞金市',3,'360700'),(1679,'360801','市辖区',3,'360800'),(1680,'360802','吉州区',3,'360800'),(1681,'360803','青原区',3,'360800'),(1682,'360821','吉安县',3,'360800'),(1683,'360822','吉水县',3,'360800'),(1684,'360823','峡江县',3,'360800'),(1685,'360824','新干县',3,'360800'),(1686,'360825','永丰县',3,'360800'),(1687,'360826','泰和县',3,'360800'),(1688,'360827','遂川县',3,'360800'),(1689,'360828','万安县',3,'360800'),(1690,'360829','安福县',3,'360800'),(1691,'360830','永新县',3,'360800'),(1692,'360881','井冈山市',3,'360800'),(1693,'360901','市辖区',3,'360900'),(1694,'360902','袁州区',3,'360900'),(1695,'360921','奉新县',3,'360900'),(1696,'360922','万载县',3,'360900'),(1697,'360923','上高县',3,'360900'),(1698,'360924','宜丰县',3,'360900'),(1699,'360925','靖安县',3,'360900'),(1700,'360926','铜鼓县',3,'360900'),(1701,'360981','丰城市',3,'360900'),(1702,'360982','樟树市',3,'360900'),(1703,'360983','高安市',3,'360900'),(1704,'361001','市辖区',3,'361000'),(1705,'361002','临川区',3,'361000'),(1706,'361021','南城县',3,'361000'),(1707,'361022','黎川县',3,'361000'),(1708,'361023','南丰县',3,'361000'),(1709,'361024','崇仁县',3,'361000'),(1710,'361025','乐安县',3,'361000'),(1711,'361026','宜黄县',3,'361000'),(1712,'361027','金溪县',3,'361000'),(1713,'361028','资溪县',3,'361000'),(1714,'361029','东乡县',3,'361000'),(1715,'361030','广昌县',3,'361000'),(1716,'361101','市辖区',3,'361100'),(1717,'361102','信州区',3,'361100'),(1718,'361103','广丰区',3,'361100'),(1719,'361121','上饶县',3,'361100'),(1720,'361123','玉山县',3,'361100'),(1721,'361124','铅山县',3,'361100'),(1722,'361125','横峰县',3,'361100'),(1723,'361126','弋阳县',3,'361100'),(1724,'361127','余干县',3,'361100'),(1725,'361128','鄱阳县',3,'361100'),(1726,'361129','万年县',3,'361100'),(1727,'361130','婺源县',3,'361100'),(1728,'361181','德兴市',3,'361100'),(1729,'370101','市辖区',3,'370100'),(1730,'370102','历下区',3,'370100'),(1731,'370103','市中区',3,'370100'),(1732,'370104','槐荫区',3,'370100'),(1733,'370105','天桥区',3,'370100'),(1734,'370112','历城区',3,'370100'),(1735,'370113','长清区',3,'370100'),(1736,'370124','平阴县',3,'370100'),(1737,'370125','济阳县',3,'370100'),(1738,'370126','商河县',3,'370100'),(1739,'370181','章丘市',3,'370100'),(1740,'370201','市辖区',3,'370200'),(1741,'370202','市南区',3,'370200'),(1742,'370203','市北区',3,'370200'),(1743,'370211','黄岛区',3,'370200'),(1744,'370212','崂山区',3,'370200'),(1745,'370213','李沧区',3,'370200'),(1746,'370214','城阳区',3,'370200'),(1747,'370281','胶州市',3,'370200'),(1748,'370282','即墨市',3,'370200'),(1749,'370283','平度市',3,'370200'),(1750,'370285','莱西市',3,'370200'),(1751,'370301','市辖区',3,'370300'),(1752,'370302','淄川区',3,'370300'),(1753,'370303','张店区',3,'370300'),(1754,'370304','博山区',3,'370300'),(1755,'370305','临淄区',3,'370300'),(1756,'370306','周村区',3,'370300'),(1757,'370321','桓台县',3,'370300'),(1758,'370322','高青县',3,'370300'),(1759,'370323','沂源县',3,'370300'),(1760,'370401','市辖区',3,'370400'),(1761,'370402','市中区',3,'370400'),(1762,'370403','薛城区',3,'370400'),(1763,'370404','峄城区',3,'370400'),(1764,'370405','台儿庄区',3,'370400'),(1765,'370406','山亭区',3,'370400'),(1766,'370481','滕州市',3,'370400'),(1767,'370501','市辖区',3,'370500'),(1768,'370502','东营区',3,'370500'),(1769,'370503','河口区',3,'370500'),(1770,'370505','垦利区',3,'370500'),(1771,'370522','利津县',3,'370500'),(1772,'370523','广饶县',3,'370500'),(1773,'370601','市辖区',3,'370600'),(1774,'370602','芝罘区',3,'370600'),(1775,'370611','福山区',3,'370600'),(1776,'370612','牟平区',3,'370600'),(1777,'370613','莱山区',3,'370600'),(1778,'370634','长岛县',3,'370600'),(1779,'370681','龙口市',3,'370600'),(1780,'370682','莱阳市',3,'370600'),(1781,'370683','莱州市',3,'370600'),(1782,'370684','蓬莱市',3,'370600'),(1783,'370685','招远市',3,'370600'),(1784,'370686','栖霞市',3,'370600'),(1785,'370687','海阳市',3,'370600'),(1786,'370701','市辖区',3,'370700'),(1787,'370702','潍城区',3,'370700'),(1788,'370703','寒亭区',3,'370700'),(1789,'370704','坊子区',3,'370700'),(1790,'370705','奎文区',3,'370700'),(1791,'370724','临朐县',3,'370700'),(1792,'370725','昌乐县',3,'370700'),(1793,'370781','青州市',3,'370700'),(1794,'370782','诸城市',3,'370700'),(1795,'370783','寿光市',3,'370700'),(1796,'370784','安丘市',3,'370700'),(1797,'370785','高密市',3,'370700'),(1798,'370786','昌邑市',3,'370700'),(1799,'370801','市辖区',3,'370800'),(1800,'370811','任城区',3,'370800'),(1801,'370812','兖州区',3,'370800'),(1802,'370826','微山县',3,'370800'),(1803,'370827','鱼台县',3,'370800'),(1804,'370828','金乡县',3,'370800'),(1805,'370829','嘉祥县',3,'370800'),(1806,'370830','汶上县',3,'370800'),(1807,'370831','泗水县',3,'370800'),(1808,'370832','梁山县',3,'370800'),(1809,'370881','曲阜市',3,'370800'),(1810,'370883','邹城市',3,'370800'),(1811,'370901','市辖区',3,'370900'),(1812,'370902','泰山区',3,'370900'),(1813,'370911','岱岳区',3,'370900'),(1814,'370921','宁阳县',3,'370900'),(1815,'370923','东平县',3,'370900'),(1816,'370982','新泰市',3,'370900'),(1817,'370983','肥城市',3,'370900'),(1818,'371001','市辖区',3,'371000'),(1819,'371002','环翠区',3,'371000'),(1820,'371003','文登区',3,'371000'),(1821,'371082','荣成市',3,'371000'),(1822,'371083','乳山市',3,'371000'),(1823,'371101','市辖区',3,'371100'),(1824,'371102','东港区',3,'371100'),(1825,'371103','岚山区',3,'371100'),(1826,'371121','五莲县',3,'371100'),(1827,'371122','莒县',3,'371100'),(1828,'371201','市辖区',3,'371200'),(1829,'371202','莱城区',3,'371200'),(1830,'371203','钢城区',3,'371200'),(1831,'371301','市辖区',3,'371300'),(1832,'371302','兰山区',3,'371300'),(1833,'371311','罗庄区',3,'371300'),(1834,'371312','河东区',3,'371300'),(1835,'371321','沂南县',3,'371300'),(1836,'371322','郯城县',3,'371300'),(1837,'371323','沂水县',3,'371300'),(1838,'371324','兰陵县',3,'371300'),(1839,'371325','费县',3,'371300'),(1840,'371326','平邑县',3,'371300'),(1841,'371327','莒南县',3,'371300'),(1842,'371328','蒙阴县',3,'371300'),(1843,'371329','临沭县',3,'371300'),(1844,'371401','市辖区',3,'371400'),(1845,'371402','德城区',3,'371400'),(1846,'371403','陵城区',3,'371400'),(1847,'371422','宁津县',3,'371400'),(1848,'371423','庆云县',3,'371400'),(1849,'371424','临邑县',3,'371400'),(1850,'371425','齐河县',3,'371400'),(1851,'371426','平原县',3,'371400'),(1852,'371427','夏津县',3,'371400'),(1853,'371428','武城县',3,'371400'),(1854,'371481','乐陵市',3,'371400'),(1855,'371482','禹城市',3,'371400'),(1856,'371501','市辖区',3,'371500'),(1857,'371502','东昌府区',3,'371500'),(1858,'371521','阳谷县',3,'371500'),(1859,'371522','莘县',3,'371500'),(1860,'371523','茌平县',3,'371500'),(1861,'371524','东阿县',3,'371500'),(1862,'371525','冠县',3,'371500'),(1863,'371526','高唐县',3,'371500'),(1864,'371581','临清市',3,'371500'),(1865,'371601','市辖区',3,'371600'),(1866,'371602','滨城区',3,'371600'),(1867,'371603','沾化区',3,'371600'),(1868,'371621','惠民县',3,'371600'),(1869,'371622','阳信县',3,'371600'),(1870,'371623','无棣县',3,'371600'),(1871,'371625','博兴县',3,'371600'),(1872,'371626','邹平县',3,'371600'),(1873,'371701','市辖区',3,'371700'),(1874,'371702','牡丹区',3,'371700'),(1875,'371703','定陶区',3,'371700'),(1876,'371721','曹县',3,'371700'),(1877,'371722','单县',3,'371700'),(1878,'371723','成武县',3,'371700'),(1879,'371724','巨野县',3,'371700'),(1880,'371725','郓城县',3,'371700'),(1881,'371726','鄄城县',3,'371700'),(1882,'371728','东明县',3,'371700'),(1883,'410101','市辖区',3,'410100'),(1884,'410102','中原区',3,'410100'),(1885,'410103','二七区',3,'410100'),(1886,'410104','管城回族区',3,'410100'),(1887,'410105','金水区',3,'410100'),(1888,'410106','上街区',3,'410100'),(1889,'410108','惠济区',3,'410100'),(1890,'410122','中牟县',3,'410100'),(1891,'410181','巩义市',3,'410100'),(1892,'410182','荥阳市',3,'410100'),(1893,'410183','新密市',3,'410100'),(1894,'410184','新郑市',3,'410100'),(1895,'410185','登封市',3,'410100'),(1896,'410201','市辖区',3,'410200'),(1897,'410202','龙亭区',3,'410200'),(1898,'410203','顺河回族区',3,'410200'),(1899,'410204','鼓楼区',3,'410200'),(1900,'410205','禹王台区',3,'410200'),(1901,'410211','金明区',3,'410200'),(1902,'410212','祥符区',3,'410200'),(1903,'410221','杞县',3,'410200'),(1904,'410222','通许县',3,'410200'),(1905,'410223','尉氏县',3,'410200'),(1906,'410225','兰考县',3,'410200'),(1907,'410301','市辖区',3,'410300'),(1908,'410302','老城区',3,'410300'),(1909,'410303','西工区',3,'410300'),(1910,'410304','瀍河回族区',3,'410300'),(1911,'410305','涧西区',3,'410300'),(1912,'410306','吉利区',3,'410300'),(1913,'410311','洛龙区',3,'410300'),(1914,'410322','孟津县',3,'410300'),(1915,'410323','新安县',3,'410300'),(1916,'410324','栾川县',3,'410300'),(1917,'410325','嵩县',3,'410300'),(1918,'410326','汝阳县',3,'410300'),(1919,'410327','宜阳县',3,'410300'),(1920,'410328','洛宁县',3,'410300'),(1921,'410329','伊川县',3,'410300'),(1922,'410381','偃师市',3,'410300'),(1923,'410401','市辖区',3,'410400'),(1924,'410402','新华区',3,'410400'),(1925,'410403','卫东区',3,'410400'),(1926,'410404','石龙区',3,'410400'),(1927,'410411','湛河区',3,'410400'),(1928,'410421','宝丰县',3,'410400'),(1929,'410422','叶县',3,'410400'),(1930,'410423','鲁山县',3,'410400'),(1931,'410425','郏县',3,'410400'),(1932,'410481','舞钢市',3,'410400'),(1933,'410482','汝州市',3,'410400'),(1934,'410501','市辖区',3,'410500'),(1935,'410502','文峰区',3,'410500'),(1936,'410503','北关区',3,'410500'),(1937,'410505','殷都区',3,'410500'),(1938,'410506','龙安区',3,'410500'),(1939,'410522','安阳县',3,'410500'),(1940,'410523','汤阴县',3,'410500'),(1941,'410526','滑县',3,'410500'),(1942,'410527','内黄县',3,'410500'),(1943,'410581','林州市',3,'410500'),(1944,'410601','市辖区',3,'410600'),(1945,'410602','鹤山区',3,'410600'),(1946,'410603','山城区',3,'410600'),(1947,'410611','淇滨区',3,'410600'),(1948,'410621','浚县',3,'410600'),(1949,'410622','淇县',3,'410600'),(1950,'410701','市辖区',3,'410700'),(1951,'410702','红旗区',3,'410700'),(1952,'410703','卫滨区',3,'410700'),(1953,'410704','凤泉区',3,'410700'),(1954,'410711','牧野区',3,'410700'),(1955,'410721','新乡县',3,'410700'),(1956,'410724','获嘉县',3,'410700'),(1957,'410725','原阳县',3,'410700'),(1958,'410726','延津县',3,'410700'),(1959,'410727','封丘县',3,'410700'),(1960,'410728','长垣县',3,'410700'),(1961,'410781','卫辉市',3,'410700'),(1962,'410782','辉县市',3,'410700'),(1963,'410801','市辖区',3,'410800'),(1964,'410802','解放区',3,'410800'),(1965,'410803','中站区',3,'410800'),(1966,'410804','马村区',3,'410800'),(1967,'410811','山阳区',3,'410800'),(1968,'410821','修武县',3,'410800'),(1969,'410822','博爱县',3,'410800'),(1970,'410823','武陟县',3,'410800'),(1971,'410825','温县',3,'410800'),(1972,'410882','沁阳市',3,'410800'),(1973,'410883','孟州市',3,'410800'),(1974,'410901','市辖区',3,'410900'),(1975,'410902','华龙区',3,'410900'),(1976,'410922','清丰县',3,'410900'),(1977,'410923','南乐县',3,'410900'),(1978,'410926','范县',3,'410900'),(1979,'410927','台前县',3,'410900'),(1980,'410928','濮阳县',3,'410900'),(1981,'411001','市辖区',3,'411000'),(1982,'411002','魏都区',3,'411000'),(1983,'411023','许昌县',3,'411000'),(1984,'411024','鄢陵县',3,'411000'),(1985,'411025','襄城县',3,'411000'),(1986,'411081','禹州市',3,'411000'),(1987,'411082','长葛市',3,'411000'),(1988,'411101','市辖区',3,'411100'),(1989,'411102','源汇区',3,'411100'),(1990,'411103','郾城区',3,'411100'),(1991,'411104','召陵区',3,'411100'),(1992,'411121','舞阳县',3,'411100'),(1993,'411122','临颍县',3,'411100'),(1994,'411201','市辖区',3,'411200'),(1995,'411202','湖滨区',3,'411200'),(1996,'411203','陕州区',3,'411200'),(1997,'411221','渑池县',3,'411200'),(1998,'411224','卢氏县',3,'411200'),(1999,'411281','义马市',3,'411200'),(2000,'411282','灵宝市',3,'411200'),(2001,'411301','市辖区',3,'411300'),(2002,'411302','宛城区',3,'411300'),(2003,'411303','卧龙区',3,'411300'),(2004,'411321','南召县',3,'411300'),(2005,'411322','方城县',3,'411300'),(2006,'411323','西峡县',3,'411300'),(2007,'411324','镇平县',3,'411300'),(2008,'411325','内乡县',3,'411300'),(2009,'411326','淅川县',3,'411300'),(2010,'411327','社旗县',3,'411300'),(2011,'411328','唐河县',3,'411300'),(2012,'411329','新野县',3,'411300'),(2013,'411330','桐柏县',3,'411300'),(2014,'411381','邓州市',3,'411300'),(2015,'411401','市辖区',3,'411400'),(2016,'411402','梁园区',3,'411400'),(2017,'411403','睢阳区',3,'411400'),(2018,'411421','民权县',3,'411400'),(2019,'411422','睢县',3,'411400'),(2020,'411423','宁陵县',3,'411400'),(2021,'411424','柘城县',3,'411400'),(2022,'411425','虞城县',3,'411400'),(2023,'411426','夏邑县',3,'411400'),(2024,'411481','永城市',3,'411400'),(2025,'411501','市辖区',3,'411500'),(2026,'411502','浉河区',3,'411500'),(2027,'411503','平桥区',3,'411500'),(2028,'411521','罗山县',3,'411500'),(2029,'411522','光山县',3,'411500'),(2030,'411523','新县',3,'411500'),(2031,'411524','商城县',3,'411500'),(2032,'411525','固始县',3,'411500'),(2033,'411526','潢川县',3,'411500'),(2034,'411527','淮滨县',3,'411500'),(2035,'411528','息县',3,'411500'),(2036,'411601','市辖区',3,'411600'),(2037,'411602','川汇区',3,'411600'),(2038,'411621','扶沟县',3,'411600'),(2039,'411622','西华县',3,'411600'),(2040,'411623','商水县',3,'411600'),(2041,'411624','沈丘县',3,'411600'),(2042,'411625','郸城县',3,'411600'),(2043,'411626','淮阳县',3,'411600'),(2044,'411627','太康县',3,'411600'),(2045,'411628','鹿邑县',3,'411600'),(2046,'411681','项城市',3,'411600'),(2047,'411701','市辖区',3,'411700'),(2048,'411702','驿城区',3,'411700'),(2049,'411721','西平县',3,'411700'),(2050,'411722','上蔡县',3,'411700'),(2051,'411723','平舆县',3,'411700'),(2052,'411724','正阳县',3,'411700'),(2053,'411725','确山县',3,'411700'),(2054,'411726','泌阳县',3,'411700'),(2055,'411727','汝南县',3,'411700'),(2056,'411728','遂平县',3,'411700'),(2057,'411729','新蔡县',3,'411700'),(2058,'419001','济源市',3,'419000'),(2059,'420101','市辖区',3,'420100'),(2060,'420102','江岸区',3,'420100'),(2061,'420103','江汉区',3,'420100'),(2062,'420104','硚口区',3,'420100'),(2063,'420105','汉阳区',3,'420100'),(2064,'420106','武昌区',3,'420100'),(2065,'420107','青山区',3,'420100'),(2066,'420111','洪山区',3,'420100'),(2067,'420112','东西湖区',3,'420100'),(2068,'420113','汉南区',3,'420100'),(2069,'420114','蔡甸区',3,'420100'),(2070,'420115','江夏区',3,'420100'),(2071,'420116','黄陂区',3,'420100'),(2072,'420117','新洲区',3,'420100'),(2073,'420201','市辖区',3,'420200'),(2074,'420202','黄石港区',3,'420200'),(2075,'420203','西塞山区',3,'420200'),(2076,'420204','下陆区',3,'420200'),(2077,'420205','铁山区',3,'420200'),(2078,'420222','阳新县',3,'420200'),(2079,'420281','大冶市',3,'420200'),(2080,'420301','市辖区',3,'420300'),(2081,'420302','茅箭区',3,'420300'),(2082,'420303','张湾区',3,'420300'),(2083,'420304','郧阳区',3,'420300'),(2084,'420322','郧西县',3,'420300'),(2085,'420323','竹山县',3,'420300'),(2086,'420324','竹溪县',3,'420300'),(2087,'420325','房县',3,'420300'),(2088,'420381','丹江口市',3,'420300'),(2089,'420501','市辖区',3,'420500'),(2090,'420502','西陵区',3,'420500'),(2091,'420503','伍家岗区',3,'420500'),(2092,'420504','点军区',3,'420500'),(2093,'420505','猇亭区',3,'420500'),(2094,'420506','夷陵区',3,'420500'),(2095,'420525','远安县',3,'420500'),(2096,'420526','兴山县',3,'420500'),(2097,'420527','秭归县',3,'420500'),(2098,'420528','长阳土家族自治县',3,'420500'),(2099,'420529','五峰土家族自治县',3,'420500'),(2100,'420581','宜都市',3,'420500'),(2101,'420582','当阳市',3,'420500'),(2102,'420583','枝江市',3,'420500'),(2103,'420601','市辖区',3,'420600'),(2104,'420602','襄城区',3,'420600'),(2105,'420606','樊城区',3,'420600'),(2106,'420607','襄州区',3,'420600'),(2107,'420624','南漳县',3,'420600'),(2108,'420625','谷城县',3,'420600'),(2109,'420626','保康县',3,'420600'),(2110,'420682','老河口市',3,'420600'),(2111,'420683','枣阳市',3,'420600'),(2112,'420684','宜城市',3,'420600'),(2113,'420701','市辖区',3,'420700'),(2114,'420702','梁子湖区',3,'420700'),(2115,'420703','华容区',3,'420700'),(2116,'420704','鄂城区',3,'420700'),(2117,'420801','市辖区',3,'420800'),(2118,'420802','东宝区',3,'420800'),(2119,'420804','掇刀区',3,'420800'),(2120,'420821','京山县',3,'420800'),(2121,'420822','沙洋县',3,'420800'),(2122,'420881','钟祥市',3,'420800'),(2123,'420901','市辖区',3,'420900'),(2124,'420902','孝南区',3,'420900'),(2125,'420921','孝昌县',3,'420900'),(2126,'420922','大悟县',3,'420900'),(2127,'420923','云梦县',3,'420900'),(2128,'420981','应城市',3,'420900'),(2129,'420982','安陆市',3,'420900'),(2130,'420984','汉川市',3,'420900'),(2131,'421001','市辖区',3,'421000'),(2132,'421002','沙市区',3,'421000'),(2133,'421003','荆州区',3,'421000'),(2134,'421022','公安县',3,'421000'),(2135,'421023','监利县',3,'421000'),(2136,'421024','江陵县',3,'421000'),(2137,'421081','石首市',3,'421000'),(2138,'421083','洪湖市',3,'421000'),(2139,'421087','松滋市',3,'421000'),(2140,'421101','市辖区',3,'421100'),(2141,'421102','黄州区',3,'421100'),(2142,'421121','团风县',3,'421100'),(2143,'421122','红安县',3,'421100'),(2144,'421123','罗田县',3,'421100'),(2145,'421124','英山县',3,'421100'),(2146,'421125','浠水县',3,'421100'),(2147,'421126','蕲春县',3,'421100'),(2148,'421127','黄梅县',3,'421100'),(2149,'421181','麻城市',3,'421100'),(2150,'421182','武穴市',3,'421100'),(2151,'421201','市辖区',3,'421200'),(2152,'421202','咸安区',3,'421200'),(2153,'421221','嘉鱼县',3,'421200'),(2154,'421222','通城县',3,'421200'),(2155,'421223','崇阳县',3,'421200'),(2156,'421224','通山县',3,'421200'),(2157,'421281','赤壁市',3,'421200'),(2158,'421301','市辖区',3,'421300'),(2159,'421303','曾都区',3,'421300'),(2160,'421321','随县',3,'421300'),(2161,'421381','广水市',3,'421300'),(2162,'422801','恩施市',3,'422800'),(2163,'422802','利川市',3,'422800'),(2164,'422822','建始县',3,'422800'),(2165,'422823','巴东县',3,'422800'),(2166,'422825','宣恩县',3,'422800'),(2167,'422826','咸丰县',3,'422800'),(2168,'422827','来凤县',3,'422800'),(2169,'422828','鹤峰县',3,'422800'),(2170,'429004','仙桃市',3,'429000'),(2171,'429005','潜江市',3,'429000'),(2172,'429006','天门市',3,'429000'),(2173,'429021','神农架林区',3,'429000'),(2174,'430101','市辖区',3,'430100'),(2175,'430102','芙蓉区',3,'430100'),(2176,'430103','天心区',3,'430100'),(2177,'430104','岳麓区',3,'430100'),(2178,'430105','开福区',3,'430100'),(2179,'430111','雨花区',3,'430100'),(2180,'430112','望城区',3,'430100'),(2181,'430121','长沙县',3,'430100'),(2182,'430124','宁乡县',3,'430100'),(2183,'430181','浏阳市',3,'430100'),(2184,'430201','市辖区',3,'430200'),(2185,'430202','荷塘区',3,'430200'),(2186,'430203','芦淞区',3,'430200'),(2187,'430204','石峰区',3,'430200'),(2188,'430211','天元区',3,'430200'),(2189,'430221','株洲县',3,'430200'),(2190,'430223','攸县',3,'430200'),(2191,'430224','茶陵县',3,'430200'),(2192,'430225','炎陵县',3,'430200'),(2193,'430281','醴陵市',3,'430200'),(2194,'430301','市辖区',3,'430300'),(2195,'430302','雨湖区',3,'430300'),(2196,'430304','岳塘区',3,'430300'),(2197,'430321','湘潭县',3,'430300'),(2198,'430381','湘乡市',3,'430300'),(2199,'430382','韶山市',3,'430300'),(2200,'430401','市辖区',3,'430400'),(2201,'430405','珠晖区',3,'430400'),(2202,'430406','雁峰区',3,'430400'),(2203,'430407','石鼓区',3,'430400'),(2204,'430408','蒸湘区',3,'430400'),(2205,'430412','南岳区',3,'430400'),(2206,'430421','衡阳县',3,'430400'),(2207,'430422','衡南县',3,'430400'),(2208,'430423','衡山县',3,'430400'),(2209,'430424','衡东县',3,'430400'),(2210,'430426','祁东县',3,'430400'),(2211,'430481','耒阳市',3,'430400'),(2212,'430482','常宁市',3,'430400'),(2213,'430501','市辖区',3,'430500'),(2214,'430502','双清区',3,'430500'),(2215,'430503','大祥区',3,'430500'),(2216,'430511','北塔区',3,'430500'),(2217,'430521','邵东县',3,'430500'),(2218,'430522','新邵县',3,'430500'),(2219,'430523','邵阳县',3,'430500'),(2220,'430524','隆回县',3,'430500'),(2221,'430525','洞口县',3,'430500'),(2223,'430528','新宁县',3,'430500'),(2224,'430529','城步苗族自治县',3,'430500'),(2225,'430581','武冈市',3,'430500'),(2226,'430601','市辖区',3,'430600'),(2227,'430602','岳阳楼区',3,'430600'),(2228,'430603','云溪区',3,'430600'),(2229,'430611','君山区',3,'430600'),(2230,'430621','岳阳县',3,'430600'),(2231,'430623','华容县',3,'430600'),(2232,'430624','湘阴县',3,'430600'),(2233,'430626','平江县',3,'430600'),(2234,'430681','汨罗市',3,'430600'),(2235,'430682','临湘市',3,'430600'),(2236,'430701','市辖区',3,'430700'),(2237,'430702','武陵区',3,'430700'),(2238,'430703','鼎城区',3,'430700'),(2239,'430721','安乡县',3,'430700'),(2240,'430722','汉寿县',3,'430700'),(2241,'430723','澧县',3,'430700'),(2242,'430724','临澧县',3,'430700'),(2243,'430725','桃源县',3,'430700'),(2244,'430726','石门县',3,'430700'),(2245,'430781','津市市',3,'430700'),(2246,'430801','市辖区',3,'430800'),(2247,'430802','永定区',3,'430800'),(2248,'430811','武陵源区',3,'430800'),(2249,'430821','慈利县',3,'430800'),(2250,'430822','桑植县',3,'430800'),(2251,'430901','市辖区',3,'430900'),(2252,'430902','资阳区',3,'430900'),(2253,'430903','赫山区',3,'430900'),(2254,'430921','南县',3,'430900'),(2255,'430922','桃江县',3,'430900'),(2256,'430923','安化县',3,'430900'),(2257,'430981','沅江市',3,'430900'),(2258,'431001','市辖区',3,'431000'),(2259,'431002','北湖区',3,'431000'),(2260,'431003','苏仙区',3,'431000'),(2261,'431021','桂阳县',3,'431000'),(2262,'431022','宜章县',3,'431000'),(2263,'431023','永兴县',3,'431000'),(2264,'431024','嘉禾县',3,'431000'),(2265,'431025','临武县',3,'431000'),(2266,'431026','汝城县',3,'431000'),(2267,'431027','桂东县',3,'431000'),(2268,'431028','安仁县',3,'431000'),(2269,'431081','资兴市',3,'431000'),(2270,'431101','市辖区',3,'431100'),(2271,'431102','零陵区',3,'431100'),(2272,'431103','冷水滩区',3,'431100'),(2273,'431121','祁阳县',3,'431100'),(2274,'431122','东安县',3,'431100'),(2275,'431123','双牌县',3,'431100'),(2276,'431124','道县',3,'431100'),(2277,'431125','江永县',3,'431100'),(2278,'431126','宁远县',3,'431100'),(2279,'431127','蓝山县',3,'431100'),(2280,'431128','新田县',3,'431100'),(2281,'431129','江华瑶族自治县',3,'431100'),(2282,'431201','市辖区',3,'431200'),(2283,'431202','鹤城区',3,'431200'),(2284,'431221','中方县',3,'431200'),(2285,'431222','沅陵县',3,'431200'),(2286,'431223','辰溪县',3,'431200'),(2287,'431224','溆浦县',3,'431200'),(2288,'431225','会同县',3,'431200'),(2289,'431226','麻阳苗族自治县',3,'431200'),(2290,'431227','新晃侗族自治县',3,'431200'),(2291,'431228','芷江侗族自治县',3,'431200'),(2292,'431229','靖州苗族侗族自治县',3,'431200'),(2293,'431230','通道侗族自治县',3,'431200'),(2294,'431281','洪江市',3,'431200'),(2295,'431301','市辖区',3,'431300'),(2296,'431302','娄星区',3,'431300'),(2297,'431321','双峰县',3,'431300'),(2298,'431322','新化县',3,'431300'),(2299,'431381','冷水江市',3,'431300'),(2300,'431382','涟源市',3,'431300'),(2301,'433101','吉首市',3,'433100'),(2302,'433122','泸溪县',3,'433100'),(2303,'433123','凤凰县',3,'433100'),(2304,'433124','花垣县',3,'433100'),(2305,'433125','保靖县',3,'433100'),(2306,'433126','古丈县',3,'433100'),(2307,'433127','永顺县',3,'433100'),(2308,'433130','龙山县',3,'433100'),(2309,'440101','市辖区',3,'440100'),(2310,'440103','荔湾区',3,'440100'),(2311,'440104','越秀区',3,'440100'),(2312,'440105','海珠区',3,'440100'),(2313,'440106','天河区',3,'440100'),(2314,'440111','白云区',3,'440100'),(2315,'440112','黄埔区',3,'440100'),(2316,'440113','番禺区',3,'440100'),(2317,'440114','花都区',3,'440100'),(2318,'440115','南沙区',3,'440100'),(2319,'440117','从化区',3,'440100'),(2320,'440118','增城区',3,'440100'),(2321,'440201','市辖区',3,'440200'),(2322,'440203','武江区',3,'440200'),(2323,'440204','浈江区',3,'440200'),(2324,'440205','曲江区',3,'440200'),(2325,'440222','始兴县',3,'440200'),(2326,'440224','仁化县',3,'440200'),(2327,'440229','翁源县',3,'440200'),(2328,'440232','乳源瑶族自治县',3,'440200'),(2329,'440233','新丰县',3,'440200'),(2330,'440281','乐昌市',3,'440200'),(2331,'440282','南雄市',3,'440200'),(2332,'440301','市辖区',3,'440300'),(2333,'440303','罗湖区',3,'440300'),(2334,'440304','福田区',3,'440300'),(2335,'440305','南山区',3,'440300'),(2336,'440306','宝安区',3,'440300'),(2337,'440307','龙岗区',3,'440300'),(2338,'440308','盐田区',3,'440300'),(2339,'440401','市辖区',3,'440400'),(2340,'440402','香洲区',3,'440400'),(2341,'440403','斗门区',3,'440400'),(2342,'440404','金湾区',3,'440400'),(2343,'440501','市辖区',3,'440500'),(2344,'440507','龙湖区',3,'440500'),(2345,'440511','金平区',3,'440500'),(2346,'440512','濠江区',3,'440500'),(2347,'440513','潮阳区',3,'440500'),(2348,'440514','潮南区',3,'440500'),(2349,'440515','澄海区',3,'440500'),(2350,'440523','南澳县',3,'440500'),(2351,'440601','市辖区',3,'440600'),(2352,'440604','禅城区',3,'440600'),(2353,'440605','南海区',3,'440600'),(2354,'440606','顺德区',3,'440600'),(2355,'440607','三水区',3,'440600'),(2356,'440608','高明区',3,'440600'),(2357,'440701','市辖区',3,'440700'),(2358,'440703','蓬江区',3,'440700'),(2359,'440704','江海区',3,'440700'),(2360,'440705','新会区',3,'440700'),(2361,'440781','台山市',3,'440700'),(2362,'440783','开平市',3,'440700'),(2363,'440784','鹤山市',3,'440700'),(2364,'440785','恩平市',3,'440700'),(2365,'440801','市辖区',3,'440800'),(2366,'440802','赤坎区',3,'440800'),(2367,'440803','霞山区',3,'440800'),(2368,'440804','坡头区',3,'440800'),(2369,'440811','麻章区',3,'440800'),(2370,'440823','遂溪县',3,'440800'),(2371,'440825','徐闻县',3,'440800'),(2372,'440881','廉江市',3,'440800'),(2373,'440882','雷州市',3,'440800'),(2374,'440883','吴川市',3,'440800'),(2375,'440901','市辖区',3,'440900'),(2376,'440902','茂南区',3,'440900'),(2377,'440904','电白区',3,'440900'),(2378,'440981','高州市',3,'440900'),(2379,'440982','化州市',3,'440900'),(2380,'440983','信宜市',3,'440900'),(2381,'441201','市辖区',3,'441200'),(2382,'441202','端州区',3,'441200'),(2383,'441203','鼎湖区',3,'441200'),(2384,'441204','高要区',3,'441200'),(2385,'441223','广宁县',3,'441200'),(2386,'441224','怀集县',3,'441200'),(2387,'441225','封开县',3,'441200'),(2388,'441226','德庆县',3,'441200'),(2389,'441284','四会市',3,'441200'),(2390,'441301','市辖区',3,'441300'),(2391,'441302','惠城区',3,'441300'),(2392,'441303','惠阳区',3,'441300'),(2393,'441322','博罗县',3,'441300'),(2394,'441323','惠东县',3,'441300'),(2395,'441324','龙门县',3,'441300'),(2396,'441401','市辖区',3,'441400'),(2397,'441402','梅江区',3,'441400'),(2398,'441403','梅县区',3,'441400'),(2399,'441422','大埔县',3,'441400'),(2400,'441423','丰顺县',3,'441400'),(2401,'441424','五华县',3,'441400'),(2402,'441426','平远县',3,'441400'),(2403,'441427','蕉岭县',3,'441400'),(2404,'441481','兴宁市',3,'441400'),(2405,'441501','市辖区',3,'441500'),(2406,'441502','城区',3,'441500'),(2407,'441521','海丰县',3,'441500'),(2408,'441523','陆河县',3,'441500'),(2409,'441581','陆丰市',3,'441500'),(2410,'441601','市辖区',3,'441600'),(2411,'441602','源城区',3,'441600'),(2412,'441621','紫金县',3,'441600'),(2413,'441622','龙川县',3,'441600'),(2414,'441623','连平县',3,'441600'),(2415,'441624','和平县',3,'441600'),(2416,'441625','东源县',3,'441600'),(2417,'441701','市辖区',3,'441700'),(2418,'441702','江城区',3,'441700'),(2419,'441704','阳东区',3,'441700'),(2420,'441721','阳西县',3,'441700'),(2421,'441781','阳春市',3,'441700'),(2422,'441801','市辖区',3,'441800'),(2423,'441802','清城区',3,'441800'),(2424,'441803','清新区',3,'441800'),(2425,'441821','佛冈县',3,'441800'),(2426,'441823','阳山县',3,'441800'),(2427,'441825','连山壮族瑶族自治县',3,'441800'),(2428,'441826','连南瑶族自治县',3,'441800'),(2429,'441881','英德市',3,'441800'),(2430,'441882','连州市',3,'441800'),(2431,'445101','市辖区',3,'445100'),(2432,'445102','湘桥区',3,'445100'),(2433,'445103','潮安区',3,'445100'),(2434,'445122','饶平县',3,'445100'),(2435,'445201','市辖区',3,'445200'),(2436,'445202','榕城区',3,'445200'),(2437,'445203','揭东区',3,'445200'),(2438,'445222','揭西县',3,'445200'),(2439,'445224','惠来县',3,'445200'),(2440,'445281','普宁市',3,'445200'),(2441,'445301','市辖区',3,'445300'),(2442,'445302','云城区',3,'445300'),(2443,'445303','云安区',3,'445300'),(2444,'445321','新兴县',3,'445300'),(2445,'445322','郁南县',3,'445300'),(2446,'445381','罗定市',3,'445300'),(2447,'450101','市辖区',3,'450100'),(2448,'450102','兴宁区',3,'450100'),(2449,'450103','青秀区',3,'450100'),(2450,'450105','江南区',3,'450100'),(2451,'450107','西乡塘区',3,'450100'),(2452,'450108','良庆区',3,'450100'),(2453,'450109','邕宁区',3,'450100'),(2454,'450110','武鸣区',3,'450100'),(2455,'450123','隆安县',3,'450100'),(2456,'450124','马山县',3,'450100'),(2457,'450125','上林县',3,'450100'),(2458,'450126','宾阳县',3,'450100'),(2459,'450127','横县',3,'450100'),(2460,'450201','市辖区',3,'450200'),(2461,'450202','城中区',3,'450200'),(2462,'450203','鱼峰区',3,'450200'),(2463,'450204','柳南区',3,'450200'),(2464,'450205','柳北区',3,'450200'),(2465,'450206','柳江区',3,'450200'),(2466,'450222','柳城县',3,'450200'),(2467,'450223','鹿寨县',3,'450200'),(2468,'450224','融安县',3,'450200'),(2469,'450225','融水苗族自治县',3,'450200'),(2470,'450226','三江侗族自治县',3,'450200'),(2471,'450301','市辖区',3,'450300'),(2472,'450302','秀峰区',3,'450300'),(2473,'450303','叠彩区',3,'450300'),(2474,'450304','象山区',3,'450300'),(2475,'450305','七星区',3,'450300'),(2476,'450311','雁山区',3,'450300'),(2477,'450312','临桂区',3,'450300'),(2478,'450321','阳朔县',3,'450300'),(2479,'450323','灵川县',3,'450300'),(2480,'450324','全州县',3,'450300'),(2481,'450325','兴安县',3,'450300'),(2482,'450326','永福县',3,'450300'),(2483,'450327','灌阳县',3,'450300'),(2484,'450328','龙胜各族自治县',3,'450300'),(2485,'450329','资源县',3,'450300'),(2486,'450330','平乐县',3,'450300'),(2487,'450331','荔浦县',3,'450300'),(2488,'450332','恭城瑶族自治县',3,'450300'),(2489,'450401','市辖区',3,'450400'),(2490,'450403','万秀区',3,'450400'),(2491,'450405','长洲区',3,'450400'),(2492,'450406','龙圩区',3,'450400'),(2493,'450421','苍梧县',3,'450400'),(2494,'450422','藤县',3,'450400'),(2495,'450423','蒙山县',3,'450400'),(2496,'450481','岑溪市',3,'450400'),(2497,'450501','市辖区',3,'450500'),(2498,'450502','海城区',3,'450500'),(2499,'450503','银海区',3,'450500'),(2500,'450512','铁山港区',3,'450500'),(2501,'450521','合浦县',3,'450500'),(2502,'450601','市辖区',3,'450600'),(2503,'450602','港口区',3,'450600'),(2504,'450603','防城区',3,'450600'),(2505,'450621','上思县',3,'450600'),(2506,'450681','东兴市',3,'450600'),(2507,'450701','市辖区',3,'450700'),(2508,'450702','钦南区',3,'450700'),(2509,'450703','钦北区',3,'450700'),(2510,'450721','灵山县',3,'450700'),(2511,'450722','浦北县',3,'450700'),(2512,'450801','市辖区',3,'450800'),(2513,'450802','港北区',3,'450800'),(2514,'450803','港南区',3,'450800'),(2515,'450804','覃塘区',3,'450800'),(2516,'450821','平南县',3,'450800'),(2517,'450881','桂平市',3,'450800'),(2518,'450901','市辖区',3,'450900'),(2519,'450902','玉州区',3,'450900'),(2520,'450903','福绵区',3,'450900'),(2521,'450921','容县',3,'450900'),(2522,'450922','陆川县',3,'450900'),(2523,'450923','博白县',3,'450900'),(2524,'450924','兴业县',3,'450900'),(2525,'450981','北流市',3,'450900'),(2526,'451001','市辖区',3,'451000'),(2527,'451002','右江区',3,'451000'),(2528,'451021','田阳县',3,'451000'),(2529,'451022','田东县',3,'451000'),(2530,'451023','平果县',3,'451000'),(2531,'451024','德保县',3,'451000'),(2532,'451026','那坡县',3,'451000'),(2533,'451027','凌云县',3,'451000'),(2534,'451028','乐业县',3,'451000'),(2535,'451029','田林县',3,'451000'),(2536,'451030','西林县',3,'451000'),(2537,'451031','隆林各族自治县',3,'451000'),(2538,'451081','靖西市',3,'451000'),(2539,'451101','市辖区',3,'451100'),(2540,'451102','八步区',3,'451100'),(2541,'451103','平桂区',3,'451100'),(2542,'451121','昭平县',3,'451100'),(2543,'451122','钟山县',3,'451100'),(2544,'451123','富川瑶族自治县',3,'451100'),(2545,'451201','市辖区',3,'451200'),(2546,'451202','金城江区',3,'451200'),(2547,'451221','南丹县',3,'451200'),(2548,'451222','天峨县',3,'451200'),(2549,'451223','凤山县',3,'451200'),(2550,'451224','东兰县',3,'451200'),(2551,'451225','罗城仫佬族自治县',3,'451200'),(2552,'451226','环江毛南族自治县',3,'451200'),(2553,'451227','巴马瑶族自治县',3,'451200'),(2554,'451228','都安瑶族自治县',3,'451200'),(2555,'451229','大化瑶族自治县',3,'451200'),(2556,'451281','宜州市',3,'451200'),(2557,'451301','市辖区',3,'451300'),(2558,'451302','兴宾区',3,'451300'),(2559,'451321','忻城县',3,'451300'),(2560,'451322','象州县',3,'451300'),(2561,'451323','武宣县',3,'451300'),(2562,'451324','金秀瑶族自治县',3,'451300'),(2563,'451381','合山市',3,'451300'),(2564,'451401','市辖区',3,'451400'),(2565,'451402','江州区',3,'451400'),(2566,'451421','扶绥县',3,'451400'),(2567,'451422','宁明县',3,'451400'),(2568,'451423','龙州县',3,'451400'),(2569,'451424','大新县',3,'451400'),(2570,'451425','天等县',3,'451400'),(2571,'451481','凭祥市',3,'451400'),(2572,'460101','市辖区',3,'460100'),(2573,'460105','秀英区',3,'460100'),(2574,'460106','龙华区',3,'460100'),(2575,'460107','琼山区',3,'460100'),(2576,'460108','美兰区',3,'460100'),(2577,'460201','市辖区',3,'460200'),(2578,'460202','海棠区',3,'460200'),(2579,'460203','吉阳区',3,'460200'),(2580,'460204','天涯区',3,'460200'),(2581,'460205','崖州区',3,'460200'),(2582,'469001','五指山市',3,'469000'),(2583,'469002','琼海市',3,'469000'),(2584,'469005','文昌市',3,'469000'),(2585,'469006','万宁市',3,'469000'),(2586,'469007','东方市',3,'469000'),(2587,'469021','定安县',3,'469000'),(2588,'469022','屯昌县',3,'469000'),(2589,'469023','澄迈县',3,'469000'),(2590,'469024','临高县',3,'469000'),(2591,'469025','白沙黎族自治县',3,'469000'),(2592,'469026','昌江黎族自治县',3,'469000'),(2593,'469027','乐东黎族自治县',3,'469000'),(2594,'469028','陵水黎族自治县',3,'469000'),(2595,'469029','保亭黎族苗族自治县',3,'469000'),(2596,'469030','琼中黎族苗族自治县',3,'469000'),(2597,'500101','万州区',3,'500100'),(2598,'500102','涪陵区',3,'500100'),(2599,'500103','渝中区',3,'500100'),(2600,'500104','大渡口区',3,'500100'),(2601,'500105','江北区',3,'500100'),(2602,'500106','沙坪坝区',3,'500100'),(2603,'500107','九龙坡区',3,'500100'),(2604,'500108','南岸区',3,'500100'),(2605,'500109','北碚区',3,'500100'),(2606,'500110','綦江区',3,'500100'),(2607,'500111','大足区',3,'500100'),(2608,'500112','渝北区',3,'500100'),(2609,'500113','巴南区',3,'500100'),(2610,'500114','黔江区',3,'500100'),(2611,'500115','长寿区',3,'500100'),(2612,'500116','江津区',3,'500100'),(2613,'500117','合川区',3,'500100'),(2614,'500118','永川区',3,'500100'),(2615,'500119','南川区',3,'500100'),(2616,'500120','璧山区',3,'500100'),(2617,'500151','铜梁区',3,'500100'),(2618,'500152','潼南区',3,'500100'),(2619,'500153','荣昌区',3,'500100'),(2620,'500154','开州区',3,'500100'),(2621,'500228','梁平县',3,'500200'),(2622,'500229','城口县',3,'500200'),(2623,'500230','丰都县',3,'500200'),(2624,'500231','垫江县',3,'500200'),(2625,'500232','武隆县',3,'500200'),(2626,'500233','忠县',3,'500200'),(2627,'500235','云阳县',3,'500200'),(2628,'500236','奉节县',3,'500200'),(2629,'500237','巫山县',3,'500200'),(2630,'500238','巫溪县',3,'500200'),(2631,'500240','石柱土家族自治县',3,'500200'),(2632,'500241','秀山土家族苗族自治县',3,'500200'),(2633,'500242','酉阳土家族苗族自治县',3,'500200'),(2634,'500243','彭水苗族土家族自治县',3,'500200'),(2635,'510101','市辖区',3,'510100'),(2636,'510104','锦江区',3,'510100'),(2637,'510105','青羊区',3,'510100'),(2638,'510106','金牛区',3,'510100'),(2639,'510107','武侯区',3,'510100'),(2640,'510108','成华区',3,'510100'),(2641,'510112','龙泉驿区',3,'510100'),(2642,'510113','青白江区',3,'510100'),(2643,'510114','新都区',3,'510100'),(2644,'510115','温江区',3,'510100'),(2645,'510116','双流区',3,'510100'),(2646,'510121','金堂县',3,'510100'),(2647,'510124','郫县',3,'510100'),(2648,'510129','大邑县',3,'510100'),(2649,'510131','蒲江县',3,'510100'),(2650,'510132','新津县',3,'510100'),(2651,'510181','都江堰市',3,'510100'),(2652,'510182','彭州市',3,'510100'),(2653,'510183','邛崃市',3,'510100'),(2654,'510184','崇州市',3,'510100'),(2655,'510185','简阳市',3,'510100'),(2656,'510301','市辖区',3,'510300'),(2657,'510302','自流井区',3,'510300'),(2658,'510303','贡井区',3,'510300'),(2659,'510304','大安区',3,'510300'),(2660,'510311','沿滩区',3,'510300'),(2661,'510321','荣县',3,'510300'),(2662,'510322','富顺县',3,'510300'),(2663,'510401','市辖区',3,'510400'),(2664,'510402','东区',3,'510400'),(2665,'510403','西区',3,'510400'),(2666,'510411','仁和区',3,'510400'),(2667,'510421','米易县',3,'510400'),(2668,'510422','盐边县',3,'510400'),(2669,'510501','市辖区',3,'510500'),(2670,'510502','江阳区',3,'510500'),(2671,'510503','纳溪区',3,'510500'),(2672,'510504','龙马潭区',3,'510500'),(2673,'510521','泸县',3,'510500'),(2674,'510522','合江县',3,'510500'),(2675,'510524','叙永县',3,'510500'),(2676,'510525','古蔺县',3,'510500'),(2677,'510601','市辖区',3,'510600'),(2678,'510603','旌阳区',3,'510600'),(2679,'510623','中江县',3,'510600'),(2680,'510626','罗江县',3,'510600'),(2681,'510681','广汉市',3,'510600'),(2682,'510682','什邡市',3,'510600'),(2683,'510683','绵竹市',3,'510600'),(2684,'510701','市辖区',3,'510700'),(2685,'510703','涪城区',3,'510700'),(2686,'510704','游仙区',3,'510700'),(2687,'510705','安州区',3,'510700'),(2688,'510722','三台县',3,'510700'),(2689,'510723','盐亭县',3,'510700'),(2690,'510725','梓潼县',3,'510700'),(2691,'510726','北川羌族自治县',3,'510700'),(2692,'510727','平武县',3,'510700'),(2693,'510781','江油市',3,'510700'),(2694,'510801','市辖区',3,'510800'),(2695,'510802','利州区',3,'510800'),(2696,'510811','昭化区',3,'510800'),(2697,'510812','朝天区',3,'510800'),(2698,'510821','旺苍县',3,'510800'),(2699,'510822','青川县',3,'510800'),(2700,'510823','剑阁县',3,'510800'),(2701,'510824','苍溪县',3,'510800'),(2702,'510901','市辖区',3,'510900'),(2703,'510903','船山区',3,'510900'),(2704,'510904','安居区',3,'510900'),(2705,'510921','蓬溪县',3,'510900'),(2706,'510922','射洪县',3,'510900'),(2707,'510923','大英县',3,'510900'),(2708,'511001','市辖区',3,'511000'),(2709,'511002','市中区',3,'511000'),(2710,'511011','东兴区',3,'511000'),(2711,'511024','威远县',3,'511000'),(2712,'511025','资中县',3,'511000'),(2713,'511028','隆昌县',3,'511000'),(2714,'511101','市辖区',3,'511100'),(2715,'511102','市中区',3,'511100'),(2716,'511111','沙湾区',3,'511100'),(2717,'511112','五通桥区',3,'511100'),(2718,'511113','金口河区',3,'511100'),(2719,'511123','犍为县',3,'511100'),(2720,'511124','井研县',3,'511100'),(2721,'511126','夹江县',3,'511100'),(2722,'511129','沐川县',3,'511100'),(2723,'511132','峨边彝族自治县',3,'511100'),(2724,'511133','马边彝族自治县',3,'511100'),(2725,'511181','峨眉山市',3,'511100'),(2726,'511301','市辖区',3,'511300'),(2727,'511302','顺庆区',3,'511300'),(2728,'511303','高坪区',3,'511300'),(2729,'511304','嘉陵区',3,'511300'),(2730,'511321','南部县',3,'511300'),(2731,'511322','营山县',3,'511300'),(2732,'511323','蓬安县',3,'511300'),(2733,'511324','仪陇县',3,'511300'),(2734,'511325','西充县',3,'511300'),(2735,'511381','阆中市',3,'511300'),(2736,'511401','市辖区',3,'511400'),(2737,'511402','东坡区',3,'511400'),(2738,'511403','彭山区',3,'511400'),(2739,'511421','仁寿县',3,'511400'),(2740,'511423','洪雅县',3,'511400'),(2741,'511424','丹棱县',3,'511400'),(2742,'511425','青神县',3,'511400'),(2743,'511501','市辖区',3,'511500'),(2744,'511502','翠屏区',3,'511500'),(2745,'511503','南溪区',3,'511500'),(2746,'511521','宜宾县',3,'511500'),(2747,'511523','江安县',3,'511500'),(2748,'511524','长宁县',3,'511500'),(2749,'511525','高县',3,'511500'),(2750,'511526','珙县',3,'511500'),(2751,'511527','筠连县',3,'511500'),(2752,'511528','兴文县',3,'511500'),(2753,'511529','屏山县',3,'511500'),(2754,'511601','市辖区',3,'511600'),(2755,'511602','广安区',3,'511600'),(2756,'511603','前锋区',3,'511600'),(2757,'511621','岳池县',3,'511600'),(2758,'511622','武胜县',3,'511600'),(2759,'511623','邻水县',3,'511600'),(2760,'511681','华蓥市',3,'511600'),(2761,'511701','市辖区',3,'511700'),(2762,'511702','通川区',3,'511700'),(2763,'511703','达川区',3,'511700'),(2764,'511722','宣汉县',3,'511700'),(2765,'511723','开江县',3,'511700'),(2766,'511724','大竹县',3,'511700'),(2767,'511725','渠县',3,'511700'),(2768,'511781','万源市',3,'511700'),(2769,'511801','市辖区',3,'511800'),(2770,'511802','雨城区',3,'511800'),(2771,'511803','名山区',3,'511800'),(2772,'511822','荥经县',3,'511800'),(2773,'511823','汉源县',3,'511800'),(2774,'511824','石棉县',3,'511800'),(2775,'511825','天全县',3,'511800'),(2776,'511826','芦山县',3,'511800'),(2777,'511827','宝兴县',3,'511800'),(2778,'511901','市辖区',3,'511900'),(2779,'511902','巴州区',3,'511900'),(2780,'511903','恩阳区',3,'511900'),(2781,'511921','通江县',3,'511900'),(2782,'511922','南江县',3,'511900'),(2783,'511923','平昌县',3,'511900'),(2784,'512001','市辖区',3,'512000'),(2785,'512002','雁江区',3,'512000'),(2786,'512021','安岳县',3,'512000'),(2787,'512022','乐至县',3,'512000'),(2788,'513201','马尔康市',3,'513200'),(2789,'513221','汶川县',3,'513200'),(2790,'513222','理县',3,'513200'),(2791,'513223','茂县',3,'513200'),(2792,'513224','松潘县',3,'513200'),(2793,'513225','九寨沟县',3,'513200'),(2794,'513226','金川县',3,'513200'),(2795,'513227','小金县',3,'513200'),(2796,'513228','黑水县',3,'513200'),(2797,'513230','壤塘县',3,'513200'),(2798,'513231','阿坝县',3,'513200'),(2799,'513232','若尔盖县',3,'513200'),(2800,'513233','红原县',3,'513200'),(2801,'513301','康定市',3,'513300'),(2802,'513322','泸定县',3,'513300'),(2803,'513323','丹巴县',3,'513300'),(2804,'513324','九龙县',3,'513300'),(2805,'513325','雅江县',3,'513300'),(2806,'513326','道孚县',3,'513300'),(2807,'513327','炉霍县',3,'513300'),(2808,'513328','甘孜县',3,'513300'),(2809,'513329','新龙县',3,'513300'),(2810,'513330','德格县',3,'513300'),(2811,'513331','白玉县',3,'513300'),(2812,'513332','石渠县',3,'513300'),(2813,'513333','色达县',3,'513300'),(2814,'513334','理塘县',3,'513300'),(2815,'513335','巴塘县',3,'513300'),(2816,'513336','乡城县',3,'513300'),(2817,'513337','稻城县',3,'513300'),(2818,'513338','得荣县',3,'513300'),(2819,'513401','西昌市',3,'513400'),(2820,'513422','木里藏族自治县',3,'513400'),(2821,'513423','盐源县',3,'513400'),(2822,'513424','德昌县',3,'513400'),(2823,'513425','会理县',3,'513400'),(2824,'513426','会东县',3,'513400'),(2825,'513427','宁南县',3,'513400'),(2826,'513428','普格县',3,'513400'),(2827,'513429','布拖县',3,'513400'),(2828,'513430','金阳县',3,'513400'),(2829,'513431','昭觉县',3,'513400'),(2830,'513432','喜德县',3,'513400'),(2831,'513433','冕宁县',3,'513400'),(2832,'513434','越西县',3,'513400'),(2833,'513435','甘洛县',3,'513400'),(2834,'513436','美姑县',3,'513400'),(2835,'513437','雷波县',3,'513400'),(2836,'520101','市辖区',3,'520100'),(2837,'520102','南明区',3,'520100'),(2838,'520103','云岩区',3,'520100'),(2839,'520111','花溪区',3,'520100'),(2840,'520112','乌当区',3,'520100'),(2841,'520113','白云区',3,'520100'),(2842,'520115','观山湖区',3,'520100'),(2843,'520121','开阳县',3,'520100'),(2844,'520122','息烽县',3,'520100'),(2845,'520123','修文县',3,'520100'),(2846,'520181','清镇市',3,'520100'),(2847,'520201','钟山区',3,'520200'),(2848,'520203','六枝特区',3,'520200'),(2849,'520221','水城县',3,'520200'),(2850,'520222','盘县',3,'520200'),(2851,'520301','市辖区',3,'520300'),(2852,'520302','红花岗区',3,'520300'),(2853,'520303','汇川区',3,'520300'),(2854,'520304','播州区',3,'520300'),(2855,'520322','桐梓县',3,'520300'),(2856,'520323','绥阳县',3,'520300'),(2857,'520324','正安县',3,'520300'),(2858,'520325','道真仡佬族苗族自治县',3,'520300'),(2859,'520326','务川仡佬族苗族自治县',3,'520300'),(2860,'520327','凤冈县',3,'520300'),(2861,'520328','湄潭县',3,'520300'),(2862,'520329','余庆县',3,'520300'),(2863,'520330','习水县',3,'520300'),(2864,'520381','赤水市',3,'520300'),(2865,'520382','仁怀市',3,'520300'),(2866,'520401','市辖区',3,'520400'),(2867,'520402','西秀区',3,'520400'),(2868,'520403','平坝区',3,'520400'),(2869,'520422','普定县',3,'520400'),(2870,'520423','镇宁布依族苗族自治县',3,'520400'),(2871,'520424','关岭布依族苗族自治县',3,'520400'),(2872,'520425','紫云苗族布依族自治县',3,'520400'),(2873,'520501','市辖区',3,'520500'),(2874,'520502','七星关区',3,'520500'),(2875,'520521','大方县',3,'520500'),(2876,'520522','黔西县',3,'520500'),(2877,'520523','金沙县',3,'520500'),(2878,'520524','织金县',3,'520500'),(2879,'520525','纳雍县',3,'520500'),(2880,'520526','威宁彝族回族苗族自治县',3,'520500'),(2881,'520527','赫章县',3,'520500'),(2882,'520601','市辖区',3,'520600'),(2883,'520602','碧江区',3,'520600'),(2884,'520603','万山区',3,'520600'),(2885,'520621','江口县',3,'520600'),(2886,'520622','玉屏侗族自治县',3,'520600'),(2887,'520623','石阡县',3,'520600'),(2888,'520624','思南县',3,'520600'),(2889,'520625','印江土家族苗族自治县',3,'520600'),(2890,'520626','德江县',3,'520600'),(2891,'520627','沿河土家族自治县',3,'520600'),(2892,'520628','松桃苗族自治县',3,'520600'),(2893,'522301','兴义市',3,'522300'),(2894,'522322','兴仁县',3,'522300'),(2895,'522323','普安县',3,'522300'),(2896,'522324','晴隆县',3,'522300'),(2897,'522325','贞丰县',3,'522300'),(2898,'522326','望谟县',3,'522300'),(2899,'522327','册亨县',3,'522300'),(2900,'522328','安龙县',3,'522300'),(2901,'522601','凯里市',3,'522600'),(2902,'522622','黄平县',3,'522600'),(2903,'522623','施秉县',3,'522600'),(2904,'522624','三穗县',3,'522600'),(2905,'522625','镇远县',3,'522600'),(2906,'522626','岑巩县',3,'522600'),(2907,'522627','天柱县',3,'522600'),(2908,'522628','锦屏县',3,'522600'),(2909,'522629','剑河县',3,'522600'),(2910,'522630','台江县',3,'522600'),(2911,'522631','黎平县',3,'522600'),(2912,'522632','榕江县',3,'522600'),(2913,'522633','从江县',3,'522600'),(2914,'522634','雷山县',3,'522600'),(2915,'522635','麻江县',3,'522600'),(2916,'522636','丹寨县',3,'522600'),(2917,'522701','都匀市',3,'522700'),(2918,'522702','福泉市',3,'522700'),(2919,'522722','荔波县',3,'522700'),(2920,'522723','贵定县',3,'522700'),(2921,'522725','瓮安县',3,'522700'),(2922,'522726','独山县',3,'522700'),(2923,'522727','平塘县',3,'522700'),(2924,'522728','罗甸县',3,'522700'),(2925,'522729','长顺县',3,'522700'),(2926,'522730','龙里县',3,'522700'),(2927,'522731','惠水县',3,'522700'),(2928,'522732','三都水族自治县',3,'522700'),(2929,'530101','市辖区',3,'530100'),(2930,'530102','五华区',3,'530100'),(2931,'530103','盘龙区',3,'530100'),(2932,'530111','官渡区',3,'530100'),(2933,'530112','西山区',3,'530100'),(2934,'530113','东川区',3,'530100'),(2935,'530114','呈贡区',3,'530100'),(2936,'530122','晋宁县',3,'530100'),(2937,'530124','富民县',3,'530100'),(2938,'530125','宜良县',3,'530100'),(2939,'530126','石林彝族自治县',3,'530100'),(2940,'530127','嵩明县',3,'530100'),(2941,'530128','禄劝彝族苗族自治县',3,'530100'),(2942,'530129','寻甸回族彝族自治县',3,'530100'),(2943,'530181','安宁市',3,'530100'),(2944,'530301','市辖区',3,'530300'),(2945,'530302','麒麟区',3,'530300'),(2946,'530303','沾益区',3,'530300'),(2947,'530321','马龙县',3,'530300'),(2948,'530322','陆良县',3,'530300'),(2949,'530323','师宗县',3,'530300'),(2950,'530324','罗平县',3,'530300'),(2951,'530325','富源县',3,'530300'),(2952,'530326','会泽县',3,'530300'),(2953,'530381','宣威市',3,'530300'),(2954,'530401','市辖区',3,'530400'),(2955,'530402','红塔区',3,'530400'),(2956,'530403','江川区',3,'530400'),(2957,'530422','澄江县',3,'530400'),(2958,'530423','通海县',3,'530400'),(2959,'530424','华宁县',3,'530400'),(2960,'530425','易门县',3,'530400'),(2961,'530426','峨山彝族自治县',3,'530400'),(2962,'530427','新平彝族傣族自治县',3,'530400'),(2963,'530428','元江哈尼族彝族傣族自治县',3,'530400'),(2964,'530501','市辖区',3,'530500'),(2965,'530502','隆阳区',3,'530500'),(2966,'530521','施甸县',3,'530500'),(2967,'530523','龙陵县',3,'530500'),(2968,'530524','昌宁县',3,'530500'),(2969,'530581','腾冲市',3,'530500'),(2970,'530601','市辖区',3,'530600'),(2971,'530602','昭阳区',3,'530600'),(2972,'530621','鲁甸县',3,'530600'),(2973,'530622','巧家县',3,'530600'),(2974,'530623','盐津县',3,'530600'),(2975,'530624','大关县',3,'530600'),(2976,'530625','永善县',3,'530600'),(2977,'530626','绥江县',3,'530600'),(2978,'530627','镇雄县',3,'530600'),(2979,'530628','彝良县',3,'530600'),(2980,'530629','威信县',3,'530600'),(2981,'530630','水富县',3,'530600'),(2982,'530701','市辖区',3,'530700'),(2983,'530702','古城区',3,'530700'),(2984,'530721','玉龙纳西族自治县',3,'530700'),(2985,'530722','永胜县',3,'530700'),(2986,'530723','华坪县',3,'530700'),(2987,'530724','宁蒗彝族自治县',3,'530700'),(2988,'530801','市辖区',3,'530800'),(2989,'530802','思茅区',3,'530800'),(2990,'530821','宁洱哈尼族彝族自治县',3,'530800'),(2991,'530822','墨江哈尼族自治县',3,'530800'),(2992,'530823','景东彝族自治县',3,'530800'),(2993,'530824','景谷傣族彝族自治县',3,'530800'),(2994,'530825','镇沅彝族哈尼族拉祜族自治县',3,'530800'),(2995,'530826','江城哈尼族彝族自治县',3,'530800'),(2996,'530827','孟连傣族拉祜族佤族自治县',3,'530800'),(2997,'530828','澜沧拉祜族自治县',3,'530800'),(2998,'530829','西盟佤族自治县',3,'530800'),(2999,'530901','市辖区',3,'530900'),(3000,'530902','临翔区',3,'530900'),(3001,'530921','凤庆县',3,'530900'),(3002,'530922','云县',3,'530900'),(3003,'530923','永德县',3,'530900'),(3004,'530924','镇康县',3,'530900'),(3005,'530925','双江拉祜族佤族布朗族傣族自治县',3,'530900'),(3006,'530926','耿马傣族佤族自治县',3,'530900'),(3007,'530927','沧源佤族自治县',3,'530900'),(3008,'532301','楚雄市',3,'532300'),(3009,'532322','双柏县',3,'532300'),(3010,'532323','牟定县',3,'532300'),(3011,'532324','南华县',3,'532300'),(3012,'532325','姚安县',3,'532300'),(3013,'532326','大姚县',3,'532300'),(3014,'532327','永仁县',3,'532300'),(3015,'532328','元谋县',3,'532300'),(3016,'532329','武定县',3,'532300'),(3017,'532331','禄丰县',3,'532300'),(3018,'532501','个旧市',3,'532500'),(3019,'532502','开远市',3,'532500'),(3020,'532503','蒙自市',3,'532500'),(3021,'532504','弥勒市',3,'532500'),(3022,'532523','屏边苗族自治县',3,'532500'),(3023,'532524','建水县',3,'532500'),(3024,'532525','石屏县',3,'532500'),(3025,'532527','泸西县',3,'532500'),(3026,'532528','元阳县',3,'532500'),(3027,'532529','红河县',3,'532500'),(3028,'532530','金平苗族瑶族傣族自治县',3,'532500'),(3029,'532531','绿春县',3,'532500'),(3030,'532532','河口瑶族自治县',3,'532500'),(3031,'532601','文山市',3,'532600'),(3032,'532622','砚山县',3,'532600'),(3033,'532623','西畴县',3,'532600'),(3034,'532624','麻栗坡县',3,'532600'),(3035,'532625','马关县',3,'532600'),(3036,'532626','丘北县',3,'532600'),(3037,'532627','广南县',3,'532600'),(3038,'532628','富宁县',3,'532600'),(3039,'532801','景洪市',3,'532800'),(3040,'532822','勐海县',3,'532800'),(3041,'532823','勐腊县',3,'532800'),(3042,'532901','大理市',3,'532900'),(3043,'532922','漾濞彝族自治县',3,'532900'),(3044,'532923','祥云县',3,'532900'),(3045,'532924','宾川县',3,'532900'),(3046,'532925','弥渡县',3,'532900'),(3047,'532926','南涧彝族自治县',3,'532900'),(3048,'532927','巍山彝族回族自治县',3,'532900'),(3049,'532928','永平县',3,'532900'),(3050,'532929','云龙县',3,'532900'),(3051,'532930','洱源县',3,'532900'),(3052,'532931','剑川县',3,'532900'),(3053,'532932','鹤庆县',3,'532900'),(3054,'533102','瑞丽市',3,'533100'),(3055,'533103','芒市',3,'533100'),(3056,'533122','梁河县',3,'533100'),(3057,'533123','盈江县',3,'533100'),(3058,'533124','陇川县',3,'533100'),(3059,'533301','泸水市',3,'533300'),(3060,'533323','福贡县',3,'533300'),(3061,'533324','贡山独龙族怒族自治县',3,'533300'),(3062,'533325','兰坪白族普米族自治县',3,'533300'),(3063,'533401','香格里拉市',3,'533400'),(3064,'533422','德钦县',3,'533400'),(3065,'533423','维西傈僳族自治县',3,'533400'),(3066,'540101','市辖区',3,'540100'),(3067,'540102','城关区',3,'540100'),(3068,'540103','堆龙德庆区',3,'540100'),(3069,'540121','林周县',3,'540100'),(3070,'540122','当雄县',3,'540100'),(3071,'540123','尼木县',3,'540100'),(3072,'540124','曲水县',3,'540100'),(3073,'540126','达孜县',3,'540100'),(3074,'540127','墨竹工卡县',3,'540100'),(3075,'540202','桑珠孜区',3,'540200'),(3076,'540221','南木林县',3,'540200'),(3077,'540222','江孜县',3,'540200'),(3078,'540223','定日县',3,'540200'),(3079,'540224','萨迦县',3,'540200'),(3080,'540225','拉孜县',3,'540200'),(3081,'540226','昂仁县',3,'540200'),(3082,'540227','谢通门县',3,'540200'),(3083,'540228','白朗县',3,'540200'),(3084,'540229','仁布县',3,'540200'),(3085,'540230','康马县',3,'540200'),(3086,'540231','定结县',3,'540200'),(3087,'540232','仲巴县',3,'540200'),(3088,'540233','亚东县',3,'540200'),(3089,'540234','吉隆县',3,'540200'),(3090,'540235','聂拉木县',3,'540200'),(3091,'540236','萨嘎县',3,'540200'),(3092,'540237','岗巴县',3,'540200'),(3093,'540302','卡若区',3,'540300'),(3094,'540321','江达县',3,'540300'),(3095,'540322','贡觉县',3,'540300'),(3096,'540323','类乌齐县',3,'540300'),(3097,'540324','丁青县',3,'540300'),(3098,'540325','察雅县',3,'540300'),(3099,'540326','八宿县',3,'540300'),(3100,'540327','左贡县',3,'540300'),(3101,'540328','芒康县',3,'540300'),(3102,'540329','洛隆县',3,'540300'),(3103,'540330','边坝县',3,'540300'),(3104,'540402','巴宜区',3,'540400'),(3105,'540421','工布江达县',3,'540400'),(3106,'540422','米林县',3,'540400'),(3107,'540423','墨脱县',3,'540400'),(3108,'540424','波密县',3,'540400'),(3109,'540425','察隅县',3,'540400'),(3110,'540426','朗县',3,'540400'),(3111,'540501','市辖区',3,'540500'),(3112,'540502','乃东区',3,'540500'),(3113,'540521','扎囊县',3,'540500'),(3114,'540522','贡嘎县',3,'540500'),(3115,'540523','桑日县',3,'540500'),(3116,'540524','琼结县',3,'540500'),(3117,'540525','曲松县',3,'540500'),(3118,'540526','措美县',3,'540500'),(3119,'540527','洛扎县',3,'540500'),(3120,'540528','加查县',3,'540500'),(3121,'540529','隆子县',3,'540500'),(3122,'540530','错那县',3,'540500'),(3123,'540531','浪卡子县',3,'540500'),(3124,'542421','那曲县',3,'542400'),(3125,'542422','嘉黎县',3,'542400'),(3126,'542423','比如县',3,'542400'),(3127,'542424','聂荣县',3,'542400'),(3128,'542425','安多县',3,'542400'),(3129,'542426','申扎县',3,'542400'),(3130,'542427','索县',3,'542400'),(3131,'542428','班戈县',3,'542400'),(3132,'542429','巴青县',3,'542400'),(3133,'542430','尼玛县',3,'542400'),(3134,'542431','双湖县',3,'542400'),(3135,'542521','普兰县',3,'542500'),(3136,'542522','札达县',3,'542500'),(3137,'542523','噶尔县',3,'542500'),(3138,'542524','日土县',3,'542500'),(3139,'542525','革吉县',3,'542500'),(3140,'542526','改则县',3,'542500'),(3141,'542527','措勤县',3,'542500'),(3142,'610101','市辖区',3,'610100'),(3143,'610102','新城区',3,'610100'),(3144,'610103','碑林区',3,'610100'),(3145,'610104','莲湖区',3,'610100'),(3146,'610111','灞桥区',3,'610100'),(3147,'610112','未央区',3,'610100'),(3148,'610113','雁塔区',3,'610100'),(3149,'610114','阎良区',3,'610100'),(3150,'610115','临潼区',3,'610100'),(3151,'610116','长安区',3,'610100'),(3152,'610117','高陵区',3,'610100'),(3153,'610122','蓝田县',3,'610100'),(3154,'610124','周至县',3,'610100'),(3155,'610125','户县',3,'610100'),(3156,'610201','市辖区',3,'610200'),(3157,'610202','王益区',3,'610200'),(3158,'610203','印台区',3,'610200'),(3159,'610204','耀州区',3,'610200'),(3160,'610222','宜君县',3,'610200'),(3161,'610301','市辖区',3,'610300'),(3162,'610302','渭滨区',3,'610300'),(3163,'610303','金台区',3,'610300'),(3164,'610304','陈仓区',3,'610300'),(3165,'610322','凤翔县',3,'610300'),(3166,'610323','岐山县',3,'610300'),(3167,'610324','扶风县',3,'610300'),(3168,'610326','眉县',3,'610300'),(3169,'610327','陇县',3,'610300'),(3170,'610328','千阳县',3,'610300'),(3171,'610329','麟游县',3,'610300'),(3172,'610330','凤县',3,'610300'),(3173,'610331','太白县',3,'610300'),(3174,'610401','市辖区',3,'610400'),(3175,'610402','秦都区',3,'610400'),(3176,'610403','杨陵区',3,'610400'),(3177,'610404','渭城区',3,'610400'),(3178,'610422','三原县',3,'610400'),(3179,'610423','泾阳县',3,'610400'),(3180,'610424','乾县',3,'610400'),(3181,'610425','礼泉县',3,'610400'),(3182,'610426','永寿县',3,'610400'),(3183,'610427','彬县',3,'610400'),(3184,'610428','长武县',3,'610400'),(3185,'610429','旬邑县',3,'610400'),(3186,'610430','淳化县',3,'610400'),(3187,'610431','武功县',3,'610400'),(3188,'610481','兴平市',3,'610400'),(3189,'610501','市辖区',3,'610500'),(3190,'610502','临渭区',3,'610500'),(3191,'610503','华州区',3,'610500'),(3192,'610522','潼关县',3,'610500'),(3193,'610523','大荔县',3,'610500'),(3194,'610524','合阳县',3,'610500'),(3195,'610525','澄城县',3,'610500'),(3196,'610526','蒲城县',3,'610500'),(3197,'610527','白水县',3,'610500'),(3198,'610528','富平县',3,'610500'),(3199,'610581','韩城市',3,'610500'),(3200,'610582','华阴市',3,'610500'),(3201,'610601','市辖区',3,'610600'),(3202,'610602','宝塔区',3,'610600'),(3203,'610603','安塞区',3,'610600'),(3204,'610621','延长县',3,'610600'),(3205,'610622','延川县',3,'610600'),(3206,'610623','子长县',3,'610600'),(3207,'610625','志丹县',3,'610600'),(3208,'610626','吴起县',3,'610600'),(3209,'610627','甘泉县',3,'610600'),(3210,'610628','富县',3,'610600'),(3211,'610629','洛川县',3,'610600'),(3212,'610630','宜川县',3,'610600'),(3213,'610631','黄龙县',3,'610600'),(3214,'610632','黄陵县',3,'610600'),(3215,'610701','市辖区',3,'610700'),(3216,'610702','汉台区',3,'610700'),(3217,'610721','南郑县',3,'610700'),(3218,'610722','城固县',3,'610700'),(3219,'610723','洋县',3,'610700'),(3220,'610724','西乡县',3,'610700'),(3221,'610725','勉县',3,'610700'),(3222,'610726','宁强县',3,'610700'),(3223,'610727','略阳县',3,'610700'),(3224,'610728','镇巴县',3,'610700'),(3225,'610729','留坝县',3,'610700'),(3226,'610730','佛坪县',3,'610700'),(3227,'610801','市辖区',3,'610800'),(3228,'610802','榆阳区',3,'610800'),(3229,'610803','横山区',3,'610800'),(3230,'610821','神木县',3,'610800'),(3231,'610822','府谷县',3,'610800'),(3232,'610824','靖边县',3,'610800'),(3233,'610825','定边县',3,'610800'),(3234,'610826','绥德县',3,'610800'),(3235,'610827','米脂县',3,'610800'),(3236,'610828','佳县',3,'610800'),(3237,'610829','吴堡县',3,'610800'),(3238,'610830','清涧县',3,'610800'),(3239,'610831','子洲县',3,'610800'),(3240,'610901','市辖区',3,'610900'),(3241,'610902','汉滨区',3,'610900'),(3242,'610921','汉阴县',3,'610900'),(3243,'610922','石泉县',3,'610900'),(3244,'610923','宁陕县',3,'610900'),(3245,'610924','紫阳县',3,'610900'),(3246,'610925','岚皋县',3,'610900'),(3247,'610926','平利县',3,'610900'),(3248,'610927','镇坪县',3,'610900'),(3249,'610928','旬阳县',3,'610900'),(3250,'610929','白河县',3,'610900'),(3251,'611001','市辖区',3,'611000'),(3252,'611002','商州区',3,'611000'),(3253,'611021','洛南县',3,'611000'),(3254,'611022','丹凤县',3,'611000'),(3255,'611023','商南县',3,'611000'),(3256,'611024','山阳县',3,'611000'),(3257,'611025','镇安县',3,'611000'),(3258,'611026','柞水县',3,'611000'),(3259,'620101','市辖区',3,'620100'),(3260,'620102','城关区',3,'620100'),(3261,'620103','七里河区',3,'620100'),(3262,'620104','西固区',3,'620100'),(3263,'620105','安宁区',3,'620100'),(3264,'620111','红古区',3,'620100'),(3265,'620121','永登县',3,'620100'),(3266,'620122','皋兰县',3,'620100'),(3267,'620123','榆中县',3,'620100'),(3268,'620201','市辖区',3,'620200'),(3269,'620301','市辖区',3,'620300'),(3270,'620302','金川区',3,'620300'),(3271,'620321','永昌县',3,'620300'),(3272,'620401','市辖区',3,'620400'),(3273,'620402','白银区',3,'620400'),(3274,'620403','平川区',3,'620400'),(3275,'620421','靖远县',3,'620400'),(3276,'620422','会宁县',3,'620400'),(3277,'620423','景泰县',3,'620400'),(3278,'620501','市辖区',3,'620500'),(3279,'620502','秦州区',3,'620500'),(3280,'620503','麦积区',3,'620500'),(3281,'620521','清水县',3,'620500'),(3282,'620522','秦安县',3,'620500'),(3283,'620523','甘谷县',3,'620500'),(3284,'620524','武山县',3,'620500'),(3285,'620525','张家川回族自治县',3,'620500'),(3286,'620601','市辖区',3,'620600'),(3287,'620602','凉州区',3,'620600'),(3288,'620621','民勤县',3,'620600'),(3289,'620622','古浪县',3,'620600'),(3290,'620623','天祝藏族自治县',3,'620600'),(3291,'620701','市辖区',3,'620700'),(3292,'620702','甘州区',3,'620700'),(3293,'620721','肃南裕固族自治县',3,'620700'),(3294,'620722','民乐县',3,'620700'),(3295,'620723','临泽县',3,'620700'),(3296,'620724','高台县',3,'620700'),(3297,'620725','山丹县',3,'620700'),(3298,'620801','市辖区',3,'620800'),(3299,'620802','崆峒区',3,'620800'),(3300,'620821','泾川县',3,'620800'),(3301,'620822','灵台县',3,'620800'),(3302,'620823','崇信县',3,'620800'),(3303,'620824','华亭县',3,'620800'),(3304,'620825','庄浪县',3,'620800'),(3305,'620826','静宁县',3,'620800'),(3306,'620901','市辖区',3,'620900'),(3307,'620902','肃州区',3,'620900'),(3308,'620921','金塔县',3,'620900'),(3309,'620922','瓜州县',3,'620900'),(3310,'620923','肃北蒙古族自治县',3,'620900'),(3311,'620924','阿克塞哈萨克族自治县',3,'620900'),(3312,'620981','玉门市',3,'620900'),(3313,'620982','敦煌市',3,'620900'),(3314,'621001','市辖区',3,'621000'),(3315,'621002','西峰区',3,'621000'),(3316,'621021','庆城县',3,'621000'),(3317,'621022','环县',3,'621000'),(3318,'621023','华池县',3,'621000'),(3319,'621024','合水县',3,'621000'),(3320,'621025','正宁县',3,'621000'),(3321,'621026','宁县',3,'621000'),(3322,'621027','镇原县',3,'621000'),(3323,'621101','市辖区',3,'621100'),(3324,'621102','安定区',3,'621100'),(3325,'621121','通渭县',3,'621100'),(3326,'621122','陇西县',3,'621100'),(3327,'621123','渭源县',3,'621100'),(3328,'621124','临洮县',3,'621100'),(3329,'621125','漳县',3,'621100'),(3330,'621126','岷县',3,'621100'),(3331,'621201','市辖区',3,'621200'),(3332,'621202','武都区',3,'621200'),(3333,'621221','成县',3,'621200'),(3334,'621222','文县',3,'621200'),(3335,'621223','宕昌县',3,'621200'),(3336,'621224','康县',3,'621200'),(3337,'621225','西和县',3,'621200'),(3338,'621226','礼县',3,'621200'),(3339,'621227','徽县',3,'621200'),(3340,'621228','两当县',3,'621200'),(3341,'622901','临夏市',3,'622900'),(3342,'622921','临夏县',3,'622900'),(3343,'622922','康乐县',3,'622900'),(3344,'622923','永靖县',3,'622900'),(3345,'622924','广河县',3,'622900'),(3346,'622925','和政县',3,'622900'),(3347,'622926','东乡族自治县',3,'622900'),(3348,'622927','积石山保安族东乡族撒拉族自治县',3,'622900'),(3349,'623001','合作市',3,'623000'),(3350,'623021','临潭县',3,'623000'),(3351,'623022','卓尼县',3,'623000'),(3352,'623023','舟曲县',3,'623000'),(3353,'623024','迭部县',3,'623000'),(3354,'623025','玛曲县',3,'623000'),(3355,'623026','碌曲县',3,'623000'),(3356,'623027','夏河县',3,'623000'),(3357,'630101','市辖区',3,'630100'),(3358,'630102','城东区',3,'630100'),(3359,'630103','城中区',3,'630100'),(3360,'630104','城西区',3,'630100'),(3361,'630105','城北区',3,'630100'),(3362,'630121','大通回族土族自治县',3,'630100'),(3363,'630122','湟中县',3,'630100'),(3364,'630123','湟源县',3,'630100'),(3365,'630202','乐都区',3,'630200'),(3366,'630203','平安区',3,'630200'),(3367,'630222','民和回族土族自治县',3,'630200'),(3368,'630223','互助土族自治县',3,'630200'),(3369,'630224','化隆回族自治县',3,'630200'),(3370,'630225','循化撒拉族自治县',3,'630200'),(3371,'632221','门源回族自治县',3,'632200'),(3372,'632222','祁连县',3,'632200'),(3373,'632223','海晏县',3,'632200'),(3374,'632224','刚察县',3,'632200'),(3375,'632321','同仁县',3,'632300'),(3376,'632322','尖扎县',3,'632300'),(3377,'632323','泽库县',3,'632300'),(3378,'632324','河南蒙古族自治县',3,'632300'),(3379,'632521','共和县',3,'632500'),(3380,'632522','同德县',3,'632500'),(3381,'632523','贵德县',3,'632500'),(3382,'632524','兴海县',3,'632500'),(3383,'632525','贵南县',3,'632500'),(3384,'632621','玛沁县',3,'632600'),(3385,'632622','班玛县',3,'632600'),(3386,'632623','甘德县',3,'632600'),(3387,'632624','达日县',3,'632600'),(3388,'632625','久治县',3,'632600'),(3389,'632626','玛多县',3,'632600'),(3390,'632701','玉树市',3,'632700'),(3391,'632722','杂多县',3,'632700'),(3392,'632723','称多县',3,'632700'),(3393,'632724','治多县',3,'632700'),(3394,'632725','囊谦县',3,'632700'),(3395,'632726','曲麻莱县',3,'632700'),(3396,'632801','格尔木市',3,'632800'),(3397,'632802','德令哈市',3,'632800'),(3398,'632821','乌兰县',3,'632800'),(3399,'632822','都兰县',3,'632800'),(3400,'632823','天峻县',3,'632800'),(3401,'640101','市辖区',3,'640100'),(3402,'640104','兴庆区',3,'640100'),(3403,'640105','西夏区',3,'640100'),(3404,'640106','金凤区',3,'640100'),(3405,'640121','永宁县',3,'640100'),(3406,'640122','贺兰县',3,'640100'),(3407,'640181','灵武市',3,'640100'),(3408,'640201','市辖区',3,'640200'),(3409,'640202','大武口区',3,'640200'),(3410,'640205','惠农区',3,'640200'),(3411,'640221','平罗县',3,'640200'),(3412,'640301','市辖区',3,'640300'),(3413,'640302','利通区',3,'640300'),(3414,'640303','红寺堡区',3,'640300'),(3415,'640323','盐池县',3,'640300'),(3416,'640324','同心县',3,'640300'),(3417,'640381','青铜峡市',3,'640300'),(3418,'640401','市辖区',3,'640400'),(3419,'640402','原州区',3,'640400'),(3420,'640422','西吉县',3,'640400'),(3421,'640423','隆德县',3,'640400'),(3422,'640424','泾源县',3,'640400'),(3423,'640425','彭阳县',3,'640400'),(3424,'640501','市辖区',3,'640500'),(3425,'640502','沙坡头区',3,'640500'),(3426,'640521','中宁县',3,'640500'),(3427,'640522','海原县',3,'640500'),(3428,'650101','市辖区',3,'650100'),(3429,'650102','天山区',3,'650100'),(3430,'650103','沙依巴克区',3,'650100'),(3431,'650104','新市区',3,'650100'),(3432,'650105','水磨沟区',3,'650100'),(3433,'650106','头屯河区',3,'650100'),(3434,'650107','达坂城区',3,'650100'),(3435,'650109','米东区',3,'650100'),(3436,'650121','乌鲁木齐县',3,'650100'),(3437,'650201','市辖区',3,'650200'),(3438,'650202','独山子区',3,'650200'),(3439,'650203','克拉玛依区',3,'650200'),(3440,'650204','白碱滩区',3,'650200'),(3441,'650205','乌尔禾区',3,'650200'),(3442,'650402','高昌区',3,'650400'),(3443,'650421','鄯善县',3,'650400'),(3444,'650422','托克逊县',3,'650400'),(3445,'650502','伊州区',3,'650500'),(3446,'650521','巴里坤哈萨克自治县',3,'650500'),(3447,'650522','伊吾县',3,'650500'),(3448,'652301','昌吉市',3,'652300'),(3449,'652302','阜康市',3,'652300'),(3450,'652323','呼图壁县',3,'652300'),(3451,'652324','玛纳斯县',3,'652300'),(3452,'652325','奇台县',3,'652300'),(3453,'652327','吉木萨尔县',3,'652300'),(3454,'652328','木垒哈萨克自治县',3,'652300'),(3455,'652701','博乐市',3,'652700'),(3456,'652702','阿拉山口市',3,'652700'),(3457,'652722','精河县',3,'652700'),(3458,'652723','温泉县',3,'652700'),(3459,'652801','库尔勒市',3,'652800'),(3460,'652822','轮台县',3,'652800'),(3461,'652823','尉犁县',3,'652800'),(3462,'652824','若羌县',3,'652800'),(3463,'652825','且末县',3,'652800'),(3464,'652826','焉耆回族自治县',3,'652800'),(3465,'652827','和静县',3,'652800'),(3466,'652828','和硕县',3,'652800'),(3467,'652829','博湖县',3,'652800'),(3468,'652901','阿克苏市',3,'652900'),(3469,'652922','温宿县',3,'652900'),(3470,'652923','库车县',3,'652900'),(3471,'652924','沙雅县',3,'652900'),(3472,'652925','新和县',3,'652900'),(3473,'652926','拜城县',3,'652900'),(3474,'652927','乌什县',3,'652900'),(3475,'652928','阿瓦提县',3,'652900'),(3476,'652929','柯坪县',3,'652900'),(3477,'653001','阿图什市',3,'653000'),(3478,'653022','阿克陶县',3,'653000'),(3479,'653023','阿合奇县',3,'653000'),(3480,'653024','乌恰县',3,'653000'),(3481,'653101','喀什市',3,'653100'),(3482,'653121','疏附县',3,'653100'),(3483,'653122','疏勒县',3,'653100'),(3484,'653123','英吉沙县',3,'653100'),(3485,'653124','泽普县',3,'653100'),(3486,'653125','莎车县',3,'653100'),(3487,'653126','叶城县',3,'653100'),(3488,'653127','麦盖提县',3,'653100'),(3489,'653128','岳普湖县',3,'653100'),(3490,'653129','伽师县',3,'653100'),(3491,'653130','巴楚县',3,'653100'),(3492,'653131','塔什库尔干塔吉克自治县',3,'653100'),(3493,'653201','和田市',3,'653200'),(3494,'653221','和田县',3,'653200'),(3495,'653222','墨玉县',3,'653200'),(3496,'653223','皮山县',3,'653200'),(3497,'653224','洛浦县',3,'653200'),(3498,'653225','策勒县',3,'653200'),(3499,'653226','于田县',3,'653200'),(3500,'653227','民丰县',3,'653200'),(3501,'654002','伊宁市',3,'654000'),(3502,'654003','奎屯市',3,'654000'),(3503,'654004','霍尔果斯市',3,'654000'),(3504,'654021','伊宁县',3,'654000'),(3505,'654022','察布查尔锡伯自治县',3,'654000'),(3506,'654023','霍城县',3,'654000'),(3507,'654024','巩留县',3,'654000'),(3508,'654025','新源县',3,'654000'),(3536,'441900003000','东城街道办事处',3,'441900'),(3537,'441900004000','南城街道办事处',3,'441900'),(3538,'441900005000','万江街道办事处',3,'441900'),(3539,'441900006000','莞城街道办事处',3,'441900'),(3540,'441900101000','石碣镇',3,'441900'),(3541,'441900102000','石龙镇',3,'441900'),(3542,'441900103000','茶山镇',3,'441900'),(3543,'441900104000','石排镇',3,'441900'),(3544,'441900105000','企石镇',3,'441900'),(3545,'441900106000','横沥镇',3,'441900'),(3546,'441900107000','桥头镇',3,'441900'),(3547,'441900108000','谢岗镇',3,'441900'),(3548,'441900109000','东坑镇',3,'441900'),(3549,'441900110000','常平镇',3,'441900'),(3550,'441900111000','寮步镇',3,'441900'),(3551,'441900112000','樟木头镇',3,'441900'),(3552,'441900113000','大朗镇',3,'441900'),(3553,'441900114000','黄江镇',3,'441900'),(3554,'441900115000','清溪镇',3,'441900'),(3555,'441900116000','塘厦镇',3,'441900'),(3556,'441900117000','凤岗镇',3,'441900'),(3557,'441900118000','大岭山镇',3,'441900'),(3558,'441900119000','长安镇',3,'441900'),(3559,'441900121000','虎门镇',3,'441900'),(3560,'441900122000','厚街镇',3,'441900'),(3561,'441900123000','沙田镇',3,'441900'),(3562,'441900124000','道滘镇',3,'441900'),(3563,'441900125000','洪梅镇',3,'441900'),(3564,'441900126000','麻涌镇',3,'441900'),(3565,'441900127000','望牛墩镇',3,'441900'),(3566,'441900128000','中堂镇',3,'441900'),(3567,'441900129000','高埗镇',3,'441900'),(3568,'441900401000','松山湖管委会',3,'441900'),(3569,'441900402000','虎门港管委会',3,'441900'),(3570,'441900403000','东莞生态园',3,'441900'),(3571,'440309000000','龙华区',3,'440300'),(3572,'440310000000','坪山区',3,'440300'),(3573,'360981','丰城市',2,'360000'),(3574,'36098101','城区片',3,'360981'),(3575,'36098102','河西片',3,'360981'),(3576,'36098103','白土片',3,'360981'),(3577,'36098104','拖船片',3,'360981'),(3578,'36098105','杜市片',3,'360981'),(3579,'36098106','山区片',3,'360981');
/*!40000 ALTER TABLE `DistrictData` ENABLE KEYS */;
UNLOCK TABLES;

--
-- Table structure for table `FrontHomeAdConfig`
--

DROP TABLE IF EXISTS `FrontHomeAdConfig`;
/*!40101 SET @saved_cs_client     = @@character_set_client */;
/*!40101 SET character_set_client = utf8 */;
CREATE TABLE `FrontHomeAdConfig` (
  `cat` varchar(20) NOT NULL,
  `name` varchar(40) DEFAULT NULL,
  `showFront` tinyint(1) NOT NULL,
  `order` int(4) NOT NULL,
  `imageUrl` varchar(2000) NOT NULL,
  `id` bigint(20) NOT NULL AUTO_INCREMENT,
  PRIMARY KEY (`id`)
) ENGINE=InnoDB AUTO_INCREMENT=1003 DEFAULT CHARSET=utf8;
/*!40101 SET character_set_client = @saved_cs_client */;

--
-- Dumping data for table `FrontHomeAdConfig`
--

LOCK TABLES `FrontHomeAdConfig` WRITE;
/*!40000 ALTER TABLE `FrontHomeAdConfig` DISABLE KEYS */;
INSERT INTO `FrontHomeAdConfig` VALUES ('Bread','世达一号',1,1,'http://diegooss.oss-cn-shenzhen.aliyuncs.com/202004201841505448.png',1001),('Bread','世达二号',1,2,'http://diegooss.oss-cn-shenzhen.aliyuncs.com/202004201843194347.png',1002);
/*!40000 ALTER TABLE `FrontHomeAdConfig` ENABLE KEYS */;
UNLOCK TABLES;

--
-- Table structure for table `HelpArticle`
--

DROP TABLE IF EXISTS `HelpArticle`;
/*!40101 SET @saved_cs_client     = @@character_set_client */;
/*!40101 SET character_set_client = utf8 */;
CREATE TABLE `HelpArticle` (
  `parentId` bigint(20) DEFAULT NULL,
  `level` int(2) NOT NULL,
  `order` int(4) NOT NULL,
  `showFront` tinyint(1) NOT NULL,
  `name` varchar(40) NOT NULL,
  `id` bigint(20) NOT NULL AUTO_INCREMENT,
  `content` text,
  PRIMARY KEY (`id`)
) ENGINE=InnoDB AUTO_INCREMENT=1029 DEFAULT CHARSET=utf8;
/*!40101 SET character_set_client = @saved_cs_client */;

--
-- Dumping data for table `HelpArticle`
--

LOCK TABLES `HelpArticle` WRITE;
/*!40000 ALTER TABLE `HelpArticle` DISABLE KEYS */;
INSERT INTO `HelpArticle` VALUES (NULL,1,1,1,'购物指南',1000,NULL),(NULL,1,3,1,'支付问题',1001,NULL),(NULL,1,5,1,'售后服务',1003,NULL),(1000,2,3,1,'交易条款',1006,'<p><strong>交易条款：</strong></p><p>客户在接受商品订购与送货的同时，有义务遵守以下交易条款。您在网景下订单之前或接受商城送货之前，请您仔细阅读以下条款：</p><p>1、订购的商品价格以您下订单时网景网上价格为准。</p><p>2、 请清楚准确地填写您的真实姓名、送货地址及联系方式。因如下情况造成订单延迟或无法配送等，商城将不承担责任：</p><p>&nbsp;A. 客户提供错误信息和不详细的地址；&nbsp;</p><p>B. 货物送达无人签收，由此造成的重复配送所产生的费用及相关的后果；&nbsp;</p><p>C. 不可抗力，例如：自然灾害、交通戒严、突发战争等。&nbsp;</p><p>3、安全性：无论您是电话订购商品或是网络订购商品，我们会保证交易信息的安全，并由网景授权的员工处理您的订单。&nbsp;</p><p>4、隐私权：网景尊重您的隐私权，在任何情况下，我们都不会将您的个人和订单信息出售或泄露给任何第三方（国家司法机关调取除外）。我们从网站上或电话中得到的所有客户信息仅用来处理您的相关订单。&nbsp;</p><p>5、免责：如因不可抗力或其它网景无法控制的原因使网景销售系统崩溃或无法正常使用导致网上交易无法完成或丢失有关的信息、记录等，网景会尽可能合理地协助处理善后事宜，并努力使客户免受经济损失。&nbsp;</p><p>6、客户监督：网景希望通过不懈努力，为客户提供最佳服务，网景在给客户提供服务的全过程中接受客户的监督。&nbsp;</p><p>7、争议处理：如果客户与商城之间发生任何争议，可依据当时双方所认定的协议及相关法律进行解决。</p>'),(1000,2,2,1,'购物流程',1007,'<p><strong>第一步 注册成为会员</strong></p><p><strong>第二步 使用会员登录</strong></p><p><strong>第三步 &nbsp;查找商品&nbsp;</strong></p><p><strong>通过网站搜索、分类功能或者在商家店铺找到您需要购买的商品</strong></p><p><strong>第四部 加入购物车</strong></p><p><strong>商品放入购物车后去结算或者继续购物</strong></p><p><strong>第五步 到购物车结算</strong></p><p><strong>第六步 选择或者填写收货地址</strong></p><p><strong>第七步 选择支付方式并付款</strong></p><p><strong>第八步 收货确认及评价</strong></p>'),(1001,2,1,1,'支付流程',1008,'<p><strong>支付流程：</strong></p><p><strong>1、怎么使用支付宝支付？</strong></p><p>在您提交订单之后，页面会跳转到支付方式的选择，您选择支付宝支付即可。</p><p><strong>2、怎么使用微信支付？</strong></p><p>&nbsp;在您提交订单之后，页面会跳转到支付方式的选择，您选择微信支付即可。</p><p><strong>3、订单已提交成功，怎么付款？</strong></p><p>付款方式分为以下几种：（注：先款订单请您在订单提交后72小时内完成支付， 否则订单会自动取消）&nbsp;</p><p>1.货到付款：选择货到付款，在订单送达时您可选择现金、POS机刷卡、支票方式支付货款或通过扫码支付。</p><p>2.在线支付：选择在线支付，请您进入“我的订单”，点击“付款”，按提示进行操作；目前在线支付支持支付宝、微信、银行卡支付，可根据您的使用喜好进行选择。</p><p>3.公司转账：企业网银在线支付，实时到账；或者线下公司转账，请您按照提示操作转账，等待网景对账（支付+对账时效：10天）即可；</p><p>注：具体支付方式和支付时效以实际下单页面显示的为准。</p>'),(1001,2,2,1,'货到付款',1009,'<p><strong>货到付款：</strong></p><p>如您需要货到付款请先跟网景客服联系，网景审核是否允许其货到付款。</p>'),(NULL,1,6,1,'特色服务',1010,NULL),(NULL,1,2,1,'配送问题',1011,NULL),(1000,2,4,1,'发票须知',1012,'<p><strong>发票须知：</strong></p><p><strong>一、发票类型</strong></p><p>1、增值税普通发票</p><p>个人及不具有一般纳税人资格的企业客户，均可开具增值税普通发票。发票抬头可以在用户中心的发票信息中添加修改，客户在下单时如果需要更改抬头，可以在订单结算页面的 “发票信息”中进行修改。</p><p>2、增值税专用发票</p><p>增值税专用发票可作为会计凭证和纳税证明，网景对具有一般纳税人资格的客户，提供开具增值税专用发票。需开具此类发票的客户在下单时可选择“增值税专用发票”自助申请。</p><p>&nbsp;</p><p><strong>二、开票条件</strong></p><p>需要开具增值税专用发票的客户需要提供：①公司在工商注册的名称；②纳税人识别号（公司《税务登记证》的编号，一般为15位，三证合一后为统一社会信用代码，18位）；③公司的注册地址和电话；④开户银行的名称与银行账号。</p><p>&nbsp;</p><p>&nbsp;</p>'),(1010,2,1,1,'定制工具',1013,'<p>网景提供个性化的工具定制服务，如果您有定制需求，请把您的要求（例如定制需求，交货周期等）联系客服说明，以便我们更好的为您服务！</p>'),(1010,2,2,1,'开发平台对接',1014,'<p>网景拥有强大的技术支持，如您有平台业务需要和网景平台对接，请联系客服。</p>'),(1001,2,3,1,'在线支付',1015,'<p><strong>在线支付：</strong></p><p>我们为您提供了支付平台支付、网上银行转帐的在线支付方式，您可以根据您的具体情况选择合适的支付方式。</p><p><strong>一、支付平台方式</strong><br>可选择微信支付或支付宝支付。</p><p><strong>二、网上银行转帐</strong><br>通过自己所拥有的借记卡、信用卡申请开通网上银行，然后通过网上银行直接支付的方式将款项支付到众惠商城的网银账户，我们收到货款后会第一时间为您开始备货。</p><p><strong>三、付款注意事项</strong><br>第一、为了您的资金安全，不推荐您使用现金支付。<br>第二、付款完成后，请及时通知我们查帐，款到后即可为您办理相关业务。</p>'),(1001,2,4,1,'公司转账',1016,'<p><strong>公司转账：</strong></p><p>订单金额较大的情况，支持线下银行转账或汇款的方式进行支付，如果您需要通过银行转账，请在操作完成之后，及时联系客服说明。</p><p>您可以到任何一家银行办理银行汇款业务，由于网景持有的是深圳市范围内银行的公司帐户，您在其他地方银行办理汇款手续时，银行会向您收取跨行汇款手续费。</p><p>&nbsp;</p>'),(1003,2,1,1,'返修/退换货',1017,'<p><strong>退换货说明&nbsp;</strong></p><p>网景支持线下退换货，如果您购买的商品需要退换货，请联系商城客服协商退换货。</p>'),(1003,2,3,1,'退款说明',1018,'<p><strong>退款说明：</strong></p><p>1、经审核通过的退款申请，在客户退回的商品经仓库检验合格的情况下，收到退款申请之日起7-10个工作日内退款给客户。若检验未合格不予退款。此外，由于客户递交退款申请及商品退回的延迟，以及银行、支付宝等第三方支付平台办理退款周期的原因，不排除退款时间延迟的可能。</p><p>2、在网景以任何支付方式的订单退款均以原路退回的方式退款（如：下单时使用支付宝付款，退款直接退回支付宝账户）。</p><p>3、申请退款时需将打款账户及相关信息反馈给售后人员，以便及时办理您的退款。</p>'),(1011,2,2,1,'配送须知',1022,'<p><strong>配送须知：</strong></p><p>1、我们将按照订单约定的收件地址、收货人信息发货，并负责将商品送达客户指定的收件地址；</p><p>2、客户在订单提交后，若需要变更订单中的收件地址或收货人信息，应在订单出库前与网景取得联系并在双方达成一致的情况下进行地址的变更。如有因客户填写收货信息不准确，或未经网景渠道进行的地址变更，导致商品无法送达的，一切损失由客户承担。</p><p>3、由快递配送的订单，按照一般快递配送方式送货上门；由物流配送的订单，物流公司负责送货到点，不上楼，如客户要求送上楼，则由客户直接和物流公司沟通并直接支付上楼费用。</p>'),(1011,2,2,1,'配送时效',1023,'<p><strong>配送时效：</strong></p><p>常规现货商品72小时内发出，如货品需要调拨，则会晚于72小时发货</p>'),(1011,2,3,1,'配送方式',1024,'<p><strong>配送方式：</strong></p><p>大件货物选用物流发货；小件货物选择常规的快递发货（如申通、汇通、圆通等）。</p>'),(1011,2,4,1,'验货签收',1025,'<p><strong>验货签收：</strong></p><p>1、网景按照约定发货后，收货人有及时收货的义务。收货人可以本人签收商品或他人（包括门卫）代为签收商品，他人的签收视为收货人本人签收。签收即代表收货人对商品无异议。</p><p>2、验货签收时，需注意以下事项：</p><p>a.收货人务必在配送人员面前，确认货物未被拆封、无破损的情况后再签收。如外包装有挤压、变形、破损或被拆封等损坏迹象，您可拒收该货品，并及时通知网景相关人员进行处理。如您签收有明显损坏迹象的外包装后再投诉，恕我们不能受理。</p><p>b.如货物外箱贴有易碎标识，请务必当场开箱验货，若签收后发现货物破损，我们将不再受理关于此货物有误或有损坏的投诉。</p><p>c.如签收时发现货物有损坏，或货物与购买订单中不符，您可拒收。</p><p>d.在未签收并当面验货的情况下，发现货物有损，可在快递面单上注明“外包装损坏，**产品破损”，“内件损坏，本人拒收”等具体破损情况，再联系网景客服，以便我司后续理赔处理；若拒签，由物流公司返回网景，请拒签后第一时间联系网景售后人员进行相关处理。</p><p>e.若出现以上问题，请在收到货物后48小时内与网景联系。另外，为了更好保障您的权益，请在验货签收时保留商品破损的相关证明及资料（如视频、照片等）。</p>'),(1003,2,2,1,'退换货细则',1026,'<p><strong>退换货细则：</strong></p><p><strong>1、判断实际收货日期规则：网景配送上门订单、合作物流配送订单，均以物流反馈客户实际签收日期为准。</strong></p><p><strong>2、客户寄回商品时需要在包装里附有如下书面内容：</strong></p><p>&nbsp;&nbsp;&nbsp;&nbsp;1)&nbsp;&nbsp;受理单号、客户联系人及联系方式；</p><p>&nbsp;&nbsp;&nbsp;&nbsp;2)&nbsp;&nbsp;需退/换/修的商品订货号、型号、数量、退货原因。</p><p><strong>3、退换货需提供证明材料：</strong></p><p>&nbsp;&nbsp;&nbsp;&nbsp;1)&nbsp;&nbsp;整个包裹图片、发货清单图片、产品外包装图片和产品细节图片；</p><p>&nbsp;&nbsp;&nbsp;&nbsp;2)&nbsp;&nbsp;为保障准确性，并提高退换货效率，证明材料不能涂画、挤压。</p><p><strong>4、运费承担：</strong></p><p>&nbsp;&nbsp;&nbsp;&nbsp;1)&nbsp;&nbsp;由网景引起的退换货，运费由网景承担；</p><p>&nbsp;&nbsp;&nbsp;&nbsp;2)&nbsp;&nbsp;其他原因引起的退换货，运费由客户承担。</p><p><strong>5、退换货期：如果出现商品错发需要退换货的，经确认核实后，在收到客户退回货物后将第一时间处理客户补发或退款事宜。</strong></p><p><strong>6、关于发票：</strong></p><p>&nbsp;&nbsp;&nbsp;&nbsp;1)&nbsp;&nbsp;如果增值税发票已开具，客户尚未抵扣，须退还增值税发票；</p><p>&nbsp;&nbsp;&nbsp;&nbsp;2)&nbsp;&nbsp;如果已经抵扣，请提供《开具红字增值税专用发票申请单》；</p><p>&nbsp;&nbsp;&nbsp;&nbsp;3)&nbsp;&nbsp;如以上不能提供，客户需承担由此产生的税金损失, 即发票含税金额的13%。</p>'),(1000,2,4,1,'商品咨询',1028,'<p><strong>商品咨询：</strong></p><p><strong>1、在网景购买商品是怎么包装的？</strong></p><p>商品包装由于商品种类大小不同都是不同的，具体以实际收到为准。</p><p><strong>2、如何查看商品性能/规格/参数？</strong></p><p>商品性能/规格/参数可以通过以下方式查看： 方案一：进入商品详情页面，在商品下方点击“商品参数”查看； 方案二：页面右侧可以联系客服咨询；</p><p><strong>3、加入购物车后，是不是该商品已经被我预定了？</strong></p><p>商品加入购物车后，此商品不属于被预定，需要以成功提交订单为准。</p>');
/*!40000 ALTER TABLE `HelpArticle` ENABLE KEYS */;
UNLOCK TABLES;

--
-- Table structure for table `HomeFloor`
--

DROP TABLE IF EXISTS `HomeFloor`;
/*!40101 SET @saved_cs_client     = @@character_set_client */;
/*!40101 SET character_set_client = utf8 */;
CREATE TABLE `HomeFloor` (
  `showFront` tinyint(1) NOT NULL,
  `order` int(4) NOT NULL,
  `name` varchar(40) NOT NULL,
  `id` bigint(20) NOT NULL AUTO_INCREMENT,
  PRIMARY KEY (`id`)
) ENGINE=InnoDB AUTO_INCREMENT=1002 DEFAULT CHARSET=utf8;
/*!40101 SET character_set_client = @saved_cs_client */;

--
-- Dumping data for table `HomeFloor`
--

LOCK TABLES `HomeFloor` WRITE;
/*!40000 ALTER TABLE `HomeFloor` DISABLE KEYS */;
INSERT INTO `HomeFloor` VALUES (1,1,'商城优选',1000),(1,2,'热卖折扣',1001);
/*!40000 ALTER TABLE `HomeFloor` ENABLE KEYS */;
UNLOCK TABLES;

--
-- Table structure for table `HomeFloorProduct`
--

DROP TABLE IF EXISTS `HomeFloorProduct`;
/*!40101 SET @saved_cs_client     = @@character_set_client */;
/*!40101 SET character_set_client = utf8 */;
CREATE TABLE `HomeFloorProduct` (
  `productId` bigint(20) NOT NULL,
  `order` int(4) NOT NULL,
  `floorId` bigint(20) NOT NULL,
  PRIMARY KEY (`productId`,`floorId`)
) ENGINE=InnoDB DEFAULT CHARSET=utf8;
/*!40101 SET character_set_client = @saved_cs_client */;

--
-- Dumping data for table `HomeFloorProduct`
--

LOCK TABLES `HomeFloorProduct` WRITE;
/*!40000 ALTER TABLE `HomeFloorProduct` DISABLE KEYS */;
INSERT INTO `HomeFloorProduct` VALUES (272,9,1000),(273,6,1000),(274,10,1000),(280,8,1000),(281,7,1000),(282,5,1001),(283,6,1001),(288,1,1000),(289,2,1000),(304,3,1000),(317,10,1001),(322,5,1000),(340,4,1000),(346,7,1001),(347,8,1001),(348,9,1001),(356,4,1001),(357,1,1001),(358,2,1001),(359,3,1001);
/*!40000 ALTER TABLE `HomeFloorProduct` ENABLE KEYS */;
UNLOCK TABLES;

--
-- Table structure for table `ModalSpecGroup`
--

DROP TABLE IF EXISTS `ModalSpecGroup`;
/*!40101 SET @saved_cs_client     = @@character_set_client */;
/*!40101 SET character_set_client = utf8 */;
CREATE TABLE `ModalSpecGroup` (
  `modalId` bigint(20) NOT NULL,
  `remark` varchar(200) DEFAULT NULL,
  `name` varchar(200) NOT NULL,
  `id` bigint(20) NOT NULL AUTO_INCREMENT,
  PRIMARY KEY (`id`)
) ENGINE=InnoDB AUTO_INCREMENT=1044 DEFAULT CHARSET=utf8;
/*!40101 SET character_set_client = @saved_cs_client */;

--
-- Dumping data for table `ModalSpecGroup`
--

LOCK TABLES `ModalSpecGroup` WRITE;
/*!40000 ALTER TABLE `ModalSpecGroup` DISABLE KEYS */;
INSERT INTO `ModalSpecGroup` VALUES (1018,NULL,'规格',1013),(1019,NULL,'规格',1014),(1020,NULL,'规格',1015),(1021,NULL,'规格',1016),(1022,NULL,'规格',1017),(1023,NULL,'规格',1018),(1024,NULL,'规格',1019),(1025,NULL,'规格',1020),(1026,NULL,'规格',1021),(1027,NULL,'规格',1022),(1028,NULL,'规格',1023),(1029,NULL,'规格',1024),(1030,NULL,'规格',1025),(1032,NULL,'规格',1026),(1033,NULL,'长度',1027),(1034,NULL,'规格',1028),(1035,NULL,'规格',1029),(1036,NULL,'规格',1030),(1037,NULL,'颜色',1031),(1038,NULL,'规格',1032),(1039,NULL,'规格',1033),(1040,NULL,'规格',1034),(1041,NULL,'规格',1035),(1042,NULL,'规格',1036),(1043,NULL,'规格',1037),(1044,NULL,'规格',1038),(1045,NULL,'规格',1039),(1046,NULL,'颜色',1040),(1047,NULL,'规格',1041),(1048,NULL,'规格',1042),(1049,NULL,'规格',1043);
/*!40000 ALTER TABLE `ModalSpecGroup` ENABLE KEYS */;
UNLOCK TABLES;

--
-- Table structure for table `ModalSpecValue`
--

DROP TABLE IF EXISTS `ModalSpecValue`;
/*!40101 SET @saved_cs_client     = @@character_set_client */;
/*!40101 SET character_set_client = utf8 */;
CREATE TABLE `ModalSpecValue` (
  `modalId` varchar(200) NOT NULL,
  `groupId` bigint(20) NOT NULL,
  `order` int(11) NOT NULL,
  `imageUrl` varchar(200) DEFAULT NULL,
  `value` varchar(200) NOT NULL,
  `id` bigint(20) NOT NULL AUTO_INCREMENT,
  PRIMARY KEY (`id`)
) ENGINE=InnoDB AUTO_INCREMENT=1147 DEFAULT CHARSET=utf8;
/*!40101 SET character_set_client = @saved_cs_client */;

--
-- Dumping data for table `ModalSpecValue`
--

LOCK TABLES `ModalSpecValue` WRITE;
/*!40000 ALTER TABLE `ModalSpecValue` DISABLE KEYS */;
INSERT INTO `ModalSpecValue` VALUES ('1018',1013,1,'','3m',1046),('1018',1013,2,'','5m',1047),('1018',1013,3,'','8m',1048),('1019',1014,1,'','2mm',1049),('1019',1014,2,'','3mm',1050),('1019',1014,3,'','4mm',1051),('1019',1014,3,'','5mm',1052),('1019',1014,3,'','6mm',1053),('1019',1014,4,'','8mm',1054),('1020',1015,1,'','1/2x200mm',1055),('1020',1015,2,'','3/8x200mm',1056),('1021',1016,1,'','#2*150MM',1057),('1021',1016,2,'','#0*75MM',1058),('1021',1016,3,'','#2*125MM',1059),('1021',1016,3,'','#1*150MM',1060),('1021',1016,3,'','#1*125MM',1061),('1021',1016,4,'','#1*100MM',1062),('1021',1016,5,'','#1*75MM',1063),('1021',1016,6,'','#0*150MM',1064),('1021',1016,7,'','#0*125MM',1065),('1021',1016,8,'','#0*100MM',1066),('1022',1017,1,'','防雾',1067),('1022',1017,2,'','不防雾',1068),('1023',1018,1,'','φ45',1069),('1023',1018,2,'','φ50',1070),('1024',1019,1,'','Z1C-FF05-26',1071),('1024',1019,2,'','Z1C-FF05-26+组合8件套',1072),('1025',1020,1,'','GBH 2000 DRE',1073),('1025',1020,2,'','GBH 2000 RE',1074),('1026',1021,1,'','白色',1075),('1026',1021,2,'','金色款式1',1076),('1026',1021,3,'','金色款式2',1077),('1027',1022,1,'','540×1150mm PU双轮HA1-2.5T',1078),('1027',1022,2,'','685×1220mm PU双轮HA2-2.5T',1079),('1027',1022,3,'','550x1150mm PU双轮HD1-2.5T',1080),('1027',1022,3,'','685x1220mm PU双轮HD2-2.5T',1081),('1027',1022,3,'','685×1220mm PU双轮HA2-3T',1082),('1027',1022,4,'','540×1150mm PU双轮HA1-3T',1083),('1027',1022,5,'','550×1150mm PU双轮HD1-3T',1084),('1027',1022,6,'','685×1220mm PU双轮HD2-3T',1085),('1027',1022,7,'','685×1220mm 尼龙单轮HD2-2.5T',1086),('1028',1023,1,'','6x100x160mm',1089),('1028',1023,2,'','8x100x160mm',1090),('1028',1023,3,'','10x100x160mm',1091),('1028',1023,4,'','14x100x160mm',1092),('1028',1023,5,'','16x150x210mm',1093),('1029',1024,1,'','节段齿105mm',1094),('1029',1024,2,'','连续齿105mm',1095),('1030',1025,1,'','608',1096),('1030',1025,2,'','610',1097),('1030',1025,3,'','612',1098),('1030',1025,4,'','615',1099),('1032',1026,1,'','UT33A+',1100),('1032',1026,2,'','UT33D+',1101),('1033',1027,1,'','160mm',1102),('1034',1028,1,'','0.6~2.6mm',1103),('1035',1029,1,'','5件套',1104),('1035',1029,2,'','7件套',1105),('1035',1029,3,'','8件套',1106),('1035',1029,4,'','9件套',1107),('1036',1030,1,'','M16',1108),('1037',1031,1,'','黄',1109),('1037',1031,2,'','红',1110),('1037',1031,3,'','绿',1111),('1037',1031,4,'','黑',1112),('1038',1032,1,'','39x26.5x45cm',1113),('1039',1033,1,'','S1122EF/25支装',1114),('1039',1033,2,'','S922BF/5支装',1115),('1039',1033,3,'','S922BF/25支装',1116),('1039',1033,4,'','S1126CHF/5支装',1117),('1039',1033,5,'','S1122BF/5支装',1118),('1040',1034,1,'','T111C',1119),('1040',1034,2,'','T118A',1120),('1040',1034,3,'','T1444D',1121),('1041',1035,1,'','14*250圆柄',1122),('1041',1035,2,'','30*400电镐',1123),('1041',1035,3,'','17*400长六角',1124),('1041',1035,4,'','18*280五坑',1125),('1042',1036,1,'','1个/包',1126),('1043',1037,1,'','300mm',1127),('1043',1037,2,'','500mm',1128),('1044',1038,1,'','300*25*1mm',1129),('1044',1038,2,'','2000*40*1.8mm',1130),('1044',1038,3,'','500*27*1mm',1131),('1045',1039,1,'','#1',1132),('1045',1039,2,'','#2',1133),('1045',1039,3,'','#3',1134),('1046',1040,1,'','黄色',1135),('1046',1040,2,'','红色',1136),('1046',1040,3,'','蓝色',1137),('1047',1041,1,'','30W',1138),('1047',1041,2,'','40W',1139),('1047',1041,3,'','60W',1140),('1048',1042,1,'','30W',1141),('1048',1042,2,'','40W',1142),('1048',1042,3,'','50W',1143),('1048',1042,4,'','60W',1144),('1049',1043,1,'','φ 18.5mm',1145),('1034',1028,2,'','0.2~1.0mm',1146);
/*!40000 ALTER TABLE `ModalSpecValue` ENABLE KEYS */;
UNLOCK TABLES;

--
-- Table structure for table `PaymentLog`
--

DROP TABLE IF EXISTS `PaymentLog`;
/*!40101 SET @saved_cs_client     = @@character_set_client */;
/*!40101 SET character_set_client = utf8 */;
CREATE TABLE `PaymentLog` (
  `orderBizId` varchar(200) NOT NULL,
  `succFlag` varchar(200) NOT NULL,
  `failReason` varchar(1000) DEFAULT NULL,
  `payTime` datetime NOT NULL,
  `payCat` varchar(20) NOT NULL,
  `remark` varchar(1000) DEFAULT NULL,
  `imageUrls` varchar(2000) DEFAULT NULL,
  `fee` decimal(16,4) NOT NULL,
  `backUserId` bigint(20) DEFAULT NULL,
  `id` bigint(20) NOT NULL AUTO_INCREMENT,
  `buyUserCat` varchar(20) NOT NULL,
  `buyUserId` bigint(20) NOT NULL,
  PRIMARY KEY (`id`)
) ENGINE=InnoDB AUTO_INCREMENT=15 DEFAULT CHARSET=utf8;
/*!40101 SET character_set_client = @saved_cs_client */;

--
-- Dumping data for table `PaymentLog`
--

LOCK TABLES `PaymentLog` WRITE;
/*!40000 ALTER TABLE `PaymentLog` DISABLE KEYS */;
INSERT INTO `PaymentLog` VALUES ('order-1585282959556','Y',NULL,'2020-03-27 15:53:01','CREDIT','test','http://diegooss.oss-cn-shenzhen.aliyuncs.com/202003271548574773.png',655.7000,1000,2,'ClientBuyer',1008),('order-1585304973323','Y',NULL,'2020-03-27 18:30:03','CREDIT','test','http://diegooss.oss-cn-shenzhen.aliyuncs.com/202003271829566153.png',700.0000,1000,3,'ClientBuyer',1008),('order-1585539857719','Y',NULL,'2020-03-30 11:44:37','CREDIT','a','http://diegooss.oss-cn-shenzhen.aliyuncs.com/202003301144284582.png',1867.0000,1000,4,'ClientBuyer',1008),('order-1585561758699','Y',NULL,'2020-03-30 17:49:35','CREDIT','test','http://diegooss.oss-cn-shenzhen.aliyuncs.com/202003301749314778.png',189.5000,1000,5,'ClientBuyer',1008),('order-1585561871032','Y',NULL,'2020-03-30 17:51:24','CREDIT','test','http://diegooss.oss-cn-shenzhen.aliyuncs.com/202003301751196124.png',2047.0000,1000,6,'ClientBuyer',1008),('order-1585992308562','Y',NULL,'2020-04-05 15:04:01','CREDIT','test','http://diegooss.oss-cn-shenzhen.aliyuncs.com/202004051503568989.jpg',1773.0000,1004,7,'ClientBuyer',1008),('order-1586089929823','Y',NULL,'2020-04-05 20:32:34','CREDIT','test','http://diegooss.oss-cn-shenzhen.aliyuncs.com/202004052032224766.jpg',2386.0000,1004,8,'ClientBuyer',1010),('order-1586090367583','Y',NULL,'2020-04-05 20:39:42','CREDIT','test','http://diegooss.oss-cn-shenzhen.aliyuncs.com/202004052039359418.jpg',6507.5000,1004,9,'ClientBuyer',1013),('order-1586090799573','Y',NULL,'2020-04-05 20:48:58','CREDIT','test','http://diegooss.oss-cn-shenzhen.aliyuncs.com/202004052048549798.jpg',6414.0000,1004,10,'ClientBuyer',1021),('order-1586090917563','Y',NULL,'2020-04-05 20:49:01','CREDIT','test','http://diegooss.oss-cn-shenzhen.aliyuncs.com/202004052048549798.jpg',6310.0000,1004,11,'ClientBuyer',1024),('order-1586828236262','Y',NULL,'2020-04-14 09:39:56','CREDIT','test','http://diegooss.oss-cn-shenzhen.aliyuncs.com/202004140939491864.jpg',1060.0000,1004,12,'ClientBuyer',1008),('order-1587355779252','Y',NULL,'2020-04-20 12:11:33','ZHIFUBAO',NULL,NULL,132.1000,NULL,13,'FrontUser',1031),('order-1587953116729','Y',NULL,'2020-04-27 10:05:36','ZHIFUBAO',NULL,NULL,205.0000,NULL,14,'FrontUser',1031);
/*!40000 ALTER TABLE `PaymentLog` ENABLE KEYS */;
UNLOCK TABLES;

--
-- Table structure for table `Product`
--

DROP TABLE IF EXISTS `Product`;
/*!40101 SET @saved_cs_client     = @@character_set_client */;
/*!40101 SET character_set_client = utf8 */;
CREATE TABLE `Product` (
  `modalId` bigint(20) DEFAULT NULL,
  `marketPrice` decimal(16,4) DEFAULT NULL,
  `retailPrice` decimal(16,4) DEFAULT NULL,
  `wholePrice` decimal(16,4) DEFAULT NULL,
  `specValues` varchar(1000) DEFAULT NULL,
  `createTime` datetime DEFAULT NULL,
  `createUserId` bigint(20) DEFAULT NULL,
  `updateTime` datetime DEFAULT NULL,
  `updateUserId` bigint(20) DEFAULT NULL,
  `id` bigint(20) NOT NULL AUTO_INCREMENT,
  `stockCat` int(2) DEFAULT NULL,
  `checkTime` datetime DEFAULT NULL,
  `checkUserId` bigint(20) DEFAULT NULL,
  `checkRemark` varchar(1000) DEFAULT NULL,
  `confirmTime` datetime DEFAULT NULL,
  `confirmUserId` bigint(20) DEFAULT NULL,
  `confirmRemark` varchar(1000) DEFAULT NULL,
  `dataStatus` varchar(40) DEFAULT NULL,
  `sku` varchar(100) DEFAULT NULL,
  PRIMARY KEY (`id`)
) ENGINE=InnoDB AUTO_INCREMENT=362 DEFAULT CHARSET=utf8;
/*!40101 SET character_set_client = @saved_cs_client */;

--
-- Dumping data for table `Product`
--

LOCK TABLES `Product` WRITE;
/*!40000 ALTER TABLE `Product` DISABLE KEYS */;
INSERT INTO `Product` VALUES (1018,20.0000,18.0000,NULL,NULL,'2020-02-03 12:34:56',1004,'2020-03-31 21:39:42',1004,261,1,NULL,NULL,NULL,NULL,NULL,NULL,'onSale','30-609-23'),(1018,31.0000,29.5000,NULL,NULL,'2020-02-03 12:34:56',1004,'2020-03-31 21:39:28',1004,262,1,NULL,NULL,NULL,NULL,NULL,NULL,'onSale','30-616-23'),(1018,30.7000,29.0000,NULL,NULL,'2020-02-03 12:34:56',1004,'2020-03-31 21:39:36',1004,263,1,NULL,NULL,NULL,NULL,NULL,NULL,'onSale','30-628-23'),(1019,6.6000,5.5000,NULL,NULL,'2020-02-03 12:46:12',1004,'2020-03-31 21:49:36',1004,264,1,NULL,NULL,NULL,NULL,NULL,NULL,'onSale','350102'),(1019,6.9600,5.8000,NULL,NULL,'2020-02-03 12:46:12',1004,'2020-03-31 21:49:44',1004,265,1,NULL,NULL,NULL,NULL,NULL,NULL,'onSale','350103'),(1019,7.9200,6.6000,NULL,NULL,'2020-02-03 12:46:12',1004,'2020-03-31 21:49:54',1004,266,1,NULL,NULL,NULL,NULL,NULL,NULL,'onSale','350104'),(1019,11.1600,9.3000,NULL,NULL,'2020-02-03 12:46:12',1004,'2020-03-31 21:50:01',1004,267,1,NULL,NULL,NULL,NULL,NULL,NULL,'onSale','350105'),(1019,13.9200,11.6000,NULL,NULL,'2020-02-03 12:46:12',1004,'2020-03-31 21:50:11',1004,268,1,NULL,NULL,NULL,NULL,NULL,NULL,'onSale','350106'),(1019,16.9200,14.1000,NULL,NULL,'2020-02-03 12:46:12',1004,'2020-03-31 21:50:20',1004,269,1,NULL,NULL,NULL,NULL,NULL,NULL,'onSale','350108'),(1020,270.0000,239.0000,NULL,NULL,'2020-02-03 16:12:46',1004,'2020-03-31 21:38:16',1004,270,1,NULL,NULL,NULL,NULL,NULL,NULL,'onSale','S156018'),(1020,199.0000,178.0000,NULL,NULL,'2020-02-03 16:12:46',1004,'2020-03-31 21:38:23',1004,271,1,NULL,NULL,NULL,NULL,NULL,NULL,'onSale','S155015'),(1021,15.0000,13.6000,NULL,NULL,'2020-02-03 16:33:50',1004,'2020-03-31 21:24:30',1004,272,1,NULL,NULL,NULL,NULL,NULL,NULL,'onSale','E6592'),(1021,8.0000,7.2000,NULL,NULL,'2020-02-03 16:33:50',1004,'2020-03-31 21:25:17',1004,273,1,NULL,NULL,NULL,NULL,NULL,NULL,'onSale','E6572'),(1021,14.0000,12.9000,NULL,NULL,'2020-02-03 16:33:50',1004,'2020-03-31 21:24:10',1004,274,1,NULL,NULL,NULL,NULL,NULL,NULL,'onSale','E6591'),(1021,13.0000,12.0000,NULL,NULL,'2020-02-03 16:33:50',1004,'2020-03-31 21:23:35',1004,275,1,NULL,NULL,NULL,NULL,NULL,NULL,'onSale','E6585'),(1021,13.8000,11.8000,NULL,NULL,'2020-02-03 16:33:50',1004,'2020-03-31 21:22:49',1004,276,1,NULL,NULL,NULL,NULL,NULL,NULL,'onSale','E6584'),(1021,13.0000,11.0000,NULL,NULL,'2020-02-03 16:33:50',1004,'2020-03-31 21:22:34',1004,277,1,NULL,NULL,NULL,NULL,NULL,NULL,'onSale','E6583'),(1021,12.7000,10.7000,NULL,NULL,'2020-02-03 16:33:50',1004,'2020-03-31 21:22:18',1004,278,1,NULL,NULL,NULL,NULL,NULL,NULL,'onSale','E6582'),(1021,11.6000,9.6000,NULL,NULL,'2020-02-03 16:33:50',1004,'2020-03-31 21:23:50',1004,279,1,NULL,NULL,NULL,NULL,NULL,NULL,'onSale','E6575'),(1021,13.3000,11.3000,NULL,NULL,'2020-02-03 16:33:50',1004,'2020-03-31 21:24:46',1004,280,1,NULL,NULL,NULL,NULL,NULL,NULL,'onSale','E6574'),(1021,11.9000,7.9000,NULL,NULL,'2020-02-03 16:33:50',1004,'2020-03-31 21:25:01',1004,281,1,NULL,NULL,NULL,NULL,NULL,NULL,'onSale','E6573'),(1022,15.0000,13.0000,NULL,NULL,'2020-02-03 16:42:37',1004,'2020-03-31 21:36:32',1004,282,1,NULL,NULL,NULL,NULL,NULL,NULL,'onSale','YF0102'),(1022,16.0000,14.0000,NULL,NULL,'2020-02-03 16:42:37',1004,'2020-03-31 21:36:47',1004,283,1,NULL,NULL,NULL,NULL,NULL,NULL,'onSale','YF0101'),(1023,12.0000,9.4000,NULL,NULL,'2020-02-03 16:54:34',1004,'2020-03-31 21:26:01',1004,284,1,NULL,NULL,NULL,NULL,NULL,NULL,'onSale','K-45'),(1023,13.0000,10.5000,NULL,NULL,'2020-02-03 16:54:34',1004,'2020-03-31 21:25:53',1004,285,1,NULL,NULL,NULL,NULL,NULL,NULL,'onSale','K-50'),(1024,450.0000,388.0000,NULL,NULL,'2020-02-03 17:06:37',1004,'2020-03-31 21:43:00',1004,286,1,NULL,NULL,NULL,NULL,NULL,NULL,'onSale','01301150080'),(1024,505.0000,423.0000,NULL,NULL,'2020-02-03 17:06:37',1004,'2020-03-31 21:43:06',1004,287,1,NULL,NULL,NULL,NULL,NULL,NULL,'onSale','T130008'),(1025,700.0000,649.0000,NULL,NULL,'2020-02-03 17:15:27',1004,'2020-03-31 16:40:32',1004,288,1,NULL,NULL,NULL,NULL,NULL,NULL,'onSale','061125A487'),(1025,600.0000,589.0000,NULL,NULL,'2020-02-03 17:15:27',1004,'2020-03-31 16:40:06',1004,289,1,NULL,NULL,NULL,NULL,NULL,NULL,'onSale','061125A382'),(1026,15.0000,12.5000,NULL,NULL,'2020-02-03 17:28:56',1004,'2020-03-31 21:20:07',1004,290,1,NULL,NULL,NULL,NULL,NULL,NULL,'onSale','G06Z223A-W'),(1026,17.0000,14.1000,NULL,NULL,'2020-02-03 17:28:56',1004,'2020-03-31 21:19:47',1004,291,1,NULL,NULL,NULL,NULL,NULL,NULL,'onSale','G06Z223A-G'),(1026,25.0000,21.0000,NULL,NULL,'2020-02-03 17:28:56',1004,'2020-03-31 21:20:23',1004,292,1,NULL,NULL,NULL,NULL,NULL,NULL,'onSale','G18Z223A-G'),(1027,1644.0000,1370.0000,NULL,NULL,'2020-02-03 17:40:37',1004,'2020-03-31 21:46:58',1004,293,1,NULL,NULL,NULL,NULL,NULL,NULL,'onSale','HA1-2.5T'),(1027,1680.0000,1400.0000,NULL,NULL,'2020-02-03 17:40:37',1004,'2020-03-31 21:47:16',1004,294,1,NULL,NULL,NULL,NULL,NULL,NULL,'onSale','HA2-2.5T'),(1027,1584.0000,1320.0000,NULL,NULL,'2020-02-03 17:40:37',1004,'2020-03-31 21:47:26',1004,295,1,NULL,NULL,NULL,NULL,NULL,NULL,'onSale','HD1-2.5T'),(1027,1608.0000,1340.0000,NULL,NULL,'2020-02-03 17:40:37',1004,'2020-03-31 21:47:35',1004,296,1,NULL,NULL,NULL,NULL,NULL,NULL,'onSale','HD2-2.5T'),(1027,1788.0000,1490.0000,NULL,NULL,'2020-02-03 17:40:37',1004,'2020-03-31 21:47:44',1004,297,1,NULL,NULL,NULL,NULL,NULL,NULL,'onSale','HA2-3T'),(1027,1752.0000,1460.0000,NULL,NULL,'2020-02-03 17:40:37',1004,'2020-03-31 21:47:53',1004,298,1,NULL,NULL,NULL,NULL,NULL,NULL,'onSale','HA1-3T'),(1027,1674.0000,1395.0000,NULL,NULL,'2020-02-03 17:40:37',1004,'2020-03-31 21:48:09',1004,299,1,NULL,NULL,NULL,NULL,NULL,NULL,'onSale','HD1-3T'),(1027,1710.0000,1425.0000,NULL,NULL,'2020-02-03 17:40:37',1004,'2020-03-31 21:48:18',1004,300,1,NULL,NULL,NULL,NULL,NULL,NULL,'onSale','HD2-3T'),(1027,1560.0000,1300.0000,NULL,NULL,'2020-02-03 17:40:37',1004,'2020-03-31 21:48:33',1004,301,1,NULL,NULL,NULL,NULL,NULL,NULL,'onSale','HD2-2.5T-NL'),(1028,11.4000,9.5000,NULL,NULL,'2020-02-10 11:13:20',1004,'2020-03-31 21:17:13',1004,303,1,NULL,NULL,NULL,NULL,NULL,NULL,'onSale','2608833778'),(1028,13.2000,11.0000,NULL,NULL,'2020-02-10 11:13:20',1004,'2020-03-31 21:16:58',1004,304,1,NULL,NULL,NULL,NULL,NULL,NULL,'onSale','2608833789'),(1028,13.2000,11.0000,NULL,NULL,'2020-02-10 11:13:20',1004,'2020-03-31 21:17:38',1004,305,1,NULL,NULL,NULL,NULL,NULL,NULL,'onSale','2608833798'),(1028,27.6000,23.0000,NULL,NULL,'2020-02-10 11:13:20',1004,'2020-03-31 21:17:51',1004,306,1,NULL,NULL,NULL,NULL,NULL,NULL,'onSale','2608833816'),(1028,30.0000,25.0000,NULL,NULL,'2020-02-10 11:13:20',1004,'2020-03-31 21:16:33',1004,307,1,NULL,NULL,NULL,NULL,NULL,NULL,'onSale','2608833825'),(1029,13.0200,10.8500,NULL,NULL,'2020-02-10 11:34:27',1004,'2020-03-31 21:18:45',1004,308,1,NULL,NULL,NULL,NULL,NULL,NULL,'onSale','2608602797'),(1029,15.6000,13.0000,NULL,NULL,'2020-02-10 11:34:27',1004,'2020-03-31 21:19:02',1004,309,1,NULL,NULL,NULL,NULL,NULL,NULL,'onSale','2608602798'),(1030,6.4800,5.4000,NULL,NULL,'2020-02-10 11:48:29',1004,'2020-03-31 21:31:15',1004,310,1,NULL,NULL,NULL,NULL,NULL,NULL,'onSale','MT608'),(1030,6.4800,5.4000,NULL,NULL,'2020-02-10 11:48:29',1004,'2020-03-31 21:31:26',1004,311,1,NULL,NULL,NULL,NULL,NULL,NULL,'onSale','MT-610'),(1030,7.2000,6.0000,NULL,NULL,'2020-02-10 11:48:29',1004,'2020-03-31 21:31:38',1004,312,1,NULL,NULL,NULL,NULL,NULL,NULL,'onSale','MT-612'),(1030,7.6000,6.3000,NULL,NULL,'2020-02-10 11:48:29',1004,'2020-03-31 21:31:50',1004,313,1,NULL,NULL,NULL,NULL,NULL,NULL,'onSale','MT-615'),(1032,94.0000,79.0000,NULL,NULL,'2020-02-10 18:05:59',1004,'2020-03-31 21:41:00',1004,314,1,NULL,NULL,NULL,NULL,NULL,NULL,'onSale','UT33A＋'),(1032,98.0000,82.0000,NULL,NULL,'2020-02-10 18:06:00',1004,'2020-03-31 21:41:06',1004,315,1,NULL,NULL,NULL,NULL,NULL,NULL,'onSale','UT33D+'),(1033,17.5000,14.6000,NULL,NULL,'2020-02-10 18:10:37',1004,'2020-03-31 21:30:52',1004,316,1,NULL,NULL,NULL,NULL,NULL,NULL,'onSale','080503'),(1034,68.0000,57.3300,NULL,NULL,'2020-02-10 18:13:02',1004,'2020-03-31 21:34:07',1004,317,1,NULL,NULL,NULL,NULL,NULL,NULL,'onSale','8PK-3002D'),(1035,93.6000,78.0000,NULL,NULL,'2020-02-10 18:15:42',1004,'2020-03-31 21:33:23',1004,318,1,NULL,NULL,NULL,NULL,NULL,NULL,'onSale','PB210.H-2'),(1035,202.0000,168.0000,NULL,NULL,'2020-02-10 18:15:42',1004,'2020-03-31 21:33:33',1004,319,1,NULL,NULL,NULL,NULL,NULL,NULL,'onSale','PB211.H-4'),(1035,210.0000,183.0000,NULL,NULL,'2020-02-10 18:15:42',1004,'2020-03-31 21:32:59',1004,320,1,NULL,NULL,NULL,NULL,NULL,NULL,'onSale','PB210.H-8'),(1035,468.0000,390.0000,NULL,NULL,'2020-02-10 18:15:42',1004,'2020-03-31 21:33:12',1004,321,1,NULL,NULL,NULL,NULL,NULL,NULL,'onSale','PB211.H-10'),(1036,21.0000,18.0000,NULL,NULL,'2020-02-10 19:55:44',1004,'2020-03-31 21:46:23',1004,322,2,NULL,NULL,NULL,NULL,NULL,NULL,'onSale','CL-BY-M6x1.0'),(1037,4.5000,3.9000,NULL,NULL,'2020-02-10 20:00:40',1004,'2020-03-31 21:38:44',1004,323,1,NULL,NULL,NULL,NULL,NULL,NULL,'onSale','S038044'),(1037,4.5000,3.9000,NULL,NULL,'2020-02-10 20:00:40',1004,'2020-03-31 21:38:52',1004,324,1,NULL,NULL,NULL,NULL,NULL,NULL,'onSale','S038043'),(1037,4.5000,3.9000,NULL,NULL,'2020-02-10 20:00:40',1004,'2020-03-31 21:39:05',1004,325,1,NULL,NULL,NULL,NULL,NULL,NULL,'onSale','S038045'),(1037,4.5000,3.9000,NULL,NULL,'2020-02-10 20:00:40',1004,'2020-03-31 21:38:58',1004,326,1,NULL,NULL,NULL,NULL,NULL,NULL,'onSale','S038042'),(1038,118.0000,99.0000,NULL,NULL,'2020-02-10 20:07:22',1004,'2020-03-31 21:41:49',1004,327,1,NULL,NULL,NULL,NULL,NULL,NULL,'onSale','VICTOR6016C'),(1039,33.4000,25.9200,NULL,NULL,'2020-02-10 20:12:47',1004,'2020-03-31 21:45:02',1004,328,1,NULL,NULL,NULL,NULL,NULL,NULL,'onSale','2608657553'),(1039,17.2000,14.4000,NULL,NULL,'2020-02-10 20:12:47',1004,'2020-03-31 21:45:12',1004,329,1,NULL,NULL,NULL,NULL,NULL,NULL,'onSale','2608656014'),(1039,16.3000,13.6000,NULL,NULL,'2020-02-10 20:12:47',1004,'2020-03-31 21:45:25',1004,330,1,NULL,NULL,NULL,NULL,NULL,NULL,'onSale','2608657550'),(1039,33.1000,27.6000,NULL,NULL,'2020-02-10 20:12:47',1004,'2020-03-31 21:44:30',1004,331,1,NULL,NULL,NULL,NULL,NULL,NULL,'onSale','2608657398'),(1039,29.7000,24.8000,NULL,NULL,'2020-02-10 20:12:47',1004,'2020-03-31 21:44:40',1004,332,1,NULL,NULL,NULL,NULL,NULL,NULL,'onSale','2608657553'),(1040,13.6000,11.4000,NULL,NULL,'2020-02-10 20:16:22',1004,'2020-03-31 21:42:18',1004,333,1,NULL,NULL,NULL,NULL,NULL,NULL,'onSale','30170800003'),(1040,14.8000,12.3500,NULL,NULL,'2020-02-10 20:16:22',1004,'2020-03-31 21:42:28',1004,334,1,NULL,NULL,NULL,NULL,NULL,NULL,'onSale','30170800001'),(1040,9.4000,7.9000,NULL,NULL,'2020-02-10 20:16:22',1004,'2020-03-31 21:42:09',1004,335,1,NULL,NULL,NULL,NULL,NULL,NULL,'onSale','30170800002'),(1041,7.6000,6.4000,NULL,NULL,'2020-02-10 20:19:44',1004,'2020-03-31 21:43:38',1004,336,1,NULL,NULL,NULL,NULL,NULL,NULL,'onSale','30170300015'),(1041,42.0000,36.0000,NULL,NULL,'2020-02-10 20:19:44',1004,'2020-03-31 21:43:45',1004,337,1,NULL,NULL,NULL,NULL,NULL,NULL,'onSale','30170300005'),(1041,15.5000,13.2000,NULL,NULL,'2020-02-10 20:19:44',1004,'2020-03-31 21:43:51',1004,338,1,NULL,NULL,NULL,NULL,NULL,NULL,'onSale','30170300009'),(1041,11.0000,9.9000,NULL,NULL,'2020-02-10 20:19:44',1004,'2020-03-31 21:43:57',1004,339,1,NULL,NULL,NULL,NULL,NULL,NULL,'onSale','30170300007'),(1042,21.4000,17.9000,NULL,NULL,'2020-02-10 20:22:35',1004,'2020-03-31 21:45:57',1004,340,2,NULL,NULL,NULL,NULL,NULL,NULL,'onSale','SB5407'),(1043,14.5000,12.0400,NULL,NULL,'2020-02-10 20:24:38',1004,'2020-03-31 21:30:25',1004,341,1,NULL,NULL,NULL,NULL,NULL,NULL,'onSale','91411'),(1043,22.5000,18.7000,NULL,NULL,'2020-02-10 20:24:38',1004,'2020-03-31 21:30:12',1004,342,1,NULL,NULL,NULL,NULL,NULL,NULL,'onSale','91412'),(1044,9.3000,7.8000,NULL,NULL,'2020-02-10 20:27:46',1004,'2020-03-31 21:49:13',1004,343,1,NULL,NULL,NULL,NULL,NULL,NULL,'onSale','140503'),(1044,203.7000,169.8000,NULL,NULL,'2020-02-10 20:27:46',1004,'2020-03-31 21:49:00',1004,344,1,NULL,NULL,NULL,NULL,NULL,NULL,'onSale','140520'),(1044,7.0000,5.9000,NULL,NULL,'2020-02-10 20:27:46',1004,'2020-03-31 21:49:06',1004,345,1,NULL,NULL,NULL,NULL,NULL,NULL,'onSale','140505'),(1045,9.5000,8.0000,NULL,NULL,'2020-02-10 20:30:37',1004,'2020-03-31 21:34:45',1004,346,1,NULL,NULL,NULL,NULL,NULL,NULL,'onSale','21401'),(1045,9.5000,8.0000,NULL,NULL,'2020-02-10 20:30:37',1004,'2020-03-31 21:34:55',1004,347,1,NULL,NULL,NULL,NULL,NULL,NULL,'onSale','21402'),(1045,9.5000,8.0000,NULL,NULL,'2020-02-10 20:30:37',1004,'2020-03-31 21:35:03',1004,348,1,NULL,NULL,NULL,NULL,NULL,NULL,'onSale','21403'),(1046,13.0000,11.6400,NULL,NULL,'2020-02-10 20:35:25',1004,'2020-03-31 21:40:19',1004,349,1,NULL,NULL,NULL,NULL,NULL,NULL,'onSale','LC303Y'),(1046,13.0000,11.6400,NULL,NULL,'2020-02-10 20:35:25',1004,'2020-03-31 21:40:33',1004,350,1,NULL,NULL,NULL,NULL,NULL,NULL,'onSale','LC303R'),(1046,13.0000,11.6400,NULL,NULL,'2020-02-10 20:35:25',1004,'2020-03-31 21:40:38',1004,351,1,NULL,NULL,NULL,NULL,NULL,NULL,'onSale','LC303B'),(1047,11.8800,9.9000,NULL,NULL,'2020-02-10 20:36:57',1004,'2020-03-31 21:27:10',1004,352,1,NULL,NULL,NULL,NULL,NULL,NULL,'onSale','080201'),(1047,9.4800,7.9000,NULL,NULL,'2020-02-10 20:36:57',1004,'2020-03-31 21:26:58',1004,353,1,NULL,NULL,NULL,NULL,NULL,NULL,'onSale','080202'),(1047,24.1200,20.1000,NULL,NULL,'2020-02-10 20:37:27',1004,'2020-03-31 21:27:24',1004,355,1,NULL,NULL,NULL,NULL,NULL,NULL,'onSale','080203'),(1048,8.0000,7.5000,NULL,NULL,'2020-02-10 20:41:20',1004,'2020-03-31 21:37:50',1004,356,1,NULL,NULL,NULL,NULL,NULL,NULL,'onSale','03251'),(1048,8.0000,7.5000,NULL,NULL,'2020-02-10 20:41:20',1004,'2020-03-31 21:37:22',1004,357,1,NULL,NULL,NULL,NULL,NULL,NULL,'onSale','03252'),(1048,9.0000,8.3000,NULL,NULL,'2020-02-10 20:41:20',1004,'2020-03-31 21:37:30',1004,358,1,NULL,NULL,NULL,NULL,NULL,NULL,'onSale','03253'),(1048,11.0000,9.0000,NULL,NULL,'2020-02-10 20:41:20',1004,'2020-03-31 21:37:42',1004,359,1,NULL,NULL,NULL,NULL,NULL,NULL,'onSale','03254'),(1049,213.6000,178.0000,NULL,NULL,'2020-02-10 20:44:29',1004,'2020-03-31 21:26:30',1004,360,1,NULL,NULL,NULL,NULL,NULL,NULL,'onSale','3120-20'),(1034,73.0000,60.9700,NULL,NULL,'2020-02-10 21:09:21',1004,'2020-03-31 21:34:20',1004,361,1,NULL,NULL,NULL,NULL,NULL,NULL,'onSale','8PK-3001D');
/*!40000 ALTER TABLE `Product` ENABLE KEYS */;
UNLOCK TABLES;

--
-- Table structure for table `ProductBrand`
--

DROP TABLE IF EXISTS `ProductBrand`;
/*!40101 SET @saved_cs_client     = @@character_set_client */;
/*!40101 SET character_set_client = utf8 */;
CREATE TABLE `ProductBrand` (
  `name` varchar(200) NOT NULL,
  `id` bigint(20) NOT NULL AUTO_INCREMENT,
  `englishName` varchar(200) DEFAULT NULL,
  `logoUrl` varchar(200) DEFAULT NULL,
  `recommend` int(11) NOT NULL,
  `remark` varchar(200) DEFAULT NULL,
  `dataStatus` int(11) NOT NULL,
  `createTime` datetime DEFAULT NULL,
  `createUserId` varchar(200) DEFAULT NULL,
  `menuColor` varchar(200) DEFAULT NULL,
  `bgImageUrl` varchar(200) DEFAULT NULL,
  `onSale` int(11) NOT NULL,
  PRIMARY KEY (`id`)
) ENGINE=InnoDB AUTO_INCREMENT=30 DEFAULT CHARSET=utf8;
/*!40101 SET character_set_client = @saved_cs_client */;

--
-- Dumping data for table `ProductBrand`
--

LOCK TABLES `ProductBrand` WRITE;
/*!40000 ALTER TABLE `ProductBrand` DISABLE KEYS */;
INSERT INTO `ProductBrand` VALUES ('宏远',1,'HOLD','http://diegooss.oss-cn-shenzhen.aliyuncs.com/202002062021555963.png',2,'余姚市宏远工具有限公司',1,NULL,NULL,NULL,NULL,1),('史丹利',2,'STANLEY','http://diegooss.oss-cn-shenzhen.aliyuncs.com/202002062022141746.jpg',2,'史丹利百得公司',1,NULL,NULL,NULL,NULL,1),(' 3M',3,' 3M','http://diegooss.oss-cn-shenzhen.aliyuncs.com/202002062036395877.png',2,'3M公司全称 Minnesota Mining and Manufacturing（明尼苏达矿务及制造业公司）',1,NULL,NULL,NULL,NULL,2),('博世',4,'BOSCH','http://diegooss.oss-cn-shenzhen.aliyuncs.com/202002031200019903.jpg',2,'博世电动工具（中国）有限公司\n',1,NULL,NULL,NULL,NULL,1),('东成',5,'dongcheng','http://diegooss.oss-cn-shenzhen.aliyuncs.com/202002031202508114.jpg',2,'江苏东成电动工具有限公司\n',1,NULL,NULL,NULL,NULL,1),('世达',6,'SATA','http://diegooss.oss-cn-shenzhen.aliyuncs.com/202002062022316058.jpg',2,'美国APEX集团\n',1,NULL,NULL,NULL,NULL,1),('长城精工',7,'changchengjinggong','http://diegooss.oss-cn-shenzhen.aliyuncs.com/202002062022474734.jpg',2,'宁波长城精工实业有限公司\n',1,NULL,NULL,NULL,NULL,1),('得力',8,'deli','http://diegooss.oss-cn-shenzhen.aliyuncs.com/202002062023003676.png',2,'宁波得力工具有限公司\n',1,NULL,NULL,NULL,NULL,1),('钢盾',9,'SHEFFIELD','http://diegooss.oss-cn-shenzhen.aliyuncs.com/202002062023138544.jpg',2,'杭州巨星钢盾工具有限公司\n',1,NULL,NULL,NULL,NULL,1),('捷科',10,'JTECH','http://diegooss.oss-cn-shenzhen.aliyuncs.com/202002062023269641.jpg',2,'上海捷科工具有限公司\n',1,NULL,NULL,NULL,NULL,1),('田岛',11,'TAJIMA','http://diegooss.oss-cn-shenzhen.aliyuncs.com/202002062023427490.jpg',2,'上海田岛工具有限公司\n',1,NULL,NULL,NULL,NULL,1),('优利德',12,'UNI-T','http://diegooss.oss-cn-shenzhen.aliyuncs.com/202002062023546689.jpg',2,'优利德科技（中国）股份有限公司\n',1,NULL,NULL,NULL,NULL,1),('胜利',13,'VICTOR','http://diegooss.oss-cn-shenzhen.aliyuncs.com/202002062026142258.jpg',2,'深圳市驿生胜利科技有限公司\n',1,NULL,NULL,NULL,NULL,1),('福禄克',14,'FLUKE','http://diegooss.oss-cn-shenzhen.aliyuncs.com/202002062026309356.jpg',2,'福禄克电子仪器仪表公司\n',1,NULL,NULL,NULL,NULL,2),('日置',15,'HIOKI','http://diegooss.oss-cn-shenzhen.aliyuncs.com/202002062026462746.jpg',2,'日置（上海）商贸有限公司\n',1,NULL,NULL,NULL,NULL,1),('CA',16,'CA','http://diegooss.oss-cn-shenzhen.aliyuncs.com/202002062026588765.jpg',2,'法国CA公司\n',1,NULL,NULL,NULL,NULL,2),('宝工',17,'ProsKit','http://diegooss.oss-cn-shenzhen.aliyuncs.com/202002062027144596.jpg',2,'宝工实业股份有限公司\n',1,NULL,NULL,NULL,NULL,1),('P.B',18,'PB SWISS TOOLS','http://diegooss.oss-cn-shenzhen.aliyuncs.com/202002062027257386.jpg',2,'PB SWISS',1,NULL,NULL,NULL,NULL,1),('得伟',19,'DEWALT','http://diegooss.oss-cn-shenzhen.aliyuncs.com/202002062027389348.jpg',2,'伟DeWALT是史丹利百得公司旗下旗舰品牌',1,NULL,NULL,NULL,NULL,2),('大有',20,'Devon','http://diegooss.oss-cn-shenzhen.aliyuncs.com/202002062021361925.jpg',2,'泉峰(中国)工具销售有限公司',1,NULL,NULL,NULL,NULL,1),('锐奇',21,'KEN','http://diegooss.oss-cn-shenzhen.aliyuncs.com/202002062027575068.jpg',2,'上海锐奇工具股份有限公司\n',1,NULL,NULL,NULL,NULL,1),('日立',22,'HITACHI','http://diegooss.oss-cn-shenzhen.aliyuncs.com/202002062028092160.jpg',2,'日立(中国)有限公司',1,NULL,NULL,NULL,NULL,1),('美特',23,'meite','http://diegooss.oss-cn-shenzhen.aliyuncs.com/202002062028274089.jpg',2,'广东美特机械有限公司\n',1,NULL,NULL,NULL,NULL,1),('公牛',24,'BULL','http://diegooss.oss-cn-shenzhen.aliyuncs.com/202002062028399012.jpg',2,'公牛集团股份有限公司\n',1,NULL,NULL,NULL,NULL,1),('力易得',25,'ENDURA','http://diegooss.oss-cn-shenzhen.aliyuncs.com/202002062028521083.jpg',2,'上海力易得工具有限公司\n',1,NULL,NULL,NULL,NULL,1),('成量',26,'chengliang','http://diegooss.oss-cn-shenzhen.aliyuncs.com/202002062029097430.jpg',2,'成都成量工具集团有限公司\n',1,NULL,NULL,NULL,NULL,1),('泰克',27,'Tektronix','http://diegooss.oss-cn-shenzhen.aliyuncs.com/202002062029234937.jpg',2,'泰克有限责任公司\n',1,NULL,NULL,NULL,NULL,2),('芙蓉',28,'FURONG','http://diegooss.oss-cn-shenzhen.aliyuncs.com/202002062029351929.jpg',2,'乐清市芙蓉工具一厂\n',1,NULL,NULL,NULL,NULL,1),('杭叉',29,'HC','http://diegooss.oss-cn-shenzhen.aliyuncs.com/202002062029476573.jpg',2,'杭叉集团股份有限公司\n',1,NULL,NULL,NULL,NULL,1);
/*!40000 ALTER TABLE `ProductBrand` ENABLE KEYS */;
UNLOCK TABLES;

--
-- Table structure for table `ProductCategory`
--

DROP TABLE IF EXISTS `ProductCategory`;
/*!40101 SET @saved_cs_client     = @@character_set_client */;
/*!40101 SET character_set_client = utf8 */;
CREATE TABLE `ProductCategory` (
  `name` varchar(200) NOT NULL,
  `id` bigint(20) NOT NULL AUTO_INCREMENT,
  `parentId` bigint(20) DEFAULT NULL,
  `rootId` bigint(20) DEFAULT NULL,
  `level` int(11) NOT NULL,
  `order` int(11) NOT NULL,
  `showFront` int(11) NOT NULL,
  PRIMARY KEY (`id`)
) ENGINE=InnoDB AUTO_INCREMENT=1508 DEFAULT CHARSET=utf8;
/*!40101 SET character_set_client = @saved_cs_client */;

--
-- Dumping data for table `ProductCategory`
--

LOCK TABLES `ProductCategory` WRITE;
/*!40000 ALTER TABLE `ProductCategory` DISABLE KEYS */;
INSERT INTO `ProductCategory` VALUES ('行业工具/特种工具',1027,NULL,NULL,1,1,2),('体育用品',1029,NULL,NULL,1,3,2),('建筑工具',1035,1027,NULL,2,1,2),('刮刀',1036,1035,NULL,3,1,2),('运动服装',1039,1029,NULL,2,1,2),('运动装备',1040,1029,NULL,2,2,2),('足球服',1042,1039,NULL,3,2,2),('篮球服',1043,1039,NULL,3,3,2),('跑步服装',1044,1039,NULL,3,3,2),('足球鞋',1045,1040,NULL,3,1,2),('耗材/配件',1047,NULL,NULL,1,3,2),('电动工具',1050,NULL,NULL,1,4,2),('手动工具',1051,NULL,NULL,1,5,2),('气动工具',1052,NULL,NULL,1,6,2),('劳防劳保',1053,NULL,NULL,1,7,2),('仪器仪表',1054,NULL,NULL,1,8,2),('电气照明',1055,NULL,NULL,1,9,2),('钻孔类耗材',1058,1047,NULL,2,1,2),('凿削类耗材',1059,1047,NULL,2,2,2),('切割类耗材',1060,1047,NULL,2,3,2),('打磨类耗材',1061,1047,NULL,2,4,2),('拧紧类耗材',1062,1047,NULL,2,5,2),('木工类耗材',1063,1047,NULL,2,6,2),('钉枪类耗材',1064,1047,NULL,2,7,2),('其他耗材',1065,1047,NULL,2,8,2),('工具配件',1066,1047,NULL,2,9,2),('钻头组套',1067,1058,NULL,3,1,2),('冲击钻钻头',1068,1058,NULL,3,2,2),('电锤钻头',1069,1058,NULL,3,3,2),('玻璃钻头',1070,1058,NULL,3,4,2),('瓷砖钻头',1071,1058,NULL,3,5,2),('木工钻头',1072,1058,NULL,3,6,2),('多功能钻头',1073,1058,NULL,3,7,2),('开孔器',1074,1058,NULL,3,8,2),('麻花钻头',1075,1058,NULL,3,9,2),('尖凿',1076,1059,NULL,3,1,2),('扁凿',1077,1059,NULL,3,2,2),('圆锯片',1078,1060,NULL,3,1,2),('曲线锯条',1079,1060,NULL,3,2,2),('马刀锯片',1080,1060,NULL,3,3,2),('云石片',1081,1060,NULL,3,4,2),('砂磨片',1082,1061,NULL,3,1,2),('磨切片',1083,1061,NULL,3,2,2),('百叶轮',1084,1061,NULL,3,3,2),('砂纸',1085,1061,NULL,3,4,2),('磨头',1086,1061,NULL,3,5,2),('砂轮',1087,1061,NULL,3,6,2),('钢丝轮',1088,1061,NULL,3,7,2),('羊毛抛光轮',1089,1061,NULL,3,8,2),('尼龙抛光轮',1090,1061,NULL,3,9,2),('砂纸吸盘',1091,1061,NULL,3,10,2),('砂磨附件',1092,1061,NULL,3,11,2),('3\\8\"系列风动套筒',1093,1062,NULL,3,1,2),('1\\2\"系列风动套筒',1094,1062,NULL,3,2,2),('3\\4\"系列风动套筒',1095,1062,NULL,3,3,2),('1\"系列风动套筒',1096,1062,NULL,3,4,2),('冲击螺丝批头',1097,1062,NULL,3,5,2),('直刀',1098,1063,NULL,3,1,2),('圆底刀',1099,1063,NULL,3,2,2),('V型刀',1100,1063,NULL,3,3,2),('修边刀',1101,1063,NULL,3,4,2),('直钉',1102,1064,NULL,3,1,2),('蚊钉',1103,1064,NULL,3,2,2),('码钉',1104,1064,NULL,3,3,2),('钢钉',1105,1064,NULL,3,4,2),('热熔胶棒',1106,1065,NULL,3,1,2),('组合类套装',1107,1065,NULL,3,2,2),('扎带',1108,1065,NULL,3,3,2),('钻夹头',1109,1066,NULL,3,1,2),('碳刷',1110,1066,NULL,3,2,2),('充电器',1111,1066,NULL,3,3,2),('锂电池',1112,1066,NULL,3,4,2),('搅拌杆',1113,1066,NULL,3,5,2),('集尘罩',1114,1066,NULL,3,6,2),('热风枪配件',1115,1066,NULL,3,7,2),('其他电动工具配件',1116,1066,NULL,3,8,2),('建筑类',1117,1050,NULL,2,1,2),('木工类',1118,1050,NULL,2,2,2),('钻切类',1119,1050,NULL,2,3,2),('砂磨类',1120,1050,NULL,2,4,2),('装配类',1121,1050,NULL,2,5,2),('其他电动',1122,1050,NULL,2,6,2),('角磨机',1123,1120,NULL,3,1,2),('直砂机',1124,1120,NULL,3,2,2),('直磨机\\电磨机',1125,1120,NULL,3,3,2),('砂轮机',1126,1120,NULL,3,4,2),('砂光机',1127,1120,NULL,3,5,2),('抛光机',1128,1120,NULL,3,6,2),('多功能切割打磨机',1129,1120,NULL,3,7,2),('电动扳手',1130,1121,NULL,3,1,2),('热风枪',1131,1122,NULL,3,1,2),('热胶枪',1132,1122,NULL,3,2,2),('电动胶枪',1133,1122,NULL,3,3,2),('吹风机',1134,1122,NULL,3,4,2),('吸尘器',1135,1122,NULL,3,5,2),('倒角机',1136,1122,NULL,3,6,2),('电锤',1137,1117,NULL,3,1,2),('电镐',1138,1117,NULL,3,2,2),('冲击钻',1139,1117,NULL,3,3,2),('云石机',1140,1117,NULL,3,4,2),('水钻',1141,1117,NULL,3,5,2),('开槽机',1142,1117,NULL,3,6,2),('搅拌机',1143,1117,NULL,3,7,2),('刨墙机',1144,1117,NULL,3,8,2),('电圆锯',1145,1118,NULL,3,1,2),('曲线锯',1146,1118,NULL,3,2,2),('往复锯',1147,1118,NULL,3,3,2),('电链锯',1148,1118,NULL,3,4,2),('台锯',1149,1118,NULL,3,5,2),('电刨',1150,1118,NULL,3,6,2),('修边机',1151,1118,NULL,3,7,2),('雕刻机\\电木铣',1152,1118,NULL,3,8,2),('电动钉枪',1153,1118,NULL,3,9,2),('手电钻',1154,1119,NULL,3,1,2),('充电钻\\起子机',1155,1119,NULL,3,2,2),('磁力钻',1156,1119,NULL,3,3,2),('型材切割机',1157,1119,NULL,3,4,2),('斜切锯',1158,1119,NULL,3,5,2),('电冲剪',1159,1119,NULL,3,6,2),('工具组套',1160,1051,NULL,2,1,2),('钳子\\夹子',1161,1051,NULL,2,2,2),('扳手工具',1162,1051,NULL,2,3,2),('螺丝批',1163,1051,NULL,2,4,2),('套筒及棘轮柄',1164,1051,NULL,2,5,2),('测量',1165,1051,NULL,2,6,2),('综合工具组套',1166,1160,NULL,3,1,2),('机修工具组套',1167,1160,NULL,3,2,2),('电讯工具组套',1168,1160,NULL,3,3,2),('家用工具组套',1169,1160,NULL,3,4,2),('电子维修组套',1170,1160,NULL,3,5,2),('礼品工具组套',1171,1160,NULL,3,6,2),('工具托组套',1172,1160,NULL,3,7,2),('钳子组套',1173,1161,NULL,3,1,2),('钢丝钳',1174,1161,NULL,3,2,2),('尖嘴钳',1175,1161,NULL,3,3,2),('斜嘴钳',1176,1161,NULL,3,4,2),('扁嘴钳',1177,1161,NULL,3,5,2),('水口钳',1178,1161,NULL,3,6,2),('弯嘴钳',1179,1161,NULL,3,7,2),('卡簧钳',1180,1161,NULL,3,8,2),('大力钳',1181,1161,NULL,3,9,2),('鲤鱼钳',1182,1161,NULL,3,10,2),('水泵钳',1183,1161,NULL,3,11,2),('顶切钳',1184,1161,NULL,3,12,2),('台虎钳',1185,1161,NULL,3,13,2),('打孔钳',1186,1161,NULL,3,14,2),('多功能钳',1187,1161,NULL,3,15,2),('断线钳',1188,1161,NULL,3,16,2),('胡桃钳',1189,1161,NULL,3,17,2),('弹簧夹',1190,1161,NULL,3,18,2),('G夹',1191,1161,NULL,3,19,2),('F夹',1192,1161,NULL,3,20,2),('平口钳',1193,1161,NULL,3,21,2),('鹰嘴钳',1194,1161,NULL,3,22,2),('扳手组套',1195,1162,NULL,3,1,2),('活动扳手',1196,1162,NULL,3,2,2),('双开口扳手',1197,1162,NULL,3,3,2),('单头开口扳手',1198,1162,NULL,3,4,2),('双梅花扳手',1199,1162,NULL,3,5,2),('两用扳手',1200,1162,NULL,3,6,2),('棘轮快扳',1201,1162,NULL,3,7,2),('敲击扳手',1202,1162,NULL,3,8,2),('内六角扳手',1203,1162,NULL,3,9,2),('油管扳手',1204,1162,NULL,3,10,2),('尖尾棘轮扳手',1205,1162,NULL,3,11,2),('套筒扳手',1206,1162,NULL,3,12,2),('链条扳手',1207,1162,NULL,3,13,2),('多功能扳手',1208,1162,NULL,3,14,2),('L型扳手',1209,1162,NULL,3,15,2),('花形扳手',1210,1162,NULL,3,16,2),('螺丝批组套',1211,1163,NULL,3,1,2),('穿心螺丝批',1212,1163,NULL,3,2,2),('多功能螺丝批',1213,1163,NULL,3,3,2),('花型螺丝批',1214,1163,NULL,3,4,2),('螺帽螺丝批',1215,1163,NULL,3,5,2),('旋具头手柄\\旋具头',1216,1163,NULL,3,6,2),('球头内六角螺丝批',1217,1163,NULL,3,7,2),('十字螺丝批',1218,1163,NULL,3,8,2),('一字螺丝批',1219,1163,NULL,3,9,2),('中孔花型螺丝批',1220,1163,NULL,3,10,2),('充磁消磁器',1221,1163,NULL,3,11,2),('棘轮螺丝批',1222,1163,NULL,3,12,2),('螺丝批批头',1223,1163,NULL,3,13,2),('套筒组套',1224,1164,NULL,3,1,2),('6.3MM系列套筒及配件',1225,1164,NULL,3,2,2),('10MM系列套筒及配件',1226,1164,NULL,3,3,2),('12.5MM系列套筒及配件',1227,1164,NULL,3,4,2),('19MM系列套筒及配件',1228,1164,NULL,3,5,2),('25MM系列套筒及配件',1229,1164,NULL,3,6,2),('6.3MM系列旋具套筒',1230,1164,NULL,3,7,2),('10MM系列旋具套筒',1231,1164,NULL,3,8,2),('12.5MM系列旋具套筒',1232,1164,NULL,3,9,2),('T型套筒',1233,1164,NULL,3,10,2),('卷尺',1234,1165,NULL,3,1,2),('直尺',1235,1165,NULL,3,2,2),('角尺',1236,1165,NULL,3,3,2),('水平尺',1237,1165,NULL,3,4,2),('气动钉枪',1238,1052,NULL,2,1,2),('气动喷枪',1239,1052,NULL,2,2,2),('气动装配',1240,1052,NULL,2,3,2),('气动砂磨',1241,1052,NULL,2,4,2),('其他气动',1242,1052,NULL,2,5,2),('气动辅助元件',1243,1052,NULL,2,6,2),('直钉枪',1244,1238,NULL,3,1,2),('卷钉枪',1245,1238,NULL,3,2,2),('蚊钉枪',1246,1238,NULL,3,3,2),('码钉枪',1247,1238,NULL,3,4,2),('钢钉枪',1248,1238,NULL,3,5,2),('夹码枪',1249,1238,NULL,3,6,2),('吹尘枪',1250,1239,NULL,3,1,2),('喷涂机',1251,1239,NULL,3,2,2),('喷漆枪',1252,1239,NULL,3,3,2),('清洗枪',1253,1239,NULL,3,4,2),('气动冲击扳手',1254,1240,NULL,3,1,2),('气动棘轮扳手',1255,1240,NULL,3,2,2),('气动螺丝批',1256,1240,NULL,3,3,2),('气动角磨机',1257,1241,NULL,3,1,2),('气动砂磨机',1258,1241,NULL,3,2,2),('气动刻磨机',1259,1241,NULL,3,3,2),('气钻',1260,1242,NULL,3,1,2),('气铲',1261,1242,NULL,3,2,2),('快速接头',1262,1243,NULL,3,1,2),('气管插头',1263,1243,NULL,3,2,2),('测绘测量',1264,1054,NULL,2,1,2),('电气电子测量',1265,1054,NULL,2,2,2),('环境测量',1266,1054,NULL,2,3,2),('电工电子',1267,1054,NULL,2,4,2),('电子钳',1268,1054,NULL,2,5,2),('电子焊接',1269,1054,NULL,2,6,2),('防静电工具',1270,1054,NULL,2,7,2),('头部防护',1271,1053,NULL,2,1,2),('眼面防护',1272,1053,NULL,2,2,2),('呼吸防护',1273,1053,NULL,2,3,2),('听力防护',1274,1053,NULL,2,4,2),('身体防护',1275,1053,NULL,2,5,2),('手部防护',1276,1053,NULL,2,6,2),('足部防护',1277,1053,NULL,2,7,2),('坠落防护',1278,1053,NULL,2,8,2),('静电防护',1279,1053,NULL,2,9,2),('焊接防护',1280,1053,NULL,2,10,2),('消防安全',1281,1053,NULL,2,11,2),('道路安全',1282,1053,NULL,2,12,2),('智能垃圾桶',1283,1053,NULL,2,13,2),('家居系列',1284,1283,NULL,3,1,2),('办公系列',1285,1283,NULL,3,2,2),('公共场所系列',1286,1283,NULL,3,3,2),('定位器',1287,1282,NULL,3,1,2),('告示牌',1288,1282,NULL,3,2,2),('广角镜',1289,1282,NULL,3,3,2),('护角',1290,1282,NULL,3,4,2),('护栏',1291,1282,NULL,3,5,2),('减速带',1292,1282,NULL,3,6,2),('警示带',1293,1282,NULL,3,7,2),('警示柱',1294,1282,NULL,3,8,2),('路锥',1295,1282,NULL,3,9,2),('指挥棒',1296,1282,NULL,3,10,2),('灭火器',1297,1281,NULL,3,1,2),('消防报警设备',1298,1281,NULL,3,2,2),('焊接手套',1299,1280,NULL,3,1,2),('焊接面罩',1300,1280,NULL,3,2,2),('防静电服',1301,1279,NULL,3,1,2),('防静电手套',1302,1279,NULL,3,2,2),('安全带',1303,1278,NULL,3,1,2),('安全绳',1304,1278,NULL,3,2,2),('安全鞋',1305,1277,NULL,3,1,2),('雨鞋',1306,1277,NULL,3,2,2),('绝缘鞋',1307,1277,NULL,3,3,2),('棉纱手套',1308,1276,NULL,3,1,2),('棉布手套',1309,1276,NULL,3,2,2),('涂层手套',1310,1276,NULL,3,3,2),('一次性手套',1311,1276,NULL,3,4,2),('防化手套',1312,1276,NULL,3,5,2),('防割手套',1313,1276,NULL,3,6,2),('隔热手套',1314,1276,NULL,3,7,2),('防尘服',1315,1275,NULL,3,1,2),('反光背心',1316,1275,NULL,3,2,2),('耳塞',1317,1274,NULL,3,1,2),('耳罩',1318,1274,NULL,3,2,2),('口罩',1319,1273,NULL,3,1,2),('半面罩',1320,1273,NULL,3,2,2),('滤棉',1321,1273,NULL,3,3,2),('滤毒盒',1322,1273,NULL,3,4,2),('防护眼镜',1323,1272,NULL,3,1,2),('访客眼镜',1324,1272,NULL,3,2,2),('护目镜',1325,1272,NULL,3,3,2),('安全帽',1326,1271,NULL,3,1,2),('防静电尖嘴钳',1327,1270,NULL,3,1,2),('防静电平口钳',1328,1270,NULL,3,2,2),('防静电斜嘴钳',1329,1270,NULL,3,3,2),('防静电剥线钳',1330,1270,NULL,3,4,2),('防静电镊子',1331,1270,NULL,3,5,2),('防静电手腕带',1332,1270,NULL,3,6,2),('防静电酒精瓶',1333,1270,NULL,3,7,2),('防静电刷子',1334,1270,NULL,3,8,2),('防静电螺丝批',1335,1270,NULL,3,9,2),('防静电无感调棒',1336,1270,NULL,3,10,2),('电焊台',1337,1269,NULL,3,1,2),('电烙铁',1338,1269,NULL,3,2,2),('烙铁头',1339,1269,NULL,3,3,2),('发热芯',1340,1269,NULL,3,4,2),('吸锡器',1341,1269,NULL,3,5,2),('焊锡丝',1342,1269,NULL,3,6,2),('松香',1343,1269,NULL,3,7,2),('助焊工具',1344,1269,NULL,3,8,2),('熔锡炉',1345,1269,NULL,3,9,2),('焊锡条',1346,1269,NULL,3,10,2),('电子钳套装',1347,1268,NULL,3,1,2),('剥线钳',1348,1268,NULL,3,2,2),('电子钢丝钳',1349,1268,NULL,3,3,2),('电子尖嘴钳',1350,1268,NULL,3,4,2),('电子斜嘴钳',1351,1268,NULL,3,5,2),('电子水口钳',1352,1268,NULL,3,6,2),('电子平嘴钳',1353,1268,NULL,3,7,2),('绝缘端子压接钳',1354,1268,NULL,3,8,2),('裸端子压接钳',1355,1268,NULL,3,9,2),('欧式端子压接钳',1356,1268,NULL,3,10,2),('同轴端子压接钳',1357,1268,NULL,3,11,2),('端子台压接钳',1358,1268,NULL,3,12,2),('电讯接头压线钳',1359,1268,NULL,3,13,2),('多功能压接钳',1360,1268,NULL,3,14,2),('测电笔',1361,1267,NULL,3,1,2),('电工刀',1362,1267,NULL,3,2,2),('电工剪',1363,1267,NULL,3,3,2),('电工胶带',1364,1267,NULL,3,4,2),('精密螺丝批',1365,1267,NULL,3,5,2),('镊子',1366,1267,NULL,3,6,2),('放大镜',1367,1267,NULL,3,7,2),('IC脚部调整器',1368,1267,NULL,3,8,2),('真空吸笔',1369,1267,NULL,3,9,2),('绝缘胶带',1370,1267,NULL,3,10,2),('墙体探测仪',1371,1266,NULL,3,1,2),('测堵仪',1372,1266,NULL,3,2,2),('测厚仪',1373,1266,NULL,3,3,2),('温湿计',1374,1266,NULL,3,4,2),('噪声仪',1375,1266,NULL,3,5,2),('风速仪',1376,1266,NULL,3,6,2),('转速计',1377,1266,NULL,3,7,2),('测温仪',1378,1266,NULL,3,8,2),('照度计',1379,1266,NULL,3,9,2),('空气质量检测仪',1380,1266,NULL,3,10,2),('气体检漏仪',1381,1266,NULL,3,11,2),('万用表',1382,1265,NULL,3,1,2),('钳形表',1383,1265,NULL,3,2,2),('示波器',1384,1265,NULL,3,3,2),('相序表',1385,1265,NULL,3,4,2),('验电器',1386,1265,NULL,3,5,2),('兆欧表',1387,1265,NULL,3,6,2),('电压及连续性测试仪',1388,1265,NULL,3,7,2),('电容表',1389,1265,NULL,3,8,2),('电阻测试仪',1390,1265,NULL,3,9,2),('网络测试仪',1391,1265,NULL,3,10,2),('USB测试仪',1392,1265,NULL,3,11,2),('仪器仪表附件配件',1393,1265,NULL,3,12,2),('测距仪',1394,1264,NULL,3,1,2),('管道工具',1395,1027,NULL,2,2,2),('钳工工具',1396,1027,NULL,2,3,2),('园林工具',1397,1027,NULL,2,4,2),('汽修汽保',1398,1027,NULL,2,5,2),('液压工具',1399,1027,NULL,2,6,2),('线缆工具',1400,1027,NULL,2,7,2),('电缆剪',1401,1400,NULL,3,1,2),('电缆切割钳',1402,1400,NULL,3,2,2),('钢索剪',1403,1400,NULL,3,3,2),('光纤测试笔',1404,1400,NULL,3,4,2),('液压钳',1405,1399,NULL,3,1,2),('液压钢筋剪',1406,1399,NULL,3,2,2),('液压压接钳',1407,1399,NULL,3,3,2),('汽修工具组套',1408,1398,NULL,3,1,2),('润滑设备及工具',1409,1398,NULL,3,2,2),('轮胎维修工具',1410,1398,NULL,3,3,2),('引擎维修工具',1411,1398,NULL,3,4,2),('底盘维修工具',1412,1398,NULL,3,5,2),('车身维修工具',1413,1398,NULL,3,6,2),('电器维修工具',1414,1398,NULL,3,7,2),('内饰装修工具',1415,1398,NULL,3,8,2),('园林工具组套',1416,1397,NULL,3,1,2),('园林剪',1417,1397,NULL,3,2,2),('割草机',1418,1397,NULL,3,3,2),('玻璃吸盘',1419,1035,NULL,3,2,2),('刮板',1420,1035,NULL,3,3,2),('滚筒',1421,1035,NULL,3,4,2),('靠尺',1422,1035,NULL,3,5,2),('抹泥板',1423,1035,NULL,3,6,2),('抹泥刀',1424,1035,NULL,3,7,2),('墨斗',1425,1035,NULL,3,8,2),('木工方刨',1426,1035,NULL,3,9,2),('木工鸟刨',1427,1035,NULL,3,10,2),('刨刀刀片',1428,1035,NULL,3,11,2),('泥工线',1429,1035,NULL,3,12,2),('墙面打磨机',1430,1035,NULL,3,13,2),('三脚架',1431,1035,NULL,3,14,2),('砂板吸尘器',1432,1035,NULL,3,15,2),('水平仪',1433,1035,NULL,3,16,2),('推刀',1434,1035,NULL,3,17,2),('线坠',1435,1035,NULL,3,18,2),('油漆刷',1436,1035,NULL,3,19,2),('铅笔',1437,1035,NULL,3,20,2),('表座',1438,1396,NULL,3,1,2),('起钉器',1439,1396,NULL,3,2,2),('台虎钳',1440,1396,NULL,3,3,2),('撬棒',1441,1396,NULL,3,4,2),('断丝取出器',1442,1396,NULL,3,5,2),('划线器',1443,1396,NULL,3,6,2),('刮刀',1444,1396,NULL,3,7,2),('拉马',1445,1396,NULL,3,8,2),('拉铆枪',1446,1396,NULL,3,9,2),('硅胶枪',1447,1395,NULL,3,1,2),('管钳',1448,1395,NULL,3,2,2),('切管器',1449,1395,NULL,3,3,2),('切管器轮片',1450,1395,NULL,3,4,2),('PVC管子割刀',1451,1395,NULL,3,5,2),('弯管器',1452,1395,NULL,3,6,2),('扩管器',1453,1395,NULL,3,7,2),('热熔器',1454,1395,NULL,3,8,2),('开关',1455,1055,NULL,2,1,2),('插座',1456,1055,NULL,2,2,2),('插头',1457,1055,NULL,2,3,2),('开关插座配件',1458,1055,NULL,2,4,2),('插线板',1459,1055,NULL,2,5,2),('接线盘',1460,1055,NULL,2,6,2),('终端配电',1461,1055,NULL,2,7,2),('转换器',1462,1055,NULL,2,8,2),('室内照明',1463,1055,NULL,2,9,2),('室外照明',1464,1055,NULL,2,10,2),('电筒',1465,1055,NULL,2,11,2),('工作灯',1466,1055,NULL,2,12,2),('电池',1467,1055,NULL,2,13,2),('充电电池',1468,1467,NULL,3,1,2),('手持LED工作灯',1469,1466,NULL,3,1,2),('磁性工作灯',1470,1466,NULL,3,2,2),('手提工作灯',1471,1466,NULL,3,3,2),('聚光灯',1472,1466,NULL,3,4,2),('普通手电筒',1473,1465,NULL,3,1,2),('充电手电筒',1474,1465,NULL,3,2,2),('头灯',1475,1465,NULL,3,3,2),('野营灯',1476,1465,NULL,3,4,2),('草坪灯',1477,1464,NULL,3,1,2),('筒灯',1478,1463,NULL,3,1,2),('国标转换器',1479,1462,NULL,3,1,2),('万国转换器',1480,1462,NULL,3,2,2),('英标转换器',1481,1462,NULL,3,3,2),('一转多转换器',1482,1462,NULL,3,4,2),('1P断路器',1483,1461,NULL,3,1,2),('2P断路器',1484,1461,NULL,3,2,2),('4p断路器',1485,1461,NULL,3,3,2),('2p漏电断路器',1486,1461,NULL,3,4,2),('单相接线盘',1487,1460,NULL,3,1,2),('有线类插线板',1488,1459,NULL,3,1,2),('无线类插线板',1489,1459,NULL,3,2,2),('USB类插线板',1490,1459,NULL,3,3,2),('空白面板',1491,1458,NULL,3,1,2),('防溅盒',1492,1458,NULL,3,2,2),('底盒',1493,1458,NULL,3,3,2),('两极插头',1494,1457,NULL,3,1,2),('三极插头',1495,1457,NULL,3,2,2),('墙壁插座',1496,1456,NULL,3,1,2),('带开关插座',1497,1456,NULL,3,2,2),('组合插座',1498,1456,NULL,3,3,2),('电脑插座',1499,1456,NULL,3,4,2),('电视插座',1500,1456,NULL,3,5,2),('电话电脑插座',1501,1456,NULL,3,6,2),('电脑电视插座',1502,1456,NULL,3,7,2),('其他插座',1503,1456,NULL,3,8,2),('单开开关',1504,1455,NULL,3,1,2),('双开开关',1505,1455,NULL,3,2,2),('三开开关',1506,1455,NULL,3,3,2),('四开开关',1507,1455,NULL,3,4,2);
/*!40000 ALTER TABLE `ProductCategory` ENABLE KEYS */;
UNLOCK TABLES;

--
-- Table structure for table `ProductInBatch`
--

DROP TABLE IF EXISTS `ProductInBatch`;
/*!40101 SET @saved_cs_client     = @@character_set_client */;
/*!40101 SET character_set_client = utf8 */;
CREATE TABLE `ProductInBatch` (
  `carDriverId` bigint(20) DEFAULT NULL,
  `warehouseId` bigint(20) NOT NULL,
  `LogisticsCat` varchar(40) NOT NULL,
  `shipNo` varchar(100) DEFAULT NULL,
  `carId` bigint(20) DEFAULT NULL,
  `sendUser` varchar(40) NOT NULL,
  `sendUserPhone` varchar(20) NOT NULL,
  `sendUserPostal` varchar(20) DEFAULT NULL,
  `sendUserDistrict` varchar(20) NOT NULL,
  `sendUserFullDistrict` varchar(100) NOT NULL,
  `sendUserAddress` varchar(200) NOT NULL,
  `createTime` datetime NOT NULL,
  `createUserId` bigint(20) NOT NULL,
  `remark` varchar(2000) NOT NULL,
  `imageUrls` varchar(4000) NOT NULL,
  `dataStatus` varchar(20) NOT NULL,
  `id` bigint(20) NOT NULL AUTO_INCREMENT,
  PRIMARY KEY (`id`)
) ENGINE=InnoDB AUTO_INCREMENT=1009 DEFAULT CHARSET=utf8;
/*!40101 SET character_set_client = @saved_cs_client */;

--
-- Dumping data for table `ProductInBatch`
--

LOCK TABLES `ProductInBatch` WRITE;
/*!40000 ALTER TABLE `ProductInBatch` DISABLE KEYS */;
INSERT INTO `ProductInBatch` VALUES (1002,1001,'OWN','',1001,'李先生','13923839630','','120102','天津市/市辖区/河东区','测试地址111','2020-02-28 12:52:12',1000,'test','http://diegooss.oss-cn-shenzhen.aliyuncs.com/202002281252097750.png','VALID',1004),(NULL,1001,'OTHER','sf-1122',NULL,'张先生','13266804403','','220211','吉林省/吉林市/丰满区','科技大厦302','2020-02-29 20:37:44',1000,'test','http://diegooss.oss-cn-shenzhen.aliyuncs.com/202002292037419820.png','TEMP',1005),(1001,1001,'OWN','2020040216',1000,'彭锡征','13505490031','','371312','山东省/临沂市/河东区','临沂市河东区九曲街道凤仪街2256号\n','2020-04-02 16:54:45',1004,'test','http://diegooss.oss-cn-shenzhen.aliyuncs.com/202004021653494888.jpg,http://diegooss.oss-cn-shenzhen.aliyuncs.com/202004021653518326.jpg,http://diegooss.oss-cn-shenzhen.aliyuncs.com/202004021654449221.jpg','VALID',1006),(1002,1001,'OWN','2020040215',1001,'张逸飞','18925748831','','441900119000','广东省/东莞市/长安镇','厦岗社区福海市场东街8号长银科创园B栋4楼A区401\n','2020-04-02 17:14:40',1004,'test','http://diegooss.oss-cn-shenzhen.aliyuncs.com/202004021714321864.jpg','VALID',1007),(1001,1001,'OWN','',1000,'力易得','15148774588','','310101','上海市/市辖区/黄浦区','力易得','2020-04-14 09:35:25',1004,'test','http://diegooss.oss-cn-shenzhen.aliyuncs.com/202004140935119971.jpg,http://diegooss.oss-cn-shenzhen.aliyuncs.com/202004140935165203.jpg','VALID',1008);
/*!40000 ALTER TABLE `ProductInBatch` ENABLE KEYS */;
UNLOCK TABLES;

--
-- Table structure for table `ProductInItem`
--

DROP TABLE IF EXISTS `ProductInItem`;
/*!40101 SET @saved_cs_client     = @@character_set_client */;
/*!40101 SET character_set_client = utf8 */;
CREATE TABLE `ProductInItem` (
  `id` bigint(20) NOT NULL AUTO_INCREMENT,
  `batchId` bigint(20) DEFAULT NULL,
  `productId` bigint(20) NOT NULL,
  `createTime` datetime NOT NULL,
  `createUserId` bigint(20) NOT NULL,
  `modalTitle` varchar(200) NOT NULL,
  `specValueString` varchar(200) NOT NULL,
  `warehouseId` bigint(20) NOT NULL,
  `action` varchar(20) NOT NULL,
  `damageCat` varchar(20) DEFAULT NULL,
  `imageUrls` varchar(4000) DEFAULT NULL,
  `remark` varchar(1000) DEFAULT NULL,
  `quantity` int(11) NOT NULL,
  PRIMARY KEY (`id`)
) ENGINE=InnoDB AUTO_INCREMENT=1112 DEFAULT CHARSET=utf8;
/*!40101 SET character_set_client = @saved_cs_client */;

--
-- Dumping data for table `ProductInItem`
--

LOCK TABLES `ProductInItem` WRITE;
/*!40000 ALTER TABLE `ProductInItem` DISABLE KEYS */;
INSERT INTO `ProductInItem` VALUES (1010,1004,288,'2020-02-28 19:25:03',1000,'BOSCH/博世-多功能电锤 钻 圆柄钻头 电钻 电锤 电镐三功能','GBH 2000 DRE',1001,'stock',NULL,NULL,NULL,20),(1011,1004,289,'2020-02-28 19:25:03',1000,'BOSCH/博世-多功能电锤 钻 圆柄钻头 电钻 电锤 电镐三功能','GBH 2000 RE',1001,'stock',NULL,NULL,NULL,31),(1012,1004,304,'2020-02-28 22:14:47',1000,'BOSCH/博世-电锤 钻头 四坑5系 圆柄两坑两槽 冲击混凝土 钻头','8x100x160mm',1001,'stock',NULL,NULL,NULL,2),(1013,1004,307,'2020-02-28 22:15:03',1000,'BOSCH/博世-电锤 钻头 四坑5系 圆柄两坑两槽 冲击混凝土 钻头','16x150x210mm',1001,'damage','funcDisable','http://diegooss.oss-cn-shenzhen.aliyuncs.com/202002282215008399.png','test',1),(1014,1005,289,'2020-02-29 20:38:17',1000,'BOSCH/博世-多功能电锤 钻 圆柄钻头 电钻 电锤 电镐三功能','GBH 2000 RE',1001,'damage','dirty','http://diegooss.oss-cn-shenzhen.aliyuncs.com/202002292038109322.png','test',1),(1015,1006,306,'2020-04-02 16:58:54',1004,'BOSCH/博世-电锤 钻头 四坑5系 圆柄两坑两槽 冲击混凝土 钻头','14x100x160mm',1001,'stock',NULL,NULL,NULL,50),(1016,1006,305,'2020-04-02 16:58:54',1004,'BOSCH/博世-电锤 钻头 四坑5系 圆柄两坑两槽 冲击混凝土 钻头','10x100x160mm',1001,'stock',NULL,NULL,NULL,50),(1017,1006,303,'2020-04-02 16:58:54',1004,'BOSCH/博世-电锤 钻头 四坑5系 圆柄两坑两槽 冲击混凝土 钻头','6x100x160mm',1001,'stock',NULL,NULL,NULL,50),(1018,1006,304,'2020-04-02 16:58:54',1004,'BOSCH/博世-电锤 钻头 四坑5系 圆柄两坑两槽 冲击混凝土 钻头','8x100x160mm',1001,'stock',NULL,NULL,NULL,50),(1019,1006,307,'2020-04-02 16:58:54',1004,'BOSCH/博世-电锤 钻头 四坑5系 圆柄两坑两槽 冲击混凝土 钻头','16x150x210mm',1001,'stock',NULL,NULL,NULL,50),(1020,1006,309,'2020-04-02 16:58:54',1004,'BOSCH/博世-金刚石通用节段齿 105mm 云石片','连续齿105mm',1001,'stock',NULL,NULL,NULL,50),(1021,1006,308,'2020-04-02 16:58:54',1004,'BOSCH/博世-金刚石通用节段齿 105mm 云石片','节段齿105mm',1001,'stock',NULL,NULL,NULL,50),(1022,1006,292,'2020-04-02 16:58:54',1004,'BULL/公牛-插座面板 错位五孔插座 86型电源墙壁插座','金色款式2',1001,'stock',NULL,NULL,NULL,50),(1023,1006,290,'2020-04-02 16:58:54',1004,'BULL/公牛-插座面板 错位五孔插座 86型电源墙壁插座','白色',1001,'stock',NULL,NULL,NULL,50),(1024,1006,291,'2020-04-02 16:58:54',1004,'BULL/公牛-插座面板 错位五孔插座 86型电源墙壁插座','金色款式1',1001,'stock',NULL,NULL,NULL,50),(1025,1006,273,'2020-04-02 16:58:54',1004,'ENDURA/力易得-十字型橡塑柄螺丝批','#0*75MM',1001,'stock',NULL,NULL,NULL,100),(1026,1006,281,'2020-04-02 16:58:54',1004,'ENDURA/力易得-十字型橡塑柄螺丝批','#0*100MM',1001,'stock',NULL,NULL,NULL,100),(1027,1006,280,'2020-04-02 16:58:54',1004,'ENDURA/力易得-十字型橡塑柄螺丝批','#0*125MM',1001,'stock',NULL,NULL,NULL,100),(1028,1006,272,'2020-04-02 16:58:54',1004,'ENDURA/力易得-十字型橡塑柄螺丝批','#2*150MM',1001,'stock',NULL,NULL,NULL,100),(1029,1006,274,'2020-04-02 16:58:54',1004,'ENDURA/力易得-十字型橡塑柄螺丝批','#2*125MM',1001,'stock',NULL,NULL,NULL,100),(1030,1006,275,'2020-04-02 16:58:54',1004,'ENDURA/力易得-十字型橡塑柄螺丝批','#1*150MM',1001,'stock',NULL,NULL,NULL,100),(1031,1006,276,'2020-04-02 16:58:54',1004,'ENDURA/力易得-十字型橡塑柄螺丝批','#1*125MM',1001,'stock',NULL,NULL,NULL,100),(1032,1006,277,'2020-04-02 16:58:54',1004,'ENDURA/力易得-十字型橡塑柄螺丝批','#1*100MM',1001,'stock',NULL,NULL,NULL,100),(1033,1006,278,'2020-04-02 16:58:54',1004,'ENDURA/力易得-十字型橡塑柄螺丝批','#1*75MM',1001,'stock',NULL,NULL,NULL,100),(1034,1006,284,'2020-04-02 16:58:54',1004,'FURONG/芙蓉-开孔器','φ45',1001,'stock',NULL,NULL,NULL,100),(1035,1006,285,'2020-04-02 16:58:54',1004,'FURONG/芙蓉-开孔器','φ50',1001,'stock',NULL,NULL,NULL,100),(1036,1006,360,'2020-04-02 16:58:54',1004,'HIOKI/日置 验电笔 双色灯感应式验电笔','φ 18.5mm',1001,'stock',NULL,NULL,NULL,100),(1037,1006,355,'2020-04-02 16:58:54',1004,'HOLD/宏远-不锈钢管高档电烙铁','60W',1001,'stock',NULL,NULL,NULL,100),(1038,1006,352,'2020-04-02 16:58:54',1004,'HOLD/宏远-不锈钢管高档电烙铁','30W',1001,'stock',NULL,NULL,NULL,100),(1039,1006,353,'2020-04-02 16:58:54',1004,'HOLD/宏远-不锈钢管高档电烙铁','40W',1001,'stock',NULL,NULL,NULL,100),(1040,1006,341,'2020-04-02 16:58:54',1004,'HOLD/宏远-锌合金柄钢角尺','300mm',1001,'stock',NULL,NULL,NULL,100),(1041,1006,342,'2020-04-02 16:58:54',1004,'HOLD/宏远-锌合金柄钢角尺','500mm',1001,'stock',NULL,NULL,NULL,100),(1042,1006,316,'2020-04-02 16:58:54',1004,'JTECH/捷科-迷你针嘴钳','160mm',1001,'stock',NULL,NULL,NULL,100),(1043,1006,313,'2020-04-02 16:58:54',1004,'meite/美特-气动钉枪耗材 镀铜 不锈钢蚊钉 普通蚊钉','615',1001,'stock',NULL,NULL,NULL,100),(1044,1006,312,'2020-04-02 16:58:54',1004,'meite/美特-气动钉枪耗材 镀铜 不锈钢蚊钉 普通蚊钉','612',1001,'stock',NULL,NULL,NULL,100),(1045,1006,311,'2020-04-02 16:58:54',1004,'meite/美特-气动钉枪耗材 镀铜 不锈钢蚊钉 普通蚊钉','610',1001,'stock',NULL,NULL,NULL,100),(1046,1006,310,'2020-04-02 16:58:54',1004,'meite/美特-气动钉枪耗材 镀铜 不锈钢蚊钉 普通蚊钉','608',1001,'stock',NULL,NULL,NULL,100),(1047,1006,319,'2020-04-02 16:58:54',1004,'PB SWISS TOOLS/P.B-PB SWISS TOOLS L型平头 内六角','7件套',1001,'stock',NULL,NULL,NULL,100),(1048,1006,318,'2020-04-02 16:58:54',1004,'PB SWISS TOOLS/P.B-PB SWISS TOOLS L型平头 内六角','5件套',1001,'stock',NULL,NULL,NULL,100),(1049,1006,321,'2020-04-02 16:58:54',1004,'PB SWISS TOOLS/P.B-PB SWISS TOOLS L型平头 内六角','9件套',1001,'stock',NULL,NULL,NULL,100),(1050,1006,320,'2020-04-02 16:58:54',1004,'PB SWISS TOOLS/P.B-PB SWISS TOOLS L型平头 内六角','8件套',1001,'stock',NULL,NULL,NULL,100),(1051,1006,361,'2020-04-02 16:58:54',1004,'Prokits宝工-电工线剥皮钳','0.2~1.0mm',1001,'stock',NULL,NULL,NULL,100),(1052,1006,317,'2020-04-02 16:58:54',1004,'Prokits宝工-电工线剥皮钳','0.6~2.6mm',1001,'stock',NULL,NULL,NULL,100),(1053,1006,348,'2020-04-02 16:58:54',1004,'SATA/世达-6.3mm系列 米字形旋具套筒','#3',1001,'stock',NULL,NULL,NULL,100),(1054,1006,347,'2020-04-02 16:58:54',1004,'SATA/世达-6.3mm系列 米字形旋具套筒','#2',1001,'stock',NULL,NULL,NULL,100),(1055,1006,346,'2020-04-02 16:58:54',1004,'SATA/世达-6.3mm系列 米字形旋具套筒','#1',1001,'stock',NULL,NULL,NULL,100),(1056,1006,283,'2020-04-02 16:58:54',1004,'SATA/世达-眼镜 亚洲款防冲击(防雾） 访客眼镜 护目镜 防冲击眼镜','不防雾',1001,'stock',NULL,NULL,NULL,100),(1057,1006,282,'2020-04-02 16:58:54',1004,'SATA/世达-眼镜 亚洲款防冲击(防雾） 访客眼镜 护目镜 防冲击眼镜','防雾',1001,'stock',NULL,NULL,NULL,100),(1058,1006,356,'2020-04-02 16:58:54',1004,'SATA世达-发热芯','30W',1001,'stock',NULL,NULL,NULL,100),(1059,1006,359,'2020-04-02 16:58:54',1004,'SATA世达-发热芯','60W',1001,'stock',NULL,NULL,NULL,100),(1060,1006,358,'2020-04-02 16:58:54',1004,'SATA世达-发热芯','50W',1001,'stock',NULL,NULL,NULL,100),(1061,1006,357,'2020-04-02 16:58:54',1004,'SATA世达-发热芯','40W',1001,'stock',NULL,NULL,NULL,100),(1062,1007,271,'2020-04-02 17:17:14',1004,'SHEFFIELD/钢盾-T型 绝缘T型套筒 扳手','3/8x200mm',1001,'stock',NULL,NULL,NULL,100),(1063,1007,270,'2020-04-02 17:17:14',1004,'SHEFFIELD/钢盾-T型 绝缘T型套筒 扳手','1/2x200mm',1001,'stock',NULL,NULL,NULL,100),(1064,1007,325,'2020-04-02 17:17:14',1004,'SHEFFIELD/钢盾-电工胶带','绿',1001,'stock',NULL,NULL,NULL,100),(1065,1007,326,'2020-04-02 17:17:14',1004,'SHEFFIELD/钢盾-电工胶带','黑',1001,'stock',NULL,NULL,NULL,100),(1066,1007,324,'2020-04-02 17:17:14',1004,'SHEFFIELD/钢盾-电工胶带','红',1001,'stock',NULL,NULL,NULL,100),(1067,1007,323,'2020-04-02 17:17:14',1004,'SHEFFIELD/钢盾-电工胶带','黄',1001,'stock',NULL,NULL,NULL,100),(1068,1007,261,'2020-04-02 17:17:14',1004,'STANLEY/史丹利 橡塑公制卷尺 ','3m',1001,'stock',NULL,NULL,NULL,100),(1069,1007,263,'2020-04-02 17:17:14',1004,'STANLEY/史丹利 橡塑公制卷尺 ','8m',1001,'stock',NULL,NULL,NULL,100),(1070,1007,262,'2020-04-02 17:17:14',1004,'STANLEY/史丹利 橡塑公制卷尺 ','5m',1001,'stock',NULL,NULL,NULL,100),(1071,1007,351,'2020-04-02 17:17:14',1004,'TAJIMA/田岛-9mm 美工刀','蓝色',1001,'stock',NULL,NULL,NULL,100),(1072,1007,350,'2020-04-02 17:17:14',1004,'TAJIMA/田岛-9mm 美工刀','红色',1001,'stock',NULL,NULL,NULL,100),(1073,1007,349,'2020-04-02 17:17:14',1004,'TAJIMA/田岛-9mm 美工刀','黄色',1001,'stock',NULL,NULL,NULL,100),(1074,1007,315,'2020-04-02 17:17:14',1004,'UNI-T/优利德-掌上型数字万用表(自动)','UT33D+',1001,'stock',NULL,NULL,NULL,100),(1075,1007,314,'2020-04-02 17:17:14',1004,'UNI-T/优利德-掌上型数字万用表(自动)','UT33A+',1001,'stock',NULL,NULL,NULL,100),(1076,1007,327,'2020-04-02 17:17:14',1004,'VICTOR/胜利-钳形表','39x26.5x45cm',1001,'stock',NULL,NULL,NULL,100),(1077,1007,334,'2020-04-02 17:17:14',1004,'东成-曲线锯条','T118A',1001,'stock',NULL,NULL,NULL,100),(1078,1007,333,'2020-04-02 17:17:14',1004,'东成-曲线锯条','T111C',1001,'stock',NULL,NULL,NULL,100),(1079,1007,335,'2020-04-02 17:17:14',1004,'东成-曲线锯条','T1444D',1001,'stock',NULL,NULL,NULL,100),(1080,1007,287,'2020-04-02 17:17:14',1004,'东成-电锤','Z1C-FF05-26+组合8件套',1001,'stock',NULL,NULL,NULL,100),(1081,1007,286,'2020-04-02 17:17:14',1004,'东成-电锤','Z1C-FF05-26',1001,'stock',NULL,NULL,NULL,100),(1082,1007,339,'2020-04-02 17:17:14',1004,'东成镐钎圆柄尖凿','18*280五坑',1001,'stock',NULL,NULL,NULL,100),(1083,1007,338,'2020-04-02 17:17:14',1004,'东成镐钎圆柄尖凿','17*400长六角',1001,'stock',NULL,NULL,NULL,100),(1084,1007,337,'2020-04-02 17:17:14',1004,'东成镐钎圆柄尖凿','30*400电镐',1001,'stock',NULL,NULL,NULL,100),(1085,1007,336,'2020-04-02 17:17:14',1004,'东成镐钎圆柄尖凿','14*250圆柄',1001,'stock',NULL,NULL,NULL,100),(1086,1007,330,'2020-04-02 17:17:14',1004,'博世_马刀锯片-金属切割','S922BF/25支装',1001,'stock',NULL,NULL,NULL,100),(1087,1007,329,'2020-04-02 17:17:14',1004,'博世_马刀锯片-金属切割','S922BF/5支装',1001,'stock',NULL,NULL,NULL,100),(1088,1007,328,'2020-04-02 17:17:14',1004,'博世_马刀锯片-金属切割','S1122EF/25支装',1001,'stock',NULL,NULL,NULL,100),(1089,1007,332,'2020-04-02 17:17:14',1004,'博世_马刀锯片-金属切割','S1122BF/5支装',1001,'stock',NULL,NULL,NULL,100),(1090,1007,331,'2020-04-02 17:17:14',1004,'博世_马刀锯片-金属切割','S1126CHF/5支装',1001,'stock',NULL,NULL,NULL,100),(1091,1007,340,'2020-04-02 17:17:14',1004,'大有5407圆锯片','1个/包',1001,'stock',NULL,NULL,NULL,100),(1092,1007,322,'2020-04-02 17:17:14',1004,'成量_圆板牙','M16',1001,'stock',NULL,NULL,NULL,100),(1093,1007,301,'2020-04-02 17:17:14',1004,'杭叉手动液压搬运车 液压叉车','685×1220mm 尼龙单轮HD2-2.5T',1001,'stock',NULL,NULL,NULL,10),(1094,1007,300,'2020-04-02 17:17:14',1004,'杭叉手动液压搬运车 液压叉车','685×1220mm PU双轮HD2-3T',1001,'stock',NULL,NULL,NULL,10),(1095,1007,299,'2020-04-02 17:17:14',1004,'杭叉手动液压搬运车 液压叉车','550×1150mm PU双轮HD1-3T',1001,'stock',NULL,NULL,NULL,10),(1096,1007,298,'2020-04-02 17:17:14',1004,'杭叉手动液压搬运车 液压叉车','540×1150mm PU双轮HA1-3T',1001,'stock',NULL,NULL,NULL,10),(1097,1007,297,'2020-04-02 17:17:14',1004,'杭叉手动液压搬运车 液压叉车','685×1220mm PU双轮HA2-3T',1001,'stock',NULL,NULL,NULL,10),(1098,1007,296,'2020-04-02 17:17:14',1004,'杭叉手动液压搬运车 液压叉车','685x1220mm PU双轮HD2-2.5T',1001,'stock',NULL,NULL,NULL,10),(1099,1007,295,'2020-04-02 17:17:14',1004,'杭叉手动液压搬运车 液压叉车','550x1150mm PU双轮HD1-2.5T',1001,'stock',NULL,NULL,NULL,10),(1100,1007,294,'2020-04-02 17:17:14',1004,'杭叉手动液压搬运车 液压叉车','685×1220mm PU双轮HA2-2.5T',1001,'stock',NULL,NULL,NULL,10),(1101,1007,293,'2020-04-02 17:17:14',1004,'杭叉手动液压搬运车 液压叉车','540×1150mm PU双轮HA1-2.5T',1001,'stock',NULL,NULL,NULL,10),(1102,1007,343,'2020-04-02 17:17:14',1004,'长城精工-05系列 亚光套红不锈钢直尺','300*25*1mm',1001,'stock',NULL,NULL,NULL,100),(1103,1007,345,'2020-04-02 17:17:14',1004,'长城精工-05系列 亚光套红不锈钢直尺','500*27*1mm',1001,'stock',NULL,NULL,NULL,100),(1104,1007,344,'2020-04-02 17:17:14',1004,'长城精工-05系列 亚光套红不锈钢直尺','2000*40*1.8mm',1001,'stock',NULL,NULL,NULL,100),(1105,1007,269,'2020-04-02 17:17:14',1004,'长城精工-T型圆柄球头 内六角扳手','8mm',1001,'stock',NULL,NULL,NULL,100),(1106,1007,268,'2020-04-02 17:17:14',1004,'长城精工-T型圆柄球头 内六角扳手','6mm',1001,'stock',NULL,NULL,NULL,100),(1107,1007,267,'2020-04-02 17:17:14',1004,'长城精工-T型圆柄球头 内六角扳手','5mm',1001,'stock',NULL,NULL,NULL,100),(1108,1007,266,'2020-04-02 17:17:14',1004,'长城精工-T型圆柄球头 内六角扳手','4mm',1001,'stock',NULL,NULL,NULL,100),(1109,1007,265,'2020-04-02 17:17:14',1004,'长城精工-T型圆柄球头 内六角扳手','3mm',1001,'stock',NULL,NULL,NULL,100),(1110,1007,264,'2020-04-02 17:17:14',1004,'长城精工-T型圆柄球头 内六角扳手','2mm',1001,'stock',NULL,NULL,NULL,100),(1111,1008,279,'2020-04-14 09:36:00',1004,'ENDURA/力易得-十字型橡塑柄螺丝批','#0*150MM',1001,'stock',NULL,NULL,NULL,100);
/*!40000 ALTER TABLE `ProductInItem` ENABLE KEYS */;
UNLOCK TABLES;

--
-- Table structure for table `ProductModal`
--

DROP TABLE IF EXISTS `ProductModal`;
/*!40101 SET @saved_cs_client     = @@character_set_client */;
/*!40101 SET character_set_client = utf8 */;
CREATE TABLE `ProductModal` (
  `title` varchar(400) NOT NULL,
  `subTitle` varchar(200) DEFAULT NULL,
  `brandId` bigint(20) DEFAULT NULL,
  `remark` text,
  `createTime` datetime NOT NULL,
  `createUserId` bigint(20) NOT NULL,
  `updateTime` datetime DEFAULT NULL,
  `updateUserId` bigint(20) DEFAULT NULL,
  `imageStr` varchar(4000) DEFAULT NULL,
  `id` bigint(20) NOT NULL AUTO_INCREMENT,
  `childCat1` bigint(20) DEFAULT NULL,
  `childCat2` bigint(20) DEFAULT NULL,
  `childCat3` bigint(20) DEFAULT NULL,
  `dataStatus` varchar(40) DEFAULT NULL,
  `trashTime` datetime DEFAULT NULL,
  `trashUserId` bigint(20) DEFAULT NULL,
  PRIMARY KEY (`id`)
) ENGINE=InnoDB AUTO_INCREMENT=1051 DEFAULT CHARSET=utf8;
/*!40101 SET character_set_client = @saved_cs_client */;

--
-- Dumping data for table `ProductModal`
--

LOCK TABLES `ProductModal` WRITE;
/*!40000 ALTER TABLE `ProductModal` DISABLE KEYS */;
INSERT INTO `ProductModal` VALUES ('STANLEY/史丹利 橡塑公制卷尺 ',NULL,2,'<figure class=\"image\"><img src=\"http://diegooss.oss-cn-shenzhen.aliyuncs.com/202002031233139890.jpg\"></figure><p>卷尺的主要类型为钢卷尺，其次是纤维卷尺，就是大家常常看到的皮尺，很多人说是布尺，还有就是腰围尺（裁缝尺/量衣尺都属于此类）。在我国的南方和香港地区通常称卷尺为软尺或者拉尺。其材质是PVC塑料和玻璃纤维，玻璃纤维能防止在卷尺的使用过程中被拉长。</p><p>&nbsp; &nbsp; &nbsp; &nbsp;卷尺能卷起来是因为卷尺里面装有弹簧，在拉出测量长度时，实际是拉长标尺及弹簧的长度，一旦测量完毕，卷尺里面的弹簧会自动收缩，标尺在弹簧力的作用下也跟着收缩，所以卷尺就会卷起来.</p><p>&nbsp; &nbsp; &nbsp; &nbsp;一，卷尺变形太大不会失效。为什么没失效；卷尺里的发条很长，它的完全放松到完全缩紧区间很大，卷尺的全部行程包括其中，两头都留有余量，所以卷尺不会失效。</p><p>&nbsp; &nbsp; &nbsp; &nbsp;二，拉一米长和拉二米长，拉力没什么区别；卷尺的发条很薄，缩紧时的变形量也很小，所以反作用力很小，拉尺时就感觉不到力的变化。</p><p>&nbsp; &nbsp; &nbsp; &nbsp;卷尺的“内芯”，里面有根小的一截钢片，作用就跟弹簧差不多。也可以这样想，就是玩具手枪扳机上面的那个，用来“打击”子弹的那跟小钢丝，拉出来的时候使它受力弯曲，松开后外力（指手拉的力，而摩擦力较小，小于了小钢丝的弹力）消失，所以再自动弹回。 而卷尺上最前面有个折叠的那一部分，这时候就起作用了，使卷尺卡在外面，使它不会完全缩进去。 一开始他是松的，拉出来后他就变紧了，松手后它应该就有个复原的过程，所以再自动弹回。 就是他最开始里面就是松的，拉的时候就紧了，之间有个弹力，再松开自然就有弹回去。</p>','2020-02-03 12:33:52',1004,'2020-02-12 11:01:25',1000,'http://diegooss.oss-cn-shenzhen.aliyuncs.com/202002121003032538.jpg,http://diegooss.oss-cn-shenzhen.aliyuncs.com/202002121003032346.jpg,blob:http://120.76.215.76:10500/cba8250b-6f63-444f-8c8d-b0c6b2c0aa5a,http://diegooss.oss-cn-shenzhen.aliyuncs.com/202002121003036810.jpg',1018,NULL,NULL,NULL,NULL,NULL,NULL),('长城精工-T型圆柄球头 内六角扳手',NULL,7,'<figure class=\"image\"><img src=\"http://diegooss.oss-cn-shenzhen.aliyuncs.com/202002031244127217.jpg\"></figure><figure class=\"image\"><img src=\"http://diegooss.oss-cn-shenzhen.aliyuncs.com/202002031244309602.jpg\"></figure><figure class=\"image\"><img src=\"http://diegooss.oss-cn-shenzhen.aliyuncs.com/202002031244569498.jpg\"></figure><figure class=\"image\"><img src=\"http://diegooss.oss-cn-shenzhen.aliyuncs.com/202002031244565491.jpg\"></figure><figure class=\"image\"><img src=\"http://diegooss.oss-cn-shenzhen.aliyuncs.com/202002031244561896.jpg\"></figure><figure class=\"image\"><img src=\"http://diegooss.oss-cn-shenzhen.aliyuncs.com/202002031244566903.jpg\"></figure><figure class=\"image\"><img src=\"http://diegooss.oss-cn-shenzhen.aliyuncs.com/202002031244563709.jpg\"></figure>','2020-02-03 12:42:47',1004,'2020-02-12 10:05:05',1004,'http://diegooss.oss-cn-shenzhen.aliyuncs.com/202002121004594530.jpg,http://diegooss.oss-cn-shenzhen.aliyuncs.com/202002121004595800.jpg,http://diegooss.oss-cn-shenzhen.aliyuncs.com/202002121004597257.jpg,blob:http://120.76.215.76:10500/8e5eaed4-80d9-4936-94b7-7a2dd56a99c5',1019,NULL,NULL,NULL,NULL,NULL,NULL),('SHEFFIELD/钢盾-T型 绝缘T型套筒 扳手',NULL,9,'<figure class=\"image\"><img src=\"http://diegooss.oss-cn-shenzhen.aliyuncs.com/202002031611368033.jpg\"></figure>','2020-02-03 16:11:40',1004,'2020-02-12 10:05:28',1004,'http://diegooss.oss-cn-shenzhen.aliyuncs.com/202002121005266425.jpg',1020,NULL,NULL,NULL,NULL,NULL,NULL),('ENDURA/力易得-十字型橡塑柄螺丝批',NULL,25,'<figure class=\"image\"><img src=\"http://diegooss.oss-cn-shenzhen.aliyuncs.com/202002031631324306.jpg\"></figure>','2020-02-03 16:19:25',1004,'2020-02-03 17:04:12',1004,'http://diegooss.oss-cn-shenzhen.aliyuncs.com/202002031631219563.jpg,http://diegooss.oss-cn-shenzhen.aliyuncs.com/202002031631212357.jpg,http://diegooss.oss-cn-shenzhen.aliyuncs.com/202002031631218841.jpg,http://diegooss.oss-cn-shenzhen.aliyuncs.com/202002031631219278.jpg',1021,NULL,NULL,NULL,NULL,NULL,NULL),('SATA/世达-眼镜 亚洲款防冲击(防雾） 访客眼镜 护目镜 防冲击眼镜',NULL,6,'<p>&nbsp;</p><figure class=\"image\"><img src=\"http://diegooss.oss-cn-shenzhen.aliyuncs.com/202002031639349088.jpg\"></figure><figure class=\"image\"><img src=\"http://diegooss.oss-cn-shenzhen.aliyuncs.com/202002031640409514.jpg\"></figure><figure class=\"image\"><img src=\"http://diegooss.oss-cn-shenzhen.aliyuncs.com/202002031641104205.jpg\"></figure><figure class=\"image\"><img src=\"http://diegooss.oss-cn-shenzhen.aliyuncs.com/202002031641271619.jpg\"></figure><figure class=\"image\"><img src=\"http://diegooss.oss-cn-shenzhen.aliyuncs.com/202002031642026294.jpg\"></figure>','2020-02-03 16:42:04',1004,'2020-02-11 22:02:33',1000,'http://diegooss.oss-cn-shenzhen.aliyuncs.com/202002112202306793.png',1022,NULL,NULL,NULL,NULL,NULL,NULL),('FURONG/芙蓉-开孔器',NULL,28,'<figure class=\"image\"><img src=\"http://diegooss.oss-cn-shenzhen.aliyuncs.com/202002031653525200.png\"></figure>','2020-02-03 16:50:06',1004,'2020-02-06 17:54:33',1004,'http://diegooss.oss-cn-shenzhen.aliyuncs.com/202002031649198871.png,http://diegooss.oss-cn-shenzhen.aliyuncs.com/202002031649191343.png,http://diegooss.oss-cn-shenzhen.aliyuncs.com/202002031649194379.png',1023,NULL,NULL,NULL,NULL,NULL,NULL),('东成-电锤',NULL,5,'<figure class=\"image\"><img src=\"http://diegooss.oss-cn-shenzhen.aliyuncs.com/202002061754583959.jpg\"></figure><figure class=\"image\"><img src=\"http://diegooss.oss-cn-shenzhen.aliyuncs.com/202002061755235211.jpg\"></figure><figure class=\"image\"><img src=\"http://diegooss.oss-cn-shenzhen.aliyuncs.com/202002061755324123.jpg\"></figure>','2020-02-03 17:03:15',1004,'2020-02-06 17:55:37',1004,'http://diegooss.oss-cn-shenzhen.aliyuncs.com/202002031704443790.jpg,http://diegooss.oss-cn-shenzhen.aliyuncs.com/202002031704514712.jpg,http://diegooss.oss-cn-shenzhen.aliyuncs.com/202002031704512574.jpg,http://diegooss.oss-cn-shenzhen.aliyuncs.com/202002031704511361.jpg',1024,NULL,NULL,NULL,NULL,NULL,NULL),('BOSCH/博世-多功能电锤 钻 圆柄钻头 电钻 电锤 电镐三功能',NULL,4,'<figure class=\"image\"><img src=\"http://diegooss.oss-cn-shenzhen.aliyuncs.com/202002061803279833.jpg\"></figure><figure class=\"image\"><img src=\"http://diegooss.oss-cn-shenzhen.aliyuncs.com/202002061804067579.jpg\"></figure><figure class=\"image\"><img src=\"http://diegooss.oss-cn-shenzhen.aliyuncs.com/202002061804326630.jpg\"></figure><figure class=\"image\"><img src=\"http://diegooss.oss-cn-shenzhen.aliyuncs.com/202002061804537700.jpg\"></figure><figure class=\"image\"><img src=\"http://diegooss.oss-cn-shenzhen.aliyuncs.com/202002061805226414.jpg\"></figure><figure class=\"image\"><img src=\"http://diegooss.oss-cn-shenzhen.aliyuncs.com/202002061805449524.jpg\"></figure><figure class=\"image\"><img src=\"http://diegooss.oss-cn-shenzhen.aliyuncs.com/202002061806016407.jpg\"></figure><figure class=\"image\"><img src=\"http://diegooss.oss-cn-shenzhen.aliyuncs.com/202002061806367786.jpg\"></figure><figure class=\"image\"><img src=\"http://diegooss.oss-cn-shenzhen.aliyuncs.com/202002061807193514.jpg\"></figure>','2020-02-03 17:14:59',1004,'2020-02-06 18:07:35',1004,'http://diegooss.oss-cn-shenzhen.aliyuncs.com/202002061759104819.jpg,http://diegooss.oss-cn-shenzhen.aliyuncs.com/202002061759145308.jpg,http://diegooss.oss-cn-shenzhen.aliyuncs.com/202002061759542736.jpg,http://diegooss.oss-cn-shenzhen.aliyuncs.com/202002061759588265.jpg',1025,NULL,NULL,NULL,'notSale',NULL,NULL),('BULL/公牛-插座面板 错位五孔插座 86型电源墙壁插座',NULL,24,'<figure class=\"image\"><img src=\"http://diegooss.oss-cn-shenzhen.aliyuncs.com/202002061744577263.jpg\"></figure><figure class=\"image\"><img src=\"http://diegooss.oss-cn-shenzhen.aliyuncs.com/202002061744574918.jpg\"></figure><figure class=\"image\"><img src=\"http://diegooss.oss-cn-shenzhen.aliyuncs.com/202002061744575158.jpg\"></figure><figure class=\"image\"><img src=\"http://diegooss.oss-cn-shenzhen.aliyuncs.com/202002061744575431.jpg\"></figure>','2020-02-03 17:21:09',1004,'2020-02-06 17:45:05',1004,'http://diegooss.oss-cn-shenzhen.aliyuncs.com/202002061744282075.jpg,http://diegooss.oss-cn-shenzhen.aliyuncs.com/202002061744281487.jpg,http://diegooss.oss-cn-shenzhen.aliyuncs.com/202002061744402668.jpg',1026,NULL,NULL,NULL,NULL,NULL,NULL),('杭叉手动液压搬运车 液压叉车',NULL,29,'<figure class=\"image\"><img src=\"http://diegooss.oss-cn-shenzhen.aliyuncs.com/202002061734262030.jpg\"></figure>','2020-02-03 17:36:02',1004,'2020-02-06 18:08:18',1004,'http://diegooss.oss-cn-shenzhen.aliyuncs.com/202002031738329515.jpg,http://diegooss.oss-cn-shenzhen.aliyuncs.com/202002031738322551.jpg,http://diegooss.oss-cn-shenzhen.aliyuncs.com/202002031738324623.jpg,http://diegooss.oss-cn-shenzhen.aliyuncs.com/202002031738322895.jpg',1027,NULL,NULL,NULL,NULL,NULL,NULL),('BOSCH/博世-电锤 钻头 四坑5系 圆柄两坑两槽 冲击混凝土 钻头',NULL,4,'<figure class=\"image\"><img src=\"http://diegooss.oss-cn-shenzhen.aliyuncs.com/202002101118485792.jpg\"></figure><figure class=\"image\"><img src=\"http://diegooss.oss-cn-shenzhen.aliyuncs.com/202002101119269177.jpg\"></figure><figure class=\"image\"><img src=\"http://diegooss.oss-cn-shenzhen.aliyuncs.com/202002101119322740.jpg\"></figure><figure class=\"image\"><img src=\"http://diegooss.oss-cn-shenzhen.aliyuncs.com/202002101119484515.jpg\"></figure><figure class=\"image\"><img src=\"http://diegooss.oss-cn-shenzhen.aliyuncs.com/202002101119558931.jpg\"></figure><figure class=\"image\"><img src=\"http://diegooss.oss-cn-shenzhen.aliyuncs.com/202002101120126163.jpg\"></figure><figure class=\"image\"><img src=\"http://diegooss.oss-cn-shenzhen.aliyuncs.com/202002101120202717.jpg\"></figure>','2020-02-10 11:11:43',1004,'2020-02-10 11:20:24',1004,'http://diegooss.oss-cn-shenzhen.aliyuncs.com/202002101118246531.jpg,http://diegooss.oss-cn-shenzhen.aliyuncs.com/202002101118281128.jpg,http://diegooss.oss-cn-shenzhen.aliyuncs.com/202002101118282781.jpg,http://diegooss.oss-cn-shenzhen.aliyuncs.com/202002101118287005.jpg',1028,NULL,NULL,NULL,NULL,NULL,NULL),('BOSCH/博世-金刚石通用节段齿 105mm 云石片',NULL,4,'<figure class=\"image\"><img src=\"http://diegooss.oss-cn-shenzhen.aliyuncs.com/202002101132581659.jpg\"></figure><figure class=\"image\"><img src=\"http://diegooss.oss-cn-shenzhen.aliyuncs.com/202002101133071012.jpg\"></figure>','2020-02-10 11:32:49',1004,'2020-03-26 12:18:40',1000,'http://diegooss.oss-cn-shenzhen.aliyuncs.com/202002121007001918.jpg,http://diegooss.oss-cn-shenzhen.aliyuncs.com/202002121007001633.jpg,http://diegooss.oss-cn-shenzhen.aliyuncs.com/202002121007007516.jpg,http://diegooss.oss-cn-shenzhen.aliyuncs.com/202002121007002724.jpg',1029,1036,NULL,NULL,NULL,NULL,NULL),('meite/美特-气动钉枪耗材 镀铜 不锈钢蚊钉 普通蚊钉',NULL,23,'<figure class=\"image\"><img src=\"http://diegooss.oss-cn-shenzhen.aliyuncs.com/202002101147428358.jpg\"></figure>','2020-02-10 11:47:44',1004,'2020-02-12 10:07:28',1004,'http://diegooss.oss-cn-shenzhen.aliyuncs.com/202002121007229393.jpg,http://diegooss.oss-cn-shenzhen.aliyuncs.com/202002121007229627.jpg,http://diegooss.oss-cn-shenzhen.aliyuncs.com/202002121007224026.jpg,http://diegooss.oss-cn-shenzhen.aliyuncs.com/202002121007228613.jpg',1030,NULL,NULL,NULL,NULL,NULL,NULL),('TAJIMA/田岛-快速板锯',NULL,NULL,'<figure class=\"image\"><img src=\"http://diegooss.oss-cn-shenzhen.aliyuncs.com/202002101215053428.jpg\"></figure><figure class=\"image\"><img src=\"http://diegooss.oss-cn-shenzhen.aliyuncs.com/202002101215135605.jpg\"></figure><figure class=\"image\"><img src=\"http://diegooss.oss-cn-shenzhen.aliyuncs.com/202002101215188823.jpg\"></figure>','2020-02-10 12:15:20',1004,'2020-02-12 10:07:57',1004,'http://diegooss.oss-cn-shenzhen.aliyuncs.com/202002121007523637.jpg,http://diegooss.oss-cn-shenzhen.aliyuncs.com/202002121007521405.jpg,http://diegooss.oss-cn-shenzhen.aliyuncs.com/202002121007524585.jpg,http://diegooss.oss-cn-shenzhen.aliyuncs.com/202002121007524033.jpg',1031,NULL,NULL,NULL,NULL,NULL,NULL),('UNI-T/优利德-掌上型数字万用表(自动)',NULL,12,'<figure class=\"image\"><img src=\"http://diegooss.oss-cn-shenzhen.aliyuncs.com/202002101803397245.jpg\"></figure><figure class=\"image\"><img src=\"http://diegooss.oss-cn-shenzhen.aliyuncs.com/202002101804173876.jpg\"></figure><figure class=\"image\"><img src=\"http://diegooss.oss-cn-shenzhen.aliyuncs.com/202002101804379912.jpg\"></figure><figure class=\"image\"><img src=\"http://diegooss.oss-cn-shenzhen.aliyuncs.com/202002101804505340.jpg\"></figure>','2020-02-10 18:05:12',1004,'2020-02-10 18:07:42',1004,'http://diegooss.oss-cn-shenzhen.aliyuncs.com/202002101807185190.jpg,http://diegooss.oss-cn-shenzhen.aliyuncs.com/202002101807242265.jpg,http://diegooss.oss-cn-shenzhen.aliyuncs.com/202002101807242046.jpg,http://diegooss.oss-cn-shenzhen.aliyuncs.com/202002101807245995.jpg',1032,NULL,NULL,NULL,NULL,NULL,NULL),('JTECH/捷科-迷你针嘴钳',NULL,10,'<figure class=\"image\"><img src=\"http://diegooss.oss-cn-shenzhen.aliyuncs.com/202002101808503933.jpg\"></figure><figure class=\"image\"><img src=\"http://diegooss.oss-cn-shenzhen.aliyuncs.com/202002101809013003.jpg\"></figure>','2020-02-10 18:09:02',1004,'2020-02-12 10:08:26',1004,'http://diegooss.oss-cn-shenzhen.aliyuncs.com/202002121008249662.jpg',1033,NULL,NULL,NULL,NULL,NULL,NULL),('Prokits宝工-电工线剥皮钳',NULL,17,'<figure class=\"image\"><img src=\"http://diegooss.oss-cn-shenzhen.aliyuncs.com/202002101812144969.png\"></figure><figure class=\"image\"><img src=\"http://diegooss.oss-cn-shenzhen.aliyuncs.com/202002101812218273.png\"></figure>','2020-02-10 18:12:23',1004,'2020-02-12 10:08:48',1004,'http://diegooss.oss-cn-shenzhen.aliyuncs.com/202002121008431139.jpg,http://diegooss.oss-cn-shenzhen.aliyuncs.com/202002121008431950.jpg,http://diegooss.oss-cn-shenzhen.aliyuncs.com/202002121008437204.jpg,http://diegooss.oss-cn-shenzhen.aliyuncs.com/202002121008432298.jpg',1034,NULL,NULL,NULL,NULL,NULL,NULL),('PB SWISS TOOLS/P.B-PB SWISS TOOLS L型平头 内六角',NULL,18,'<figure class=\"image\"><img src=\"http://diegooss.oss-cn-shenzhen.aliyuncs.com/202002101814544002.png\"></figure><figure class=\"image\"><img src=\"http://diegooss.oss-cn-shenzhen.aliyuncs.com/202002101814546146.png\"></figure><figure class=\"image\"><img src=\"http://diegooss.oss-cn-shenzhen.aliyuncs.com/202002101814547287.png\"></figure><figure class=\"image\"><img src=\"http://diegooss.oss-cn-shenzhen.aliyuncs.com/202002101814544291.png\"></figure>','2020-02-10 18:14:57',1004,'2020-02-12 10:09:23',1004,'http://diegooss.oss-cn-shenzhen.aliyuncs.com/202002121009173847.jpg,http://diegooss.oss-cn-shenzhen.aliyuncs.com/202002121009175739.jpg,http://diegooss.oss-cn-shenzhen.aliyuncs.com/202002121009178143.jpg,http://diegooss.oss-cn-shenzhen.aliyuncs.com/202002121009179151.jpg,http://diegooss.oss-cn-shenzhen.aliyuncs.com/202002121009172981.jpg',1035,NULL,NULL,NULL,NULL,NULL,NULL),('成量_圆板牙',NULL,26,'<figure class=\"image\"><img src=\"http://diegooss.oss-cn-shenzhen.aliyuncs.com/202002101953192143.jpg\"></figure><figure class=\"image\"><img src=\"http://diegooss.oss-cn-shenzhen.aliyuncs.com/202002101953275401.jpg\"></figure>','2020-02-10 19:53:29',1004,'2020-02-12 10:10:05',1004,'http://diegooss.oss-cn-shenzhen.aliyuncs.com/202002121010009486.jpg,http://diegooss.oss-cn-shenzhen.aliyuncs.com/202002121010007046.jpg,http://diegooss.oss-cn-shenzhen.aliyuncs.com/202002121010006341.jpg,http://diegooss.oss-cn-shenzhen.aliyuncs.com/202002121010007785.jpg',1036,NULL,NULL,NULL,NULL,NULL,NULL),('SHEFFIELD/钢盾-电工胶带',NULL,9,'<figure class=\"image\"><img src=\"http://diegooss.oss-cn-shenzhen.aliyuncs.com/202002101957082554.jpg\"></figure><figure class=\"image\"><img src=\"http://diegooss.oss-cn-shenzhen.aliyuncs.com/202002101957321345.jpg\"></figure><figure class=\"image\"><img src=\"http://diegooss.oss-cn-shenzhen.aliyuncs.com/202002101959517622.jpg\"></figure><p>&nbsp;</p>','2020-02-10 20:00:04',1004,'2020-02-12 10:10:40',1004,'http://diegooss.oss-cn-shenzhen.aliyuncs.com/202002121010331232.jpg,http://diegooss.oss-cn-shenzhen.aliyuncs.com/202002121010336407.jpg,http://diegooss.oss-cn-shenzhen.aliyuncs.com/202002121010336051.jpg,http://diegooss.oss-cn-shenzhen.aliyuncs.com/202002121010338986.jpg,http://diegooss.oss-cn-shenzhen.aliyuncs.com/202002121010334288.jpg',1037,NULL,NULL,NULL,NULL,NULL,NULL),('VICTOR/胜利-钳形表',NULL,13,'<figure class=\"image\"><img src=\"http://diegooss.oss-cn-shenzhen.aliyuncs.com/202002102004449463.jpg\"></figure><figure class=\"image\"><img src=\"http://diegooss.oss-cn-shenzhen.aliyuncs.com/202002102004552811.jpg\"></figure><figure class=\"image\"><img src=\"http://diegooss.oss-cn-shenzhen.aliyuncs.com/202002102005129445.jpg\"></figure>','2020-02-10 20:05:16',1004,'2020-02-12 10:12:04',1004,'http://diegooss.oss-cn-shenzhen.aliyuncs.com/202002121011564751.jpg,http://diegooss.oss-cn-shenzhen.aliyuncs.com/202002121011568731.jpg,http://diegooss.oss-cn-shenzhen.aliyuncs.com/202002121011562818.jpg,http://diegooss.oss-cn-shenzhen.aliyuncs.com/202002121011569649.jpg',1038,NULL,NULL,NULL,NULL,NULL,NULL),('博世_马刀锯片-金属切割',NULL,4,'<figure class=\"image\"><img src=\"http://diegooss.oss-cn-shenzhen.aliyuncs.com/202002102009388274.jpg\"></figure><figure class=\"image\"><img src=\"http://diegooss.oss-cn-shenzhen.aliyuncs.com/202002102009463179.jpg\"></figure><figure class=\"image\"><img src=\"http://diegooss.oss-cn-shenzhen.aliyuncs.com/202002102010205901.png\"></figure><figure class=\"image\"><img src=\"http://diegooss.oss-cn-shenzhen.aliyuncs.com/202002102010374232.png\"></figure>','2020-02-10 20:11:04',1004,'2020-02-12 10:12:32',1004,'http://diegooss.oss-cn-shenzhen.aliyuncs.com/202002121012309816.jpg',1039,NULL,NULL,NULL,NULL,NULL,NULL),('东成-曲线锯条',NULL,5,'<figure class=\"image\"><img src=\"http://diegooss.oss-cn-shenzhen.aliyuncs.com/202002102014254351.jpg\"></figure><figure class=\"image\"><img src=\"http://diegooss.oss-cn-shenzhen.aliyuncs.com/202002102014321475.jpg\"></figure><figure class=\"image\"><img src=\"http://diegooss.oss-cn-shenzhen.aliyuncs.com/202002102014488985.jpg\"></figure><figure class=\"image\"><img src=\"http://diegooss.oss-cn-shenzhen.aliyuncs.com/202002102015049299.jpg\"></figure><figure class=\"image\"><img src=\"http://diegooss.oss-cn-shenzhen.aliyuncs.com/202002102015161546.jpg\"></figure>','2020-02-10 20:15:25',1004,'2020-02-12 10:13:18',1004,'http://diegooss.oss-cn-shenzhen.aliyuncs.com/202002121013138165.jpg,http://diegooss.oss-cn-shenzhen.aliyuncs.com/202002121013139455.jpg,http://diegooss.oss-cn-shenzhen.aliyuncs.com/202002121013137705.jpg,http://diegooss.oss-cn-shenzhen.aliyuncs.com/202002121013131430.jpg',1040,NULL,NULL,NULL,NULL,NULL,NULL),('东成镐钎圆柄尖凿',NULL,5,'<figure class=\"image\"><img src=\"http://diegooss.oss-cn-shenzhen.aliyuncs.com/202002102018168813.jpg\"></figure><figure class=\"image\"><img src=\"http://diegooss.oss-cn-shenzhen.aliyuncs.com/202002102018288859.jpg\"></figure><figure class=\"image\"><img src=\"http://diegooss.oss-cn-shenzhen.aliyuncs.com/202002102018439783.jpg\"></figure><figure class=\"image\"><img src=\"http://diegooss.oss-cn-shenzhen.aliyuncs.com/202002102018519099.jpg\"></figure>','2020-02-10 20:18:59',1004,'2020-02-12 10:13:43',1004,'http://diegooss.oss-cn-shenzhen.aliyuncs.com/202002121013389949.jpg,http://diegooss.oss-cn-shenzhen.aliyuncs.com/202002121013381113.jpg,http://diegooss.oss-cn-shenzhen.aliyuncs.com/202002121013386329.jpg,http://diegooss.oss-cn-shenzhen.aliyuncs.com/202002121013385515.jpg,http://diegooss.oss-cn-shenzhen.aliyuncs.com/202002121013389694.jpg',1041,NULL,NULL,NULL,NULL,NULL,NULL),('大有5407圆锯片',NULL,20,'<figure class=\"image\"><img src=\"http://diegooss.oss-cn-shenzhen.aliyuncs.com/202002102020568650.jpg\"></figure><figure class=\"image\"><img src=\"http://diegooss.oss-cn-shenzhen.aliyuncs.com/202002102021097464.jpg\"></figure><figure class=\"image\"><img src=\"http://diegooss.oss-cn-shenzhen.aliyuncs.com/202002102021182281.jpg\"></figure><figure class=\"image\"><img src=\"http://diegooss.oss-cn-shenzhen.aliyuncs.com/202002102021288776.jpg\"></figure>','2020-02-10 20:21:31',1004,'2020-02-12 10:14:05',1004,'http://diegooss.oss-cn-shenzhen.aliyuncs.com/202002121013593360.jpg,http://diegooss.oss-cn-shenzhen.aliyuncs.com/202002121013596257.jpg,http://diegooss.oss-cn-shenzhen.aliyuncs.com/202002121013595787.jpg',1042,NULL,NULL,NULL,NULL,NULL,NULL),('HOLD/宏远-锌合金柄钢角尺',NULL,1,'<figure class=\"image\"><img src=\"http://diegooss.oss-cn-shenzhen.aliyuncs.com/202002102024072833.jpg\"></figure>','2020-02-10 20:24:07',1004,'2020-02-12 10:14:27',1004,'http://diegooss.oss-cn-shenzhen.aliyuncs.com/202002121014259148.jpg',1043,NULL,NULL,NULL,NULL,NULL,NULL),('长城精工-05系列 亚光套红不锈钢直尺',NULL,7,'<figure class=\"image\"><img src=\"http://diegooss.oss-cn-shenzhen.aliyuncs.com/202002102025485051.jpg\"></figure><figure class=\"image\"><img src=\"http://diegooss.oss-cn-shenzhen.aliyuncs.com/202002102026137923.jpg\"></figure><figure class=\"image\"><img src=\"http://diegooss.oss-cn-shenzhen.aliyuncs.com/202002102026309060.jpg\"></figure><figure class=\"image\"><img src=\"http://diegooss.oss-cn-shenzhen.aliyuncs.com/202002102026483260.jpg\"></figure><figure class=\"image\"><img src=\"http://diegooss.oss-cn-shenzhen.aliyuncs.com/202002102027046099.jpg\"></figure>','2020-02-10 20:27:07',1004,'2020-02-12 10:15:08',1004,'http://diegooss.oss-cn-shenzhen.aliyuncs.com/202002121015031690.jpg,http://diegooss.oss-cn-shenzhen.aliyuncs.com/202002121015038410.jpg,http://diegooss.oss-cn-shenzhen.aliyuncs.com/202002121015034057.jpg',1044,NULL,NULL,NULL,NULL,NULL,NULL),('SATA/世达-6.3mm系列 米字形旋具套筒',NULL,6,'<figure class=\"image\"><img src=\"http://diegooss.oss-cn-shenzhen.aliyuncs.com/202002102029291920.jpg\"></figure><figure class=\"image\"><img src=\"http://diegooss.oss-cn-shenzhen.aliyuncs.com/202002102029402507.jpg\"></figure><figure class=\"image\"><img src=\"http://diegooss.oss-cn-shenzhen.aliyuncs.com/202002102029498848.jpg\"></figure><figure class=\"image\"><img src=\"http://diegooss.oss-cn-shenzhen.aliyuncs.com/202002102029575697.jpg\"></figure>','2020-02-10 20:29:59',1004,'2020-02-12 10:15:55',1004,'http://diegooss.oss-cn-shenzhen.aliyuncs.com/202002121015467190.jpg,http://diegooss.oss-cn-shenzhen.aliyuncs.com/202002121015468606.jpg,http://diegooss.oss-cn-shenzhen.aliyuncs.com/202002121015466460.png,http://diegooss.oss-cn-shenzhen.aliyuncs.com/202002121015464580.jpg',1045,NULL,NULL,NULL,NULL,NULL,NULL),('TAJIMA/田岛-9mm 美工刀',NULL,11,'<figure class=\"image\"><img src=\"http://diegooss.oss-cn-shenzhen.aliyuncs.com/202002102034071840.jpg\"></figure><figure class=\"image\"><img src=\"http://diegooss.oss-cn-shenzhen.aliyuncs.com/202002102034163876.jpg\"></figure><figure class=\"image\"><img src=\"http://diegooss.oss-cn-shenzhen.aliyuncs.com/202002102034278529.jpg\"></figure><figure class=\"image\"><img src=\"http://diegooss.oss-cn-shenzhen.aliyuncs.com/202002102034365313.jpg\"></figure>','2020-02-10 20:34:39',1004,'2020-02-12 10:16:39',1004,'http://diegooss.oss-cn-shenzhen.aliyuncs.com/202002121016321899.jpg,http://diegooss.oss-cn-shenzhen.aliyuncs.com/202002121016321398.jpg,http://diegooss.oss-cn-shenzhen.aliyuncs.com/202002121016326649.jpg,http://diegooss.oss-cn-shenzhen.aliyuncs.com/202002121016323420.jpg',1046,NULL,NULL,NULL,NULL,NULL,NULL),('HOLD/宏远-不锈钢管高档电烙铁',NULL,1,'<figure class=\"image\"><img src=\"http://diegooss.oss-cn-shenzhen.aliyuncs.com/202002102036262063.jpg\"></figure>','2020-02-10 20:36:28',1004,'2020-02-12 10:17:19',1004,'http://diegooss.oss-cn-shenzhen.aliyuncs.com/202002121017131591.jpg,http://diegooss.oss-cn-shenzhen.aliyuncs.com/202002121017132404.jpg,http://diegooss.oss-cn-shenzhen.aliyuncs.com/202002121017133022.jpg',1047,NULL,NULL,NULL,NULL,NULL,NULL),('SATA世达-发热芯',NULL,6,'<figure class=\"image\"><img src=\"http://diegooss.oss-cn-shenzhen.aliyuncs.com/202002102040089521.jpg\"></figure><figure class=\"image\"><img src=\"http://diegooss.oss-cn-shenzhen.aliyuncs.com/202002102040081834.jpg\"></figure><figure class=\"image\"><img src=\"http://diegooss.oss-cn-shenzhen.aliyuncs.com/202002102040085420.jpg\"></figure><figure class=\"image\"><img src=\"http://diegooss.oss-cn-shenzhen.aliyuncs.com/202002102040085168.jpg\"></figure><figure class=\"image\"><img src=\"http://diegooss.oss-cn-shenzhen.aliyuncs.com/202002102040085175.jpg\"></figure><figure class=\"image\"><img src=\"http://diegooss.oss-cn-shenzhen.aliyuncs.com/202002102040086489.jpg\"></figure><figure class=\"image\"><img src=\"http://diegooss.oss-cn-shenzhen.aliyuncs.com/202002102040085210.jpg\"></figure><figure class=\"image\"><img src=\"http://diegooss.oss-cn-shenzhen.aliyuncs.com/202002102040084472.jpg\"></figure>','2020-02-10 20:40:17',1004,'2020-02-12 10:17:59',1004,'http://diegooss.oss-cn-shenzhen.aliyuncs.com/202002121017547402.jpg,http://diegooss.oss-cn-shenzhen.aliyuncs.com/202002121017543168.jpg,http://diegooss.oss-cn-shenzhen.aliyuncs.com/202002121017542510.jpg,http://diegooss.oss-cn-shenzhen.aliyuncs.com/202002121017541021.jpg',1048,NULL,NULL,NULL,NULL,NULL,NULL),('HIOKI/日置 验电笔 双色灯感应式验电笔',NULL,15,'<p>感应式验电笔</p><p>具备双色灯的感应式验电笔</p><p>● 具备检电器的最基本功能<br>● CAT Ⅳ 600 设计，符合 CE 标准<br>● 绿色指示灯显示电池状态<br>● 验电时亮灯并发出响声<br>● 自动省电功能</p><figure class=\"image\"><img src=\"http://diegooss.oss-cn-shenzhen.aliyuncs.com/202002102043063325.jpg\"></figure><figure class=\"image\"><img src=\"http://diegooss.oss-cn-shenzhen.aliyuncs.com/202002102043478111.png\"></figure>','2020-02-10 20:43:51',1004,'2020-02-12 10:18:23',1004,'http://diegooss.oss-cn-shenzhen.aliyuncs.com/202002121018185954.jpg,http://diegooss.oss-cn-shenzhen.aliyuncs.com/202002121018189479.jpg,http://diegooss.oss-cn-shenzhen.aliyuncs.com/202002121018182566.jpg,http://diegooss.oss-cn-shenzhen.aliyuncs.com/202002121018185298.jpg',1049,NULL,NULL,NULL,NULL,NULL,NULL),('测试商品测试商品测试商品测试商品测试商品测试商品测试商品测试商品测测试商品测商品测试商测品测试商品测试商品测试商品测试商品测试商品测试商品测试商品测试商品测试商品测试商品测试商品测试商品测试商品测试商品测试商品测试商品测试商品测试商品测试商品测试商品测试商品测试商品测试商品测试商品测试商品测试商品测试商品测试商品测试商品测试商品测试商品测试商品测试商品测试商品测试商品测试商品测试商品测试商品测试商品测试商测试商品测试商品测试商品测试商品测试商品测试商品测试商品测试商品测试商品测试商品测试商品测试商品测试商品测试商品测试商品测试商品测试商品测试商品测试商品测试商品测试商品测试商品测试商品测试商品测试商品测试商品测试商品品品测试商品品品测试商品品品测试商品品品品测试商品品品品测试商品品品品测试商品品品品测试商品品品品测试商品品品品测试商品品品品测试商品品品品测试商品品品品测试商品品品品测试商品','测试商品测试商品测试商品测试商品测试商品测试商品测试商品测试商品测测试商品测试商品测试商品测试商品测试商品测试商品测试商品测试商品测试商品测试商品测试商品测试商品测试商品测试商品测试商品测试商品测试商品测试商品测试商品测试商品测试商品测试商品测试商品测试商品测试商品测试商品测试商品测试商品测试商品测试商品测试商品测试商品测试商品测试商品测试商品',1,'<p>测</p>','2020-04-10 17:26:52',1003,'2020-04-10 17:32:40',1003,'http://diegooss.oss-cn-shenzhen.aliyuncs.com/202004101726439837.png',1050,NULL,NULL,NULL,'notSale','2020-04-10 17:27:06',1003);
/*!40000 ALTER TABLE `ProductModal` ENABLE KEYS */;
UNLOCK TABLES;

--
-- Table structure for table `ProductParam`
--

DROP TABLE IF EXISTS `ProductParam`;
/*!40101 SET @saved_cs_client     = @@character_set_client */;
/*!40101 SET character_set_client = utf8 */;
CREATE TABLE `ProductParam` (
  `cat` varchar(200) NOT NULL,
  `dataId` bigint(20) NOT NULL,
  `name` varchar(200) NOT NULL,
  `value` varchar(200) NOT NULL,
  `id` bigint(20) NOT NULL AUTO_INCREMENT,
  PRIMARY KEY (`id`)
) ENGINE=InnoDB AUTO_INCREMENT=9 DEFAULT CHARSET=utf8;
/*!40101 SET character_set_client = @saved_cs_client */;

--
-- Dumping data for table `ProductParam`
--

LOCK TABLES `ProductParam` WRITE;
/*!40000 ALTER TABLE `ProductParam` DISABLE KEYS */;
INSERT INTO `ProductParam` VALUES ('modal',1017,'重量','kg',1),('modal',1049,'测量范围','AC70～600V 50/60Hz',3),('modal',1049,'机身重量','38g',4),('modal',1049,'闪光提示','红色LED灯并发出持续警鸣',5),('modal',1049,'标准配件','7号锰电池（R03）× 2(主机内置监控器用)',6),('modal',1049,'机身尺寸','149H × φ 18.5mm',7),('modal',1049,'电池','七号锰干电池*2或七号碱性电池*2',8);
/*!40000 ALTER TABLE `ProductParam` ENABLE KEYS */;
UNLOCK TABLES;

--
-- Table structure for table `ProductSpecValue`
--

DROP TABLE IF EXISTS `ProductSpecValue`;
/*!40101 SET @saved_cs_client     = @@character_set_client */;
/*!40101 SET character_set_client = utf8 */;
CREATE TABLE `ProductSpecValue` (
  `productId` bigint(20) NOT NULL,
  `specValueId` bigint(20) NOT NULL,
  PRIMARY KEY (`productId`,`specValueId`)
) ENGINE=InnoDB DEFAULT CHARSET=utf8;
/*!40101 SET character_set_client = @saved_cs_client */;

--
-- Dumping data for table `ProductSpecValue`
--

LOCK TABLES `ProductSpecValue` WRITE;
/*!40000 ALTER TABLE `ProductSpecValue` DISABLE KEYS */;
INSERT INTO `ProductSpecValue` VALUES (250,1039),(250,1041),(251,1039),(251,1042),(252,1040),(252,1041),(253,1040),(253,1042),(254,1038),(254,1041),(255,1038),(255,1042),(258,1043),(259,1044),(261,1046),(262,1047),(263,1048),(264,1049),(265,1050),(266,1051),(267,1052),(268,1053),(269,1054),(270,1055),(271,1056),(272,1057),(273,1058),(274,1059),(275,1060),(276,1061),(277,1062),(278,1063),(279,1064),(280,1065),(281,1066),(282,1067),(283,1068),(284,1069),(285,1070),(286,1071),(287,1072),(288,1073),(289,1074),(290,1075),(291,1076),(292,1077),(293,1078),(294,1079),(295,1080),(296,1081),(297,1082),(298,1083),(299,1084),(300,1085),(301,1086),(302,1088),(303,1089),(304,1090),(305,1091),(306,1092),(307,1093),(308,1094),(309,1095),(310,1096),(311,1097),(312,1098),(313,1099),(314,1100),(315,1101),(316,1102),(317,1103),(318,1104),(319,1105),(320,1106),(321,1107),(322,1108),(323,1109),(324,1110),(325,1111),(326,1112),(327,1113),(328,1114),(329,1115),(330,1116),(331,1117),(332,1118),(333,1119),(334,1120),(335,1121),(336,1122),(337,1123),(338,1124),(339,1125),(340,1126),(341,1127),(342,1128),(343,1129),(344,1130),(345,1131),(346,1132),(347,1133),(348,1134),(349,1135),(350,1136),(351,1137),(352,1138),(353,1139),(355,1140),(356,1141),(357,1142),(358,1143),(359,1144),(360,1145),(361,1146);
/*!40000 ALTER TABLE `ProductSpecValue` ENABLE KEYS */;
UNLOCK TABLES;

--
-- Table structure for table `SaleStock`
--

DROP TABLE IF EXISTS `SaleStock`;
/*!40101 SET @saved_cs_client     = @@character_set_client */;
/*!40101 SET character_set_client = utf8 */;
CREATE TABLE `SaleStock` (
  `productId` bigint(20) NOT NULL,
  `stock` int(11) DEFAULT NULL,
  `version` bigint(20) NOT NULL,
  PRIMARY KEY (`productId`)
) ENGINE=InnoDB DEFAULT CHARSET=utf8;
/*!40101 SET character_set_client = @saved_cs_client */;

--
-- Dumping data for table `SaleStock`
--

LOCK TABLES `SaleStock` WRITE;
/*!40000 ALTER TABLE `SaleStock` DISABLE KEYS */;
INSERT INTO `SaleStock` VALUES (261,100,1585819048199),(262,100,1585819048201),(263,100,1585819048200),(264,100,1585819048254),(265,100,1585819048253),(266,100,1585819048251),(267,100,1585819048250),(268,100,1585819048249),(269,100,1585819048247),(270,100,1585819048192),(271,100,1585819048191),(272,80,1585818771962),(273,80,1585818771956),(274,80,1585818771963),(275,80,1585818771965),(276,80,1585818771966),(277,80,1585818771968),(278,97,1585818771969),(279,0,1586828166743),(280,80,1585818771960),(281,80,1585818771959),(282,100,1585818772010),(283,96,1585818772008),(284,100,1585818771971),(285,100,1585818771973),(286,100,1585819048216),(287,100,1585819048214),(288,9,1583395190883),(289,19,1583398804137),(290,30,1585818771954),(291,30,1585818771955),(292,50,1585818771952),(293,9,1585819048242),(294,9,1585819048241),(295,9,1585819048239),(296,9,1585819048238),(297,10,1585819048237),(298,10,1585819048235),(299,10,1585819048234),(300,10,1585819048233),(301,10,1585819048231),(303,31,1585818771945),(304,51,1585818771946),(305,35,1585818771943),(306,35,1585818771942),(307,50,1585818771948),(308,50,1585818771950),(309,50,1585818771949),(310,100,1585818771991),(311,100,1585818771989),(312,100,1585818771988),(313,100,1585818771986),(314,100,1585819048208),(315,100,1585819048207),(316,0,1585818771984),(317,100,1585818772002),(318,100,1585818771994),(319,100,1585818771992),(320,100,1585818771999),(321,100,1585818771995),(322,100,1585819048230),(323,100,1585819048197),(324,100,1585819048196),(325,100,1585819048194),(326,100,1585819048195),(327,100,1585819048209),(328,100,1585819048225),(329,100,1585819048224),(330,100,1585819048222),(331,100,1585819048227),(332,100,1585819048226),(333,100,1585819048212),(334,100,1585819048211),(335,100,1585819048213),(336,100,1585819048221),(337,100,1585819048220),(338,100,1585819048218),(339,100,1585819048217),(340,100,1585819048229),(341,0,1585818771981),(342,0,1585818771983),(343,0,1585819048243),(344,100,1586073303622),(345,100,1585819048245),(346,100,1585818772007),(347,100,1585818772005),(348,100,1585818772004),(349,100,1585819048205),(350,100,1585819048204),(351,100,1585819048203),(352,0,1585818771978),(353,0,1585818771980),(355,100,1585818771977),(356,100,1585818772011),(357,100,1585818772016),(358,100,1585818772015),(359,100,1585818772013),(360,100,1585818771975),(361,100,1585818772001);
/*!40000 ALTER TABLE `SaleStock` ENABLE KEYS */;
UNLOCK TABLES;

--
-- Table structure for table `Supplier`
--

DROP TABLE IF EXISTS `Supplier`;
/*!40101 SET @saved_cs_client     = @@character_set_client */;
/*!40101 SET character_set_client = utf8 */;
CREATE TABLE `Supplier` (
  `name` varchar(200) NOT NULL,
  `id` bigint(20) NOT NULL AUTO_INCREMENT,
  `dataStatus` varchar(200) NOT NULL,
  `user` varchar(200) NOT NULL,
  `userPhone` varchar(200) NOT NULL,
  `comanyPhone` varchar(200) DEFAULT NULL,
  `email` varchar(200) DEFAULT NULL,
  `cat` varchar(200) DEFAULT NULL,
  `fileUrls` text,
  PRIMARY KEY (`id`)
) ENGINE=InnoDB AUTO_INCREMENT=1033 DEFAULT CHARSET=utf8;
/*!40101 SET character_set_client = @saved_cs_client */;

--
-- Dumping data for table `Supplier`
--

LOCK TABLES `Supplier` WRITE;
/*!40000 ALTER TABLE `Supplier` DISABLE KEYS */;
INSERT INTO `Supplier` VALUES ('博世电动工具（中国）有限公司',1002,'trash','Holger Jacoby','87774321-2382','','','firstChoice',NULL),('上海力易得工具有限公司',1003,'inUse','杨先生','13621982793','','','firstChoice',NULL),('宁波长城精工实业有限公司',1004,'inUse','吕永锋','13958356753','','ting.ma@gwpstools.com','firstChoice',NULL),('公牛集团股份有限公司',1005,'inUse','李华','18042059597','','','firstChoice',NULL),('杭州巨星钢盾工具有限公司',1006,'inUse','王先明','15546343186','0086-571-81601226','gd@sheffieldtools.cn','firstChoice',NULL),('史丹利百得公司',1007,'inUse','Mackly','13556365302','86-0670-23453455','','firstChoice',NULL),('美国APEX集团（世达）',1008,'inUse','朱远振','13646217720','','','firstChoice',NULL),('余姚市宏远工具有限公司',1009,'inUse','黄远耀','13905842365','','','firstChoice',NULL),('杭叉集团股份有限公司',1010,'inUse','杭叉','0571-88131983','','hzccyx@163.com','firstChoice',NULL),('乐清市芙蓉工具一厂',1011,'inUse','林昌财','13588981320','86 577 62292188/62291985','','firstChoice',NULL),('江苏东成电动工具有限公司',1012,'inUse','仝进烽','13862877125','','','firstChoice',NULL),('杭州巨星科技股份有限公司',1013,'inUse','应孔凡','0571-81601360','','','firstChoice',NULL),('山东顺心精工五金工具有限公司',1014,'inUse','彭锡征','13505490031','','','normal',NULL),('临沂市兰山区帝诺五金工具厂',1015,'inUse','杨晓彤','13153931611','','','normal',NULL),('北京弘盛恒仪商贸有限公司',1016,'inUse','卢立龙','13911866682','','','normal',NULL),('商丘邦拓工具有限公司',1017,'inUse','曹向阳','13713266055','','','normal',NULL),('东莞市百格精密模具配件有限公司',1018,'inUse','张逸飞','18925748831','','','normal',NULL),('北京金锋昌盛商贸有限公司',1019,'inUse','张洪莲','18910500253','','','normal',NULL),('北京雷斯达克产品开发股份有限公司',1020,'inUse','张效章','13521831718','','','normal',NULL),('山东神钢五金工具制造有限公司',1021,'inUse','王延昇','15266661012','','','normal',NULL),('临沂市河东区聚优品五金工具有限公司',1022,'inUse','王复园','18660990126','','','normal',NULL),('广东雅洁五金有限公司',1023,'inUse','陈霞','13580119777','','','normal',NULL),('上海田岛工具有限公司',1024,'inUse','田先生','021-57741298','','','firstChoice',NULL),('日置（上海）商贸有限公司',1025,'inUse','王任捷 ',' 021-63910350','','','firstChoice',NULL),('广东美特机械有限公司',1026,'inUse',' 唐锡源',' 0757-85122208','','','firstChoice',NULL),('上海君永工贸有限公司（PB）',1027,'inUse','姚小姐','021-51699326','','','firstChoice',NULL),('深圳市驿生胜利科技有限公司',1028,'inUse','刘宇兵','0755-82425035','','victor@china-victor.com','firstChoice',NULL),('泉峰(中国)工具销售有限公司',1029,'inUse','张彤','025-52788433','','my.zou@chervon.com.cn','firstChoice',NULL),('优利德科技(中国)股份有限公司',1030,'inUse','秦杰','13625098222','','','firstChoice',NULL),('宝工实业股份有限公司',1031,'inUse','张俊英','02-22183233','','arthur@mail.prokits.com.tw','firstChoice',NULL),('成都成量工具集团有限公司',1032,'inUse','销售部','010-51663382/51663392 ','','','firstChoice',NULL);
/*!40000 ALTER TABLE `Supplier` ENABLE KEYS */;
UNLOCK TABLES;

--
-- Table structure for table `SupplierOrder`
--

DROP TABLE IF EXISTS `SupplierOrder`;
/*!40101 SET @saved_cs_client     = @@character_set_client */;
/*!40101 SET character_set_client = utf8 */;
CREATE TABLE `SupplierOrder` (
  `otherFee` decimal(16,4) DEFAULT NULL,
  `dataStatus` varchar(20) NOT NULL,
  `warehouseId` bigint(20) NOT NULL,
  `remark` decimal(16,4) DEFAULT NULL,
  `totalShouldPaid` decimal(16,4) NOT NULL,
  `deliveryFee` decimal(16,4) DEFAULT NULL,
  `id` bigint(20) NOT NULL AUTO_INCREMENT,
  `createTime` datetime NOT NULL,
  `createUserId` bigint(20) NOT NULL,
  `supplierId` bigint(20) NOT NULL,
  `exportExcel` tinyint(1) NOT NULL,
  `paidImageUrl` varchar(1000) DEFAULT NULL,
  `paidTime` datetime DEFAULT NULL,
  `paidUserId` bigint(20) DEFAULT NULL,
  `receiveUserId` bigint(20) DEFAULT NULL,
  `receiveTime` datetime DEFAULT NULL,
  PRIMARY KEY (`id`)
) ENGINE=InnoDB AUTO_INCREMENT=16 DEFAULT CHARSET=utf8;
/*!40101 SET character_set_client = @saved_cs_client */;

--
-- Dumping data for table `SupplierOrder`
--

LOCK TABLES `SupplierOrder` WRITE;
/*!40000 ALTER TABLE `SupplierOrder` DISABLE KEYS */;
INSERT INTO `SupplierOrder` VALUES (NULL,'Receive',1001,NULL,149830.0000,NULL,1,'2020-03-30 17:03:39',1000,1002,0,'http://diegooss.oss-cn-shenzhen.aliyuncs.com/202003301704297866.png','2020-03-30 17:04:35',1000,1000,'2020-03-30 18:00:58'),(NULL,'Receive',1001,NULL,664.6000,NULL,2,'2020-03-30 17:59:04',1000,1002,0,'http://diegooss.oss-cn-shenzhen.aliyuncs.com/202003301759558335.png','2020-03-30 17:59:59',1000,1000,'2020-03-30 18:01:00'),(NULL,'Receive',1001,NULL,6.3200,NULL,3,'2020-03-30 17:59:04',1000,1009,0,'http://diegooss.oss-cn-shenzhen.aliyuncs.com/202003301800039578.png','2020-03-30 18:00:23',1000,1000,'2020-03-30 18:01:01'),(NULL,'Paid',1001,NULL,1210.4000,NULL,4,'2020-04-05 17:21:02',1004,1002,0,'http://diegooss.oss-cn-shenzhen.aliyuncs.com/202004052115368055.jpg','2020-04-05 21:15:39',1004,NULL,NULL),(NULL,'Topaid',1001,NULL,1210.4000,NULL,5,'2020-04-05 17:23:42',1004,1002,0,NULL,NULL,NULL,NULL,NULL),(NULL,'Topaid',1001,NULL,7248.0000,NULL,6,'2020-04-05 21:01:11',1004,1008,0,NULL,NULL,NULL,NULL,NULL),(NULL,'Topaid',1001,NULL,6529.0000,NULL,7,'2020-04-05 21:02:01',1004,1003,0,NULL,NULL,NULL,NULL,NULL),(NULL,'Paid',1001,NULL,1592.0000,NULL,8,'2020-04-05 21:02:01',1004,1011,0,'http://diegooss.oss-cn-shenzhen.aliyuncs.com/202004052115223819.jpg','2020-04-05 21:15:25',1004,NULL,NULL),(NULL,'Topaid',1001,NULL,1100.0000,NULL,9,'2020-04-05 21:03:41',1004,1006,0,NULL,NULL,NULL,NULL,NULL),(NULL,'Topaid',1001,NULL,984.0000,NULL,10,'2020-04-05 21:03:41',1004,1026,0,NULL,NULL,NULL,NULL,NULL),(NULL,'Topaid',1001,NULL,1000.0000,NULL,11,'2020-04-05 21:03:41',1004,1023,0,NULL,NULL,NULL,NULL,NULL),(NULL,'Topaid',1001,NULL,1000.0000,NULL,12,'2020-04-05 21:03:41',1004,1011,0,NULL,NULL,NULL,NULL,NULL),(NULL,'Topaid',1001,NULL,65520.0000,NULL,13,'2020-04-05 21:03:41',1004,1027,0,NULL,NULL,NULL,NULL,NULL),(NULL,'Topaid',1001,NULL,4878.0000,NULL,14,'2020-04-05 21:03:41',1004,1031,0,NULL,NULL,NULL,NULL,NULL),(NULL,'Topaid',1001,NULL,4590.0000,NULL,15,'2020-04-05 21:03:41',1004,1030,0,NULL,NULL,NULL,NULL,NULL);
/*!40000 ALTER TABLE `SupplierOrder` ENABLE KEYS */;
UNLOCK TABLES;

--
-- Table structure for table `SupplierOrderItem`
--

DROP TABLE IF EXISTS `SupplierOrderItem`;
/*!40101 SET @saved_cs_client     = @@character_set_client */;
/*!40101 SET character_set_client = utf8 */;
CREATE TABLE `SupplierOrderItem` (
  `id` bigint(20) NOT NULL AUTO_INCREMENT,
  `createTime` datetime NOT NULL,
  `productId` bigint(20) NOT NULL,
  `quantity` int(11) NOT NULL,
  `createUserId` bigint(20) NOT NULL,
  `modalTitle` varchar(200) NOT NULL,
  `specValueString` varchar(200) NOT NULL,
  `totalProductFee` decimal(16,4) NOT NULL,
  `supplierPrice` decimal(16,4) NOT NULL,
  `retailPrice` decimal(16,4) NOT NULL,
  `supplierId` bigint(20) NOT NULL,
  `orderId` bigint(20) NOT NULL,
  PRIMARY KEY (`id`)
) ENGINE=InnoDB AUTO_INCREMENT=43 DEFAULT CHARSET=utf8;
/*!40101 SET character_set_client = @saved_cs_client */;

--
-- Dumping data for table `SupplierOrderItem`
--

LOCK TABLES `SupplierOrderItem` WRITE;
/*!40000 ALTER TABLE `SupplierOrderItem` DISABLE KEYS */;
INSERT INTO `SupplierOrderItem` VALUES (1,'2020-03-30 17:03:39',288,100,1000,'BOSCH/博世-多功能电锤 钻 圆柄钻头 电钻 电锤 电镐三功能','GBH 2000 DRE',63700.0000,637.0000,649.0000,1002,1),(2,'2020-03-30 17:03:39',289,150,1000,'BOSCH/博世-多功能电锤 钻 圆柄钻头 电钻 电锤 电镐三功能','GBH 2000 RE',83250.0000,555.0000,589.0000,1002,1),(3,'2020-03-30 17:03:39',304,100,1000,'BOSCH/博世-电锤 钻头 四坑5系 圆柄两坑两槽 冲击混凝土 钻头','8x100x160mm',880.0000,8.8000,11.0000,1002,1),(4,'2020-03-30 17:03:39',307,100,1000,'BOSCH/博世-电锤 钻头 四坑5系 圆柄两坑两槽 冲击混凝土 钻头','16x150x210mm',2000.0000,20.0000,25.0000,1002,1),(5,'2020-03-30 17:59:04',307,1,1000,'BOSCH/博世-电锤 钻头 四坑5系 圆柄两坑两槽 冲击混凝土 钻头','16x150x210mm',20.0000,20.0000,25.0000,1002,2),(6,'2020-03-30 17:59:04',303,1,1000,'BOSCH/博世-电锤 钻头 四坑5系 圆柄两坑两槽 冲击混凝土 钻头','6x100x160mm',7.6000,7.6000,9.5000,1002,2),(7,'2020-03-30 17:59:04',288,1,1000,'BOSCH/博世-多功能电锤 钻 圆柄钻头 电钻 电锤 电镐三功能','GBH 2000 DRE',637.0000,637.0000,649.0000,1002,2),(8,'2020-03-30 17:59:04',353,1,1000,'HOLD/宏远-不锈钢管高档电烙铁','40W',6.3200,6.3200,7.9000,1009,3),(12,'2020-04-05 17:22:10',288,1,1004,'BOSCH/博世-多功能电锤 钻 圆柄钻头 电钻 电锤 电镐三功能','GBH 2000 DRE',637.0000,637.0000,649.0000,1002,4),(13,'2020-04-05 17:22:10',289,1,1004,'BOSCH/博世-多功能电锤 钻 圆柄钻头 电钻 电锤 电镐三功能','GBH 2000 RE',555.0000,555.0000,589.0000,1002,4),(14,'2020-04-05 17:22:10',306,1,1004,'BOSCH/博世-电锤 钻头 四坑5系 圆柄两坑两槽 冲击混凝土 钻头','14x100x160mm',18.4000,18.4000,23.0000,1002,4),(15,'2020-04-05 17:23:42',288,1,1004,'BOSCH/博世-多功能电锤 钻 圆柄钻头 电钻 电锤 电镐三功能','GBH 2000 DRE',637.0000,637.0000,649.0000,1002,5),(16,'2020-04-05 17:23:42',289,1,1004,'BOSCH/博世-多功能电锤 钻 圆柄钻头 电钻 电锤 电镐三功能','GBH 2000 RE',555.0000,555.0000,589.0000,1002,5),(17,'2020-04-05 17:23:42',306,1,1004,'BOSCH/博世-电锤 钻头 四坑5系 圆柄两坑两槽 冲击混凝土 钻头','14x100x160mm',18.4000,18.4000,23.0000,1002,5),(18,'2020-04-05 21:01:11',282,200,1004,'SATA/世达-眼镜 亚洲款防冲击(防雾） 访客眼镜 护目镜 防冲击眼镜','防雾',2080.0000,10.4000,13.0000,1008,6),(19,'2020-04-05 21:01:11',356,200,1004,'SATA世达-发热芯','30W',1200.0000,6.0000,7.5000,1008,6),(20,'2020-04-05 21:01:11',359,200,1004,'SATA世达-发热芯','60W',1440.0000,7.2000,9.0000,1008,6),(21,'2020-04-05 21:01:11',358,200,1004,'SATA世达-发热芯','50W',1328.0000,6.6400,8.3000,1008,6),(22,'2020-04-05 21:01:11',357,200,1004,'SATA世达-发热芯','40W',1200.0000,6.0000,7.5000,1008,6),(23,'2020-04-05 21:02:01',279,100,1004,'ENDURA/力易得-十字型橡塑柄螺丝批','#0*150MM',768.0000,7.6800,9.6000,1003,7),(24,'2020-04-05 21:02:01',274,100,1004,'ENDURA/力易得-十字型橡塑柄螺丝批','#2*125MM',1032.0000,10.3200,12.9000,1003,7),(25,'2020-04-05 21:02:01',272,100,1004,'ENDURA/力易得-十字型橡塑柄螺丝批','#2*150MM',1089.0000,10.8900,13.6000,1003,7),(26,'2020-04-05 21:02:01',275,100,1004,'ENDURA/力易得-十字型橡塑柄螺丝批','#1*150MM',960.0000,9.6000,12.0000,1003,7),(27,'2020-04-05 21:02:01',276,100,1004,'ENDURA/力易得-十字型橡塑柄螺丝批','#1*125MM',944.0000,9.4400,11.8000,1003,7),(28,'2020-04-05 21:02:01',277,100,1004,'ENDURA/力易得-十字型橡塑柄螺丝批','#1*100MM',880.0000,8.8000,11.0000,1003,7),(29,'2020-04-05 21:02:01',278,100,1004,'ENDURA/力易得-十字型橡塑柄螺丝批','#1*75MM',856.0000,8.5600,10.7000,1003,7),(30,'2020-04-05 21:02:01',284,100,1004,'FURONG/芙蓉-开孔器','φ45',752.0000,7.5200,9.4000,1011,8),(31,'2020-04-05 21:02:01',285,100,1004,'FURONG/芙蓉-开孔器','φ50',840.0000,8.4000,10.5000,1011,8),(32,'2020-04-05 21:03:41',316,100,1004,'JTECH/捷科-迷你针嘴钳','160mm',1100.0000,11.0000,14.6000,1006,9),(33,'2020-04-05 21:03:41',313,100,1004,'meite/美特-气动钉枪耗材 镀铜 不锈钢蚊钉 普通蚊钉','615',504.0000,5.0400,6.3000,1026,10),(34,'2020-04-05 21:03:41',312,100,1004,'meite/美特-气动钉枪耗材 镀铜 不锈钢蚊钉 普通蚊钉','612',480.0000,4.8000,6.0000,1026,10),(35,'2020-04-05 21:03:41',311,100,1004,'meite/美特-气动钉枪耗材 镀铜 不锈钢蚊钉 普通蚊钉','610',1000.0000,10.0000,5.4000,1023,11),(36,'2020-04-05 21:03:41',310,100,1004,'meite/美特-气动钉枪耗材 镀铜 不锈钢蚊钉 普通蚊钉','608',1000.0000,10.0000,5.4000,1011,12),(37,'2020-04-05 21:03:41',319,100,1004,'PB SWISS TOOLS/P.B-PB SWISS TOOLS L型平头 内六角','7件套',13440.0000,134.4000,168.0000,1027,13),(38,'2020-04-05 21:03:41',318,100,1004,'PB SWISS TOOLS/P.B-PB SWISS TOOLS L型平头 内六角','5件套',6240.0000,62.4000,78.0000,1027,13),(39,'2020-04-05 21:03:41',320,100,1004,'PB SWISS TOOLS/P.B-PB SWISS TOOLS L型平头 内六角','8件套',14640.0000,146.4000,183.0000,1027,13),(40,'2020-04-05 21:03:41',321,100,1004,'PB SWISS TOOLS/P.B-PB SWISS TOOLS L型平头 内六角','9件套',31200.0000,312.0000,390.0000,1027,13),(41,'2020-04-05 21:03:41',361,100,1004,'Prokits宝工-电工线剥皮钳','0.2~1.0mm',4878.0000,48.7800,60.9700,1031,14),(42,'2020-04-05 21:03:41',317,100,1004,'Prokits宝工-电工线剥皮钳','0.6~2.6mm',4590.0000,45.9000,57.3300,1030,15);
/*!40000 ALTER TABLE `SupplierOrderItem` ENABLE KEYS */;
UNLOCK TABLES;

--
-- Table structure for table `SupplierProduct`
--

DROP TABLE IF EXISTS `SupplierProduct`;
/*!40101 SET @saved_cs_client     = @@character_set_client */;
/*!40101 SET character_set_client = utf8 */;
CREATE TABLE `SupplierProduct` (
  `productId` bigint(20) NOT NULL,
  `supplierId` bigint(20) NOT NULL,
  `onePrice` decimal(16,4) NOT NULL,
  `batchPrice` decimal(16,4) DEFAULT NULL,
  PRIMARY KEY (`productId`,`supplierId`)
) ENGINE=InnoDB DEFAULT CHARSET=utf8;
/*!40101 SET character_set_client = @saved_cs_client */;

--
-- Dumping data for table `SupplierProduct`
--

LOCK TABLES `SupplierProduct` WRITE;
/*!40000 ALTER TABLE `SupplierProduct` DISABLE KEYS */;
INSERT INTO `SupplierProduct` VALUES (258,1009,5.6800,NULL),(259,1009,4.1600,NULL),(261,1007,14.4000,NULL),(262,1007,23.0000,NULL),(263,1007,23.0000,NULL),(264,1004,4.4000,NULL),(265,1004,4.6400,NULL),(266,1004,5.2800,NULL),(267,1004,7.4400,NULL),(268,1004,9.2800,NULL),(269,1004,11.2800,NULL),(270,1006,191.2000,NULL),(271,1006,142.4000,NULL),(272,1003,10.8900,NULL),(273,1003,5.7600,NULL),(274,1003,10.3200,NULL),(275,1003,9.6000,NULL),(276,1003,9.4400,NULL),(277,1003,8.8000,NULL),(278,1003,8.5600,NULL),(279,1003,7.6800,NULL),(280,1003,9.0400,NULL),(281,1003,6.3200,NULL),(282,1008,10.4000,NULL),(283,1008,10.4000,NULL),(284,1011,7.5200,NULL),(285,1011,8.4000,NULL),(286,1012,310.4000,NULL),(287,1012,339.0000,NULL),(288,1002,637.0000,NULL),(289,1002,555.0000,NULL),(290,1005,10.0000,NULL),(291,1005,11.2800,NULL),(292,1005,16.8000,NULL),(293,1010,1096.0000,NULL),(294,1010,1120.0000,NULL),(295,1010,1056.0000,NULL),(296,1010,1072.0000,NULL),(297,1010,1192.0000,NULL),(298,1010,1168.0000,NULL),(299,1010,1116.0000,NULL),(300,1010,1140.0000,NULL),(301,1010,1040.0000,NULL),(302,1009,3.9200,NULL),(303,1002,7.6000,NULL),(304,1002,8.8000,NULL),(305,1002,8.8000,NULL),(306,1002,18.4000,NULL),(307,1002,20.0000,NULL),(308,1002,8.6800,NULL),(309,1002,10.4000,NULL),(310,1011,10.0000,NULL),(311,1023,10.0000,NULL),(312,1026,4.8000,NULL),(313,1026,5.0400,NULL),(314,1030,63.2000,NULL),(315,1030,65.6000,NULL),(316,1006,11.0000,NULL),(317,1030,45.9000,NULL),(318,1027,62.4000,NULL),(319,1027,134.4000,NULL),(320,1027,146.4000,NULL),(321,1027,312.0000,NULL),(322,1032,14.4000,NULL),(323,1006,3.1200,NULL),(324,1006,3.1200,NULL),(325,1006,3.1200,NULL),(326,1006,3.1200,NULL),(327,1028,79.2000,NULL),(328,1002,20.7400,NULL),(329,1002,11.5200,NULL),(330,1002,10.8800,NULL),(331,1002,22.0800,NULL),(332,1002,19.8400,NULL),(333,1012,9.1200,NULL),(334,1012,9.8800,NULL),(335,1012,6.3200,NULL),(336,1012,5.1200,NULL),(337,1012,28.8000,NULL),(338,1012,10.5600,NULL),(339,1012,7.9200,NULL),(340,1029,14.3200,NULL),(341,1009,9.6300,NULL),(342,1009,14.9600,NULL),(343,1004,6.2400,NULL),(344,1004,135.9000,NULL),(345,1004,4.7200,NULL),(346,1008,6.4000,NULL),(347,1008,6.4000,NULL),(348,1008,6.4000,NULL),(349,1024,9.3000,NULL),(350,1024,9.3000,NULL),(351,1024,9.3000,NULL),(352,1009,7.9200,NULL),(353,1009,6.3200,NULL),(355,1009,16.0800,NULL),(356,1008,6.0000,NULL),(357,1008,6.0000,NULL),(358,1008,6.6400,NULL),(359,1008,7.2000,NULL),(360,1025,142.4000,NULL),(361,1031,48.7800,NULL);
/*!40000 ALTER TABLE `SupplierProduct` ENABLE KEYS */;
UNLOCK TABLES;

--
-- Table structure for table `UploadAttach`
--

DROP TABLE IF EXISTS `UploadAttach`;
/*!40101 SET @saved_cs_client     = @@character_set_client */;
/*!40101 SET character_set_client = utf8 */;
CREATE TABLE `UploadAttach` (
  `contentType` varchar(200) NOT NULL,
  `createTime` datetime NOT NULL,
  `url` varchar(200) NOT NULL,
  `cat` varchar(200) NOT NULL,
  `dataId` bigint(20) DEFAULT NULL,
  `createUserId` bigint(20) NOT NULL,
  `name` varchar(200) DEFAULT NULL,
  `id` bigint(20) NOT NULL AUTO_INCREMENT,
  `size` bigint(20) NOT NULL,
  PRIMARY KEY (`id`)
) ENGINE=InnoDB DEFAULT CHARSET=utf8;
/*!40101 SET character_set_client = @saved_cs_client */;

--
-- Dumping data for table `UploadAttach`
--

LOCK TABLES `UploadAttach` WRITE;
/*!40000 ALTER TABLE `UploadAttach` DISABLE KEYS */;
/*!40000 ALTER TABLE `UploadAttach` ENABLE KEYS */;
UNLOCK TABLES;

--
-- Table structure for table `UserCheckActivity`
--

DROP TABLE IF EXISTS `UserCheckActivity`;
/*!40101 SET @saved_cs_client     = @@character_set_client */;
/*!40101 SET character_set_client = utf8 */;
CREATE TABLE `UserCheckActivity` (
  `id` bigint(20) NOT NULL AUTO_INCREMENT,
  `dataStatus` varchar(20) NOT NULL,
  `warehouseId` bigint(20) NOT NULL,
  `checkUserId` bigint(20) NOT NULL,
  `createTime` datetime NOT NULL,
  `createUserId` bigint(20) NOT NULL,
  `remark` varchar(2000) NOT NULL,
  `checkTime` datetime NOT NULL,
  PRIMARY KEY (`id`)
) ENGINE=InnoDB AUTO_INCREMENT=1008 DEFAULT CHARSET=utf8;
/*!40101 SET character_set_client = @saved_cs_client */;

--
-- Dumping data for table `UserCheckActivity`
--

LOCK TABLES `UserCheckActivity` WRITE;
/*!40000 ALTER TABLE `UserCheckActivity` DISABLE KEYS */;
INSERT INTO `UserCheckActivity` VALUES (1000,'VALID',1001,1003,'2020-02-29 13:23:57',1000,'盘点了两个商品','2020-02-29 13:23:44'),(1001,'VALID',1001,1003,'2020-03-01 14:12:28',1000,'test','2020-03-01 14:12:20'),(1002,'VALID',1001,1003,'2020-03-05 12:06:25',1000,'盘点并查看销售库存','2020-03-05 12:06:17'),(1003,'VALID',1001,1003,'2020-03-05 12:14:34',1000,'test','2020-03-05 12:14:29'),(1004,'VALID',1001,1003,'2020-03-05 12:31:39',1000,'test','2020-03-05 12:30:11'),(1005,'VALID',1001,1003,'2020-03-05 15:45:44',1000,'test','2020-03-05 15:45:40'),(1006,'VALID',1001,1003,'2020-03-05 16:58:05',1000,'test','2020-03-05 16:58:00'),(1007,'VALID',1001,1004,'2020-04-05 15:45:35',1004,'test','2020-04-05 00:00:00');
/*!40000 ALTER TABLE `UserCheckActivity` ENABLE KEYS */;
UNLOCK TABLES;

--
-- Table structure for table `UserCheckProduct`
--

DROP TABLE IF EXISTS `UserCheckProduct`;
/*!40101 SET @saved_cs_client     = @@character_set_client */;
/*!40101 SET character_set_client = utf8 */;
CREATE TABLE `UserCheckProduct` (
  `warehouseId` bigint(20) NOT NULL,
  `productId` bigint(20) NOT NULL,
  `activityId` bigint(20) NOT NULL,
  `parentId` bigint(20) DEFAULT NULL,
  `checkResultCat` varchar(20) DEFAULT NULL,
  `remark` varchar(1000) DEFAULT NULL,
  `imageUrls` varchar(4000) DEFAULT NULL,
  `id` bigint(20) NOT NULL AUTO_INCREMENT,
  `quantity` int(11) DEFAULT NULL,
  PRIMARY KEY (`id`)
) ENGINE=InnoDB AUTO_INCREMENT=1051 DEFAULT CHARSET=utf8;
/*!40101 SET character_set_client = @saved_cs_client */;

--
-- Dumping data for table `UserCheckProduct`
--

LOCK TABLES `UserCheckProduct` WRITE;
/*!40000 ALTER TABLE `UserCheckProduct` DISABLE KEYS */;
INSERT INTO `UserCheckProduct` VALUES (1001,288,1000,NULL,NULL,NULL,NULL,1022,NULL),(1001,304,1000,NULL,NULL,NULL,NULL,1024,NULL),(1001,288,1000,1022,'OK','','',1025,20),(1001,288,1000,1022,'DAMAGE','test','http://diegooss.oss-cn-shenzhen.aliyuncs.com/202002292204463596.png,http://diegooss.oss-cn-shenzhen.aliyuncs.com/202002292204462754.png,http://diegooss.oss-cn-shenzhen.aliyuncs.com/202002292204464942.png',1026,2),(1001,304,1000,1024,'MORE_COUNT','检查发现应该是3件','',1028,1),(1001,289,1000,NULL,NULL,NULL,NULL,1029,NULL),(1001,289,1000,1029,'OK','','',1030,31),(1001,289,1001,NULL,NULL,NULL,NULL,1031,NULL),(1001,288,1002,NULL,NULL,NULL,NULL,1033,NULL),(1001,289,1002,NULL,NULL,NULL,NULL,1034,NULL),(1001,288,1002,1033,'OK','','',1035,20),(1001,289,1002,1034,'OK','','',1036,31),(1001,289,1001,1031,'OK','','',1037,31),(1001,288,1003,NULL,NULL,NULL,NULL,1038,NULL),(1001,288,1003,1038,'OK','','',1039,20),(1001,288,1004,NULL,NULL,NULL,NULL,1040,NULL),(1001,288,1004,1040,'OK','','',1041,20),(1001,288,1005,NULL,NULL,NULL,NULL,1042,NULL),(1001,288,1005,1042,'OK','','',1043,20),(1001,289,1006,NULL,NULL,NULL,NULL,1044,NULL),(1001,304,1006,NULL,NULL,NULL,NULL,1045,NULL),(1001,289,1006,1044,'OK','test','',1046,31),(1001,304,1006,1045,'OK','','',1047,2),(1001,344,1007,NULL,NULL,NULL,NULL,1049,NULL),(1001,344,1007,1049,'OK','','',1050,100);
/*!40000 ALTER TABLE `UserCheckProduct` ENABLE KEYS */;
UNLOCK TABLES;

--
-- Table structure for table `UserLike`
--

DROP TABLE IF EXISTS `UserLike`;
/*!40101 SET @saved_cs_client     = @@character_set_client */;
/*!40101 SET character_set_client = utf8 */;
CREATE TABLE `UserLike` (
  `userId` bigint(20) NOT NULL,
  `productId` bigint(20) NOT NULL,
  `createTime` datetime NOT NULL,
  PRIMARY KEY (`userId`,`productId`)
) ENGINE=InnoDB DEFAULT CHARSET=utf8;
/*!40101 SET character_set_client = @saved_cs_client */;

--
-- Dumping data for table `UserLike`
--

LOCK TABLES `UserLike` WRITE;
/*!40000 ALTER TABLE `UserLike` DISABLE KEYS */;
INSERT INTO `UserLike` VALUES (1031,289,'2020-04-22 17:29:49');
/*!40000 ALTER TABLE `UserLike` ENABLE KEYS */;
UNLOCK TABLES;

--
-- Table structure for table `UserOrder`
--

DROP TABLE IF EXISTS `UserOrder`;
/*!40101 SET @saved_cs_client     = @@character_set_client */;
/*!40101 SET character_set_client = utf8 */;
CREATE TABLE `UserOrder` (
  `createTime` datetime NOT NULL,
  `parentBizId` varchar(40) DEFAULT NULL,
  `bizId` varchar(40) NOT NULL,
  `dataStatus` varchar(20) NOT NULL,
  `totalProductFee` decimal(16,4) NOT NULL,
  `deliveryFee` decimal(16,4) DEFAULT NULL,
  `totalShouldPaid` decimal(16,4) NOT NULL,
  `invoiceFlag` varchar(10) DEFAULT NULL,
  `invoiceCat` varchar(40) DEFAULT NULL,
  `goodAddressId` bigint(20) NOT NULL,
  `invoiceAddressId` bigint(20) DEFAULT NULL,
  `orderRemark` varchar(1000) DEFAULT NULL,
  `backUserId` bigint(20) DEFAULT NULL,
  `source` varchar(20) NOT NULL,
  `buyUserId` bigint(20) NOT NULL,
  `buyUserCat` varchar(20) NOT NULL,
  `id` bigint(20) NOT NULL AUTO_INCREMENT,
  PRIMARY KEY (`id`)
) ENGINE=InnoDB AUTO_INCREMENT=17 DEFAULT CHARSET=utf8;
/*!40101 SET character_set_client = @saved_cs_client */;

--
-- Dumping data for table `UserOrder`
--

LOCK TABLES `UserOrder` WRITE;
/*!40000 ALTER TABLE `UserOrder` DISABLE KEYS */;
INSERT INTO `UserOrder` VALUES ('2020-03-27 12:22:40',NULL,'order-1585282959556','RECEIVE',555.7000,100.0000,655.7000,NULL,NULL,1008,NULL,'',1000,'FROM_BACK',1008,'ClientBuyer',2),('2020-03-27 18:29:33',NULL,'order-1585304973323','SEND_CAR',600.0000,100.0000,700.0000,NULL,NULL,1008,NULL,'',1000,'FROM_BACK',1008,'ClientBuyer',4),('2020-03-30 11:44:18',NULL,'order-1585539857719','RECEIVE',1767.0000,100.0000,1867.0000,NULL,NULL,1008,NULL,'',1000,'FROM_BACK',1008,'ClientBuyer',5),('2020-03-30 17:49:19',NULL,'order-1585561758699','RECEIVE',89.5000,100.0000,189.5000,NULL,NULL,1008,NULL,'',1000,'FROM_BACK',1008,'ClientBuyer',6),('2020-03-30 17:51:11',NULL,'order-1585561871032','RECEIVE',1947.0000,100.0000,2047.0000,NULL,NULL,1008,NULL,'',1000,'FROM_BACK',1008,'ClientBuyer',7),('2020-04-04 17:25:09',NULL,'order-1585992308562','RECEIVE',1673.0000,100.0000,1773.0000,NULL,NULL,1008,NULL,'',1004,'FROM_BACK',1008,'ClientBuyer',8),('2020-04-05 20:32:10',NULL,'order-1586089929823','RECEIVE',2286.0000,100.0000,2386.0000,NULL,NULL,1004,NULL,'',1004,'FROM_BACK',1010,'ClientBuyer',9),('2020-04-05 20:39:28',NULL,'order-1586090367583','RECEIVE',6407.5000,100.0000,6507.5000,NULL,NULL,1009,NULL,'',1004,'FROM_BACK',1013,'ClientBuyer',10),('2020-04-05 20:46:40',NULL,'order-1586090799573','RECEIVE',6314.0000,100.0000,6414.0000,NULL,NULL,1013,NULL,'',1004,'FROM_BACK',1021,'ClientBuyer',11),('2020-04-05 20:48:38',NULL,'order-1586090917563','RECEIVE',6210.0000,100.0000,6310.0000,NULL,NULL,1014,NULL,'',1004,'FROM_BACK',1024,'ClientBuyer',12),('2020-04-14 09:37:16',NULL,'order-1586828236262','RECEIVE',960.0000,100.0000,1060.0000,NULL,NULL,1008,NULL,'',1004,'FROM_BACK',1008,'ClientBuyer',13),('2020-04-20 12:09:39',NULL,'order-1587355779252','PAID',32.1000,100.0000,132.1000,NULL,NULL,1015,NULL,'',NULL,'FROM_WEB',1031,'FrontUser',14),('2020-04-27 10:05:17',NULL,'order-1587953116729','PAID',105.0000,100.0000,205.0000,NULL,NULL,1015,NULL,'',NULL,'FROM_WEB',1031,'FrontUser',15),('2020-04-27 10:09:42',NULL,'order-1587953382397','NEW',589.0000,100.0000,689.0000,NULL,NULL,1015,NULL,'',NULL,'FROM_WEB',1031,'FrontUser',16);
/*!40000 ALTER TABLE `UserOrder` ENABLE KEYS */;
UNLOCK TABLES;

--
-- Table structure for table `UserOrderItem`
--

DROP TABLE IF EXISTS `UserOrderItem`;
/*!40101 SET @saved_cs_client     = @@character_set_client */;
/*!40101 SET character_set_client = utf8 */;
CREATE TABLE `UserOrderItem` (
  `orderBizId` varchar(40) NOT NULL,
  `parentBizId` varchar(40) DEFAULT NULL,
  `productId` bigint(20) NOT NULL,
  `modalTitle` varchar(200) NOT NULL,
  `modalId` bigint(20) NOT NULL,
  `specValueString` varchar(200) NOT NULL,
  `imagePath` varchar(200) NOT NULL,
  `brandId` bigint(20) DEFAULT NULL,
  `marketPrice` decimal(16,4) NOT NULL,
  `retailPrice` decimal(16,4) NOT NULL,
  `quantity` int(11) NOT NULL,
  `totalProductFee` decimal(16,4) NOT NULL,
  `id` bigint(20) NOT NULL AUTO_INCREMENT,
  `buyUserId` bigint(20) NOT NULL,
  `buyUserCat` varchar(20) NOT NULL,
  `sku` varchar(100) NOT NULL,
  PRIMARY KEY (`id`)
) ENGINE=InnoDB AUTO_INCREMENT=46 DEFAULT CHARSET=utf8;
/*!40101 SET character_set_client = @saved_cs_client */;

--
-- Dumping data for table `UserOrderItem`
--

LOCK TABLES `UserOrderItem` WRITE;
/*!40000 ALTER TABLE `UserOrderItem` DISABLE KEYS */;
INSERT INTO `UserOrderItem` VALUES ('order-1585282959556',NULL,322,'成量_圆板牙',1036,'M16','http://diegooss.oss-cn-shenzhen.aliyuncs.com/202002121010009486.jpg',26,21.0000,18.0000,8,144.0000,3,1008,'ClientBuyer','1111'),('order-1585282959556',NULL,340,'大有5407圆锯片',1042,'1个/包','http://diegooss.oss-cn-shenzhen.aliyuncs.com/202002121013593360.jpg',20,21.4000,17.9000,23,411.7000,4,1008,'ClientBuyer','1111'),('order-1585304973323',NULL,289,'BOSCH/博世-多功能电锤 钻 圆柄钻头 电钻 电锤 电镐三功能',1025,'GBH 2000 RE','http://diegooss.oss-cn-shenzhen.aliyuncs.com/202002061759104819.jpg',4,600.0000,589.0000,1,589.0000,5,1008,'ClientBuyer','1111'),('order-1585304973323',NULL,304,'BOSCH/博世-电锤 钻头 四坑5系 圆柄两坑两槽 冲击混凝土 钻头',1028,'8x100x160mm','http://diegooss.oss-cn-shenzhen.aliyuncs.com/202002101118246531.jpg',4,13.2000,11.0000,1,11.0000,6,1008,'ClientBuyer','1111'),('order-1585539857719',NULL,289,'BOSCH/博世-多功能电锤 钻 圆柄钻头 电钻 电锤 电镐三功能',1025,'GBH 2000 RE','http://diegooss.oss-cn-shenzhen.aliyuncs.com/202002061759104819.jpg',4,600.0000,589.0000,3,1767.0000,7,1008,'ClientBuyer','1111'),('order-1585561758699',NULL,340,'大有5407圆锯片',1042,'1个/包','http://diegooss.oss-cn-shenzhen.aliyuncs.com/202002121013593360.jpg',20,21.4000,17.9000,5,89.5000,8,1008,'ClientBuyer','1111'),('order-1585561871032',NULL,288,'BOSCH/博世-多功能电锤 钻 圆柄钻头 电钻 电锤 电镐三功能',1025,'GBH 2000 DRE','http://diegooss.oss-cn-shenzhen.aliyuncs.com/202002061759104819.jpg',4,700.0000,649.0000,3,1947.0000,9,1008,'ClientBuyer','1111'),('order-1585992308562',NULL,288,'BOSCH/博世-多功能电锤 钻 圆柄钻头 电钻 电锤 电镐三功能',1025,'GBH 2000 DRE','http://diegooss.oss-cn-shenzhen.aliyuncs.com/202002061759104819.jpg',4,700.0000,649.0000,1,649.0000,10,1008,'ClientBuyer','061125A487'),('order-1585992308562',NULL,289,'BOSCH/博世-多功能电锤 钻 圆柄钻头 电钻 电锤 电镐三功能',1025,'GBH 2000 RE','http://diegooss.oss-cn-shenzhen.aliyuncs.com/202002061759104819.jpg',4,600.0000,589.0000,1,589.0000,11,1008,'ClientBuyer','061125A382'),('order-1585992308562',NULL,303,'BOSCH/博世-电锤 钻头 四坑5系 圆柄两坑两槽 冲击混凝土 钻头',1028,'6x100x160mm','http://diegooss.oss-cn-shenzhen.aliyuncs.com/202002101118246531.jpg',4,11.4000,9.5000,10,95.0000,12,1008,'ClientBuyer','2608833778'),('order-1585992308562',NULL,305,'BOSCH/博世-电锤 钻头 四坑5系 圆柄两坑两槽 冲击混凝土 钻头',1028,'10x100x160mm','http://diegooss.oss-cn-shenzhen.aliyuncs.com/202002101118246531.jpg',4,13.2000,11.0000,10,110.0000,13,1008,'ClientBuyer','2608833798'),('order-1585992308562',NULL,306,'BOSCH/博世-电锤 钻头 四坑5系 圆柄两坑两槽 冲击混凝土 钻头',1028,'14x100x160mm','http://diegooss.oss-cn-shenzhen.aliyuncs.com/202002101118246531.jpg',4,27.6000,23.0000,10,230.0000,14,1008,'ClientBuyer','2608833816'),('order-1586089929823',NULL,272,'ENDURA/力易得-十字型橡塑柄螺丝批',1021,'#2*150MM','http://diegooss.oss-cn-shenzhen.aliyuncs.com/202002031631219563.jpg',25,15.0000,13.6000,20,272.0000,15,1010,'ClientBuyer','E6592'),('order-1586089929823',NULL,273,'ENDURA/力易得-十字型橡塑柄螺丝批',1021,'#0*75MM','http://diegooss.oss-cn-shenzhen.aliyuncs.com/202002031631219563.jpg',25,8.0000,7.2000,20,144.0000,16,1010,'ClientBuyer','E6572'),('order-1586089929823',NULL,274,'ENDURA/力易得-十字型橡塑柄螺丝批',1021,'#2*125MM','http://diegooss.oss-cn-shenzhen.aliyuncs.com/202002031631219563.jpg',25,14.0000,12.9000,20,258.0000,17,1010,'ClientBuyer','E6591'),('order-1586089929823',NULL,275,'ENDURA/力易得-十字型橡塑柄螺丝批',1021,'#1*150MM','http://diegooss.oss-cn-shenzhen.aliyuncs.com/202002031631219563.jpg',25,13.0000,12.0000,20,240.0000,18,1010,'ClientBuyer','E6585'),('order-1586089929823',NULL,276,'ENDURA/力易得-十字型橡塑柄螺丝批',1021,'#1*125MM','http://diegooss.oss-cn-shenzhen.aliyuncs.com/202002031631219563.jpg',25,13.8000,11.8000,20,236.0000,19,1010,'ClientBuyer','E6584'),('order-1586089929823',NULL,277,'ENDURA/力易得-十字型橡塑柄螺丝批',1021,'#1*100MM','http://diegooss.oss-cn-shenzhen.aliyuncs.com/202002031631219563.jpg',25,13.0000,11.0000,20,220.0000,20,1010,'ClientBuyer','E6583'),('order-1586089929823',NULL,280,'ENDURA/力易得-十字型橡塑柄螺丝批',1021,'#0*125MM','http://diegooss.oss-cn-shenzhen.aliyuncs.com/202002031631219563.jpg',25,13.3000,11.3000,20,226.0000,21,1010,'ClientBuyer','E6574'),('order-1586089929823',NULL,281,'ENDURA/力易得-十字型橡塑柄螺丝批',1021,'#0*100MM','http://diegooss.oss-cn-shenzhen.aliyuncs.com/202002031631219563.jpg',25,11.9000,7.9000,20,158.0000,22,1010,'ClientBuyer','E6573'),('order-1586089929823',NULL,290,'BULL/公牛-插座面板 错位五孔插座 86型电源墙壁插座',1026,'白色','http://diegooss.oss-cn-shenzhen.aliyuncs.com/202002061744282075.jpg',24,15.0000,12.5000,20,250.0000,23,1010,'ClientBuyer','G06Z223A-W'),('order-1586089929823',NULL,291,'BULL/公牛-插座面板 错位五孔插座 86型电源墙壁插座',1026,'金色款式1','http://diegooss.oss-cn-shenzhen.aliyuncs.com/202002061744282075.jpg',24,17.0000,14.1000,20,282.0000,24,1010,'ClientBuyer','G06Z223A-G'),('order-1586090367583',NULL,288,'BOSCH/博世-多功能电锤 钻 圆柄钻头 电钻 电锤 电镐三功能',1025,'GBH 2000 DRE','http://diegooss.oss-cn-shenzhen.aliyuncs.com/202002061759104819.jpg',4,700.0000,649.0000,5,3245.0000,25,1013,'ClientBuyer','061125A487'),('order-1586090367583',NULL,289,'BOSCH/博世-多功能电锤 钻 圆柄钻头 电钻 电锤 电镐三功能',1025,'GBH 2000 RE','http://diegooss.oss-cn-shenzhen.aliyuncs.com/202002061759104819.jpg',4,600.0000,589.0000,5,2945.0000,26,1013,'ClientBuyer','061125A382'),('order-1586090367583',NULL,303,'BOSCH/博世-电锤 钻头 四坑5系 圆柄两坑两槽 冲击混凝土 钻头',1028,'6x100x160mm','http://diegooss.oss-cn-shenzhen.aliyuncs.com/202002101118246531.jpg',4,11.4000,9.5000,5,47.5000,27,1013,'ClientBuyer','2608833778'),('order-1586090367583',NULL,305,'BOSCH/博世-电锤 钻头 四坑5系 圆柄两坑两槽 冲击混凝土 钻头',1028,'10x100x160mm','http://diegooss.oss-cn-shenzhen.aliyuncs.com/202002101118246531.jpg',4,13.2000,11.0000,5,55.0000,28,1013,'ClientBuyer','2608833798'),('order-1586090367583',NULL,306,'BOSCH/博世-电锤 钻头 四坑5系 圆柄两坑两槽 冲击混凝土 钻头',1028,'14x100x160mm','http://diegooss.oss-cn-shenzhen.aliyuncs.com/202002101118246531.jpg',4,27.6000,23.0000,5,115.0000,29,1013,'ClientBuyer','2608833816'),('order-1586090799573',NULL,316,'JTECH/捷科-迷你针嘴钳',1033,'160mm','http://diegooss.oss-cn-shenzhen.aliyuncs.com/202002121008249662.jpg',10,17.5000,14.6000,100,1460.0000,30,1021,'ClientBuyer','080503'),('order-1586090799573',NULL,341,'HOLD/宏远-锌合金柄钢角尺',1043,'300mm','http://diegooss.oss-cn-shenzhen.aliyuncs.com/202002121014259148.jpg',1,14.5000,12.0400,100,1204.0000,31,1021,'ClientBuyer','91411'),('order-1586090799573',NULL,342,'HOLD/宏远-锌合金柄钢角尺',1043,'500mm','http://diegooss.oss-cn-shenzhen.aliyuncs.com/202002121014259148.jpg',1,22.5000,18.7000,100,1870.0000,32,1021,'ClientBuyer','91412'),('order-1586090799573',NULL,352,'HOLD/宏远-不锈钢管高档电烙铁',1047,'30W','http://diegooss.oss-cn-shenzhen.aliyuncs.com/202002121017131591.jpg',1,11.8800,9.9000,100,990.0000,33,1021,'ClientBuyer','080201'),('order-1586090799573',NULL,353,'HOLD/宏远-不锈钢管高档电烙铁',1047,'40W','http://diegooss.oss-cn-shenzhen.aliyuncs.com/202002121017131591.jpg',1,9.4800,7.9000,100,790.0000,34,1021,'ClientBuyer','080202'),('order-1586090917563',NULL,293,'杭叉手动液压搬运车 液压叉车',1027,'540×1150mm PU双轮HA1-2.5T','http://diegooss.oss-cn-shenzhen.aliyuncs.com/202002031738329515.jpg',29,1644.0000,1370.0000,1,1370.0000,35,1024,'ClientBuyer','HA1-2.5T'),('order-1586090917563',NULL,294,'杭叉手动液压搬运车 液压叉车',1027,'685×1220mm PU双轮HA2-2.5T','http://diegooss.oss-cn-shenzhen.aliyuncs.com/202002031738329515.jpg',29,1680.0000,1400.0000,1,1400.0000,36,1024,'ClientBuyer','HA2-2.5T'),('order-1586090917563',NULL,295,'杭叉手动液压搬运车 液压叉车',1027,'550x1150mm PU双轮HD1-2.5T','http://diegooss.oss-cn-shenzhen.aliyuncs.com/202002031738329515.jpg',29,1584.0000,1320.0000,1,1320.0000,37,1024,'ClientBuyer','HD1-2.5T'),('order-1586090917563',NULL,296,'杭叉手动液压搬运车 液压叉车',1027,'685x1220mm PU双轮HD2-2.5T','http://diegooss.oss-cn-shenzhen.aliyuncs.com/202002031738329515.jpg',29,1608.0000,1340.0000,1,1340.0000,38,1024,'ClientBuyer','HD2-2.5T'),('order-1586090917563',NULL,343,'长城精工-05系列 亚光套红不锈钢直尺',1044,'300*25*1mm','http://diegooss.oss-cn-shenzhen.aliyuncs.com/202002121015031690.jpg',7,9.3000,7.8000,100,780.0000,39,1024,'ClientBuyer','140503'),('order-1586828236262',NULL,279,'ENDURA/力易得-十字型橡塑柄螺丝批',1021,'#0*150MM','http://diegooss.oss-cn-shenzhen.aliyuncs.com/202002031631219563.jpg',25,11.6000,9.6000,100,960.0000,40,1008,'ClientBuyer','E6575'),('order-1587355779252',NULL,278,'ENDURA/力易得-十字型橡塑柄螺丝批',1021,'#1*75MM','http://diegooss.oss-cn-shenzhen.aliyuncs.com/202002031631219563.jpg',25,12.7000,10.7000,3,32.1000,41,1031,'FrontUser','E6582'),('order-1587953116729',NULL,283,'SATA/世达-眼镜 亚洲款防冲击(防雾） 访客眼镜 护目镜 防冲击眼镜',1022,'不防雾','http://diegooss.oss-cn-shenzhen.aliyuncs.com/202002112202306793.png',6,16.0000,14.0000,4,56.0000,42,1031,'FrontUser','YF0101'),('order-1587953116729',NULL,303,'BOSCH/博世-电锤 钻头 四坑5系 圆柄两坑两槽 冲击混凝土 钻头',1028,'6x100x160mm','http://diegooss.oss-cn-shenzhen.aliyuncs.com/202002101118246531.jpg',4,11.4000,9.5000,4,38.0000,43,1031,'FrontUser','2608833778'),('order-1587953116729',NULL,304,'BOSCH/博世-电锤 钻头 四坑5系 圆柄两坑两槽 冲击混凝土 钻头',1028,'8x100x160mm','http://diegooss.oss-cn-shenzhen.aliyuncs.com/202002101118246531.jpg',4,13.2000,11.0000,1,11.0000,44,1031,'FrontUser','2608833789'),('order-1587953382397',NULL,289,'BOSCH/博世-多功能电锤 钻 圆柄钻头 电钻 电锤 电镐三功能',1025,'GBH 2000 RE','http://diegooss.oss-cn-shenzhen.aliyuncs.com/202002061759104819.jpg',4,600.0000,589.0000,1,589.0000,45,1031,'FrontUser','061125A382');
/*!40000 ALTER TABLE `UserOrderItem` ENABLE KEYS */;
UNLOCK TABLES;

--
-- Table structure for table `UserOrderItemAllocInfo`
--

DROP TABLE IF EXISTS `UserOrderItemAllocInfo`;
/*!40101 SET @saved_cs_client     = @@character_set_client */;
/*!40101 SET character_set_client = utf8 */;
CREATE TABLE `UserOrderItemAllocInfo` (
  `id` bigint(20) NOT NULL AUTO_INCREMENT,
  `allocCat` varchar(20) DEFAULT NULL,
  `itemId` bigint(20) NOT NULL,
  `productId` bigint(20) NOT NULL,
  `fromId` bigint(20) NOT NULL,
  `quantity` int(11) NOT NULL,
  `backUserId` bigint(20) NOT NULL,
  `createTime` datetime NOT NULL,
  `packageSn` varchar(100) DEFAULT NULL,
  `toWarehouseId` bigint(20) NOT NULL,
  PRIMARY KEY (`id`)
) ENGINE=InnoDB AUTO_INCREMENT=50 DEFAULT CHARSET=utf8;
/*!40101 SET character_set_client = @saved_cs_client */;

--
-- Dumping data for table `UserOrderItemAllocInfo`
--

LOCK TABLES `UserOrderItemAllocInfo` WRITE;
/*!40000 ALTER TABLE `UserOrderItemAllocInfo` DISABLE KEYS */;
INSERT INTO `UserOrderItemAllocInfo` VALUES (5,'WAREHOUSE',5,289,1001,1,1000,'2020-03-27 18:32:54','pn-1585305127756',1001),(6,'WAREHOUSE',6,304,1001,1,1000,'2020-03-27 18:33:06','pn-1585305127756',1001),(7,'WAREHOUSE',7,289,1001,3,1000,'2020-03-30 11:46:59','pn-1585540018912',1001),(8,'WAREHOUSE',9,288,1001,3,1000,'2020-03-30 17:51:37','pn-1585561897198',1001),(12,'WAREHOUSE',13,305,1001,10,1004,'2020-04-05 15:59:29','pn-1586073528627',1001),(16,'WAREHOUSE',14,306,1001,10,1004,'2020-04-05 16:00:30','pn-1586073528627',1001),(18,'WAREHOUSE',10,288,1001,1,1004,'2020-04-05 16:00:55','pn-1586073528627',1001),(19,'WAREHOUSE',11,289,1001,1,1004,'2020-04-05 16:00:59','pn-1586073528627',1001),(20,'WAREHOUSE',12,303,1001,10,1004,'2020-04-05 16:01:04','pn-1586073528627',1001),(21,'WAREHOUSE',8,340,1001,5,1004,'2020-04-05 16:11:31','pn-1586074290599',1001),(22,'WAREHOUSE',3,322,1001,8,1004,'2020-04-05 20:20:15','pn-1586089214810',1001),(23,'WAREHOUSE',4,340,1001,23,1004,'2020-04-05 20:20:21','pn-1586089214810',1001),(24,'WAREHOUSE',15,272,1001,20,1004,'2020-04-05 20:32:59','pn-1586089978678',1001),(25,'WAREHOUSE',16,273,1001,20,1004,'2020-04-05 20:33:03','pn-1586089978678',1001),(26,'WAREHOUSE',17,274,1001,20,1004,'2020-04-05 20:33:07','pn-1586089978678',1001),(27,'WAREHOUSE',18,275,1001,20,1004,'2020-04-05 20:33:15','pn-1586089978678',1001),(28,'WAREHOUSE',19,276,1001,20,1004,'2020-04-05 20:33:19','pn-1586089978678',1001),(29,'WAREHOUSE',20,277,1001,20,1004,'2020-04-05 20:33:24','pn-1586089978678',1001),(30,'WAREHOUSE',21,280,1001,20,1004,'2020-04-05 20:33:27','pn-1586089978678',1001),(31,'WAREHOUSE',22,281,1001,20,1004,'2020-04-05 20:33:31','pn-1586089978678',1001),(32,'WAREHOUSE',23,290,1001,20,1004,'2020-04-05 20:33:35','pn-1586089978678',1001),(33,'WAREHOUSE',24,291,1001,20,1004,'2020-04-05 20:33:39','pn-1586089978678',1001),(34,'WAREHOUSE',25,288,1001,5,1004,'2020-04-05 20:39:53','pn-1586090392851',1001),(35,'WAREHOUSE',26,289,1001,5,1004,'2020-04-05 20:39:57','pn-1586090392851',1001),(36,'WAREHOUSE',27,303,1001,5,1004,'2020-04-05 20:40:01','pn-1586090392851',1001),(37,'WAREHOUSE',28,305,1001,5,1004,'2020-04-05 20:40:05','pn-1586090392851',1001),(38,'WAREHOUSE',29,306,1001,5,1004,'2020-04-05 20:40:09','pn-1586090392851',1001),(39,'WAREHOUSE',35,293,1001,1,1004,'2020-04-05 20:49:11','pn-1586090951315',1001),(40,'WAREHOUSE',36,294,1001,1,1004,'2020-04-05 20:49:13','pn-1586090951315',1001),(41,'WAREHOUSE',37,295,1001,1,1004,'2020-04-05 20:49:16','pn-1586090951315',1001),(42,'WAREHOUSE',38,296,1001,1,1004,'2020-04-05 20:49:18','pn-1586090951315',1001),(43,'WAREHOUSE',39,343,1001,100,1004,'2020-04-05 20:49:23','pn-1586090951315',1001),(44,'WAREHOUSE',30,316,1001,100,1004,'2020-04-05 20:49:32','pn-1586090971574',1001),(45,'WAREHOUSE',31,341,1001,100,1004,'2020-04-05 20:49:35','pn-1586090971574',1001),(46,'WAREHOUSE',32,342,1001,100,1004,'2020-04-05 20:49:39','pn-1586090971574',1001),(47,'WAREHOUSE',33,352,1001,100,1004,'2020-04-05 20:49:44','pn-1586090971574',1001),(48,'WAREHOUSE',34,353,1001,100,1004,'2020-04-05 20:49:48','pn-1586090971574',1001),(49,'WAREHOUSE',40,279,1001,100,1004,'2020-04-14 09:40:36','pn-1586828435990',1001);
/*!40000 ALTER TABLE `UserOrderItemAllocInfo` ENABLE KEYS */;
UNLOCK TABLES;

--
-- Table structure for table `UserOrderItemAllocInfoPackage`
--

DROP TABLE IF EXISTS `UserOrderItemAllocInfoPackage`;
/*!40101 SET @saved_cs_client     = @@character_set_client */;
/*!40101 SET character_set_client = utf8 */;
CREATE TABLE `UserOrderItemAllocInfoPackage` (
  `id` bigint(20) NOT NULL AUTO_INCREMENT,
  `sn` varchar(100) NOT NULL,
  `orderBizId` varchar(100) NOT NULL,
  `warehouseId` bigint(20) NOT NULL,
  `createUserId` bigint(20) NOT NULL,
  `createTime` datetime NOT NULL,
  `dataStatus` varchar(20) DEFAULT NULL,
  `logisticsCat` varchar(40) DEFAULT NULL,
  `outLogicsticsId` bigint(20) DEFAULT NULL,
  `outLogicsticsNo` varchar(100) DEFAULT NULL,
  `outLogicsticsImage` varchar(4000) DEFAULT NULL,
  `outLogicsticsFee` decimal(16,4) DEFAULT NULL,
  `outLogicsticsPayCat` varchar(40) DEFAULT NULL,
  `carId` bigint(20) DEFAULT NULL,
  `carDriverId` bigint(20) DEFAULT NULL,
  `finishUserId` bigint(20) DEFAULT NULL,
  `finishTime` datetime DEFAULT NULL,
  `receiveImage` varchar(500) DEFAULT NULL,
  `receiveRemark` varchar(1000) DEFAULT NULL,
  `receiveCreateUserId` bigint(20) DEFAULT NULL,
  `receiveCreateTime` datetime DEFAULT NULL,
  PRIMARY KEY (`id`)
) ENGINE=InnoDB AUTO_INCREMENT=13 DEFAULT CHARSET=utf8;
/*!40101 SET character_set_client = @saved_cs_client */;

--
-- Dumping data for table `UserOrderItemAllocInfoPackage`
--

LOCK TABLES `UserOrderItemAllocInfoPackage` WRITE;
/*!40000 ALTER TABLE `UserOrderItemAllocInfoPackage` DISABLE KEYS */;
INSERT INTO `UserOrderItemAllocInfoPackage` VALUES (2,'pn-1585305127756','order-1585304973323',1001,1000,'2020-03-27 18:32:08','SENT','OTHER',1000,'111222','http://diegooss.oss-cn-shenzhen.aliyuncs.com/202003301116332800.png',0.0000,'CREDIT',NULL,NULL,1000,'2020-03-30 11:16:37',NULL,NULL,NULL,NULL),(3,'pn-1585540018912','order-1585539857719',1001,1000,'2020-03-30 11:46:59','RECEIVE','OWN',NULL,'','http://diegooss.oss-cn-shenzhen.aliyuncs.com/202003301147325284.png',NULL,'',1000,1001,1000,'2020-03-30 11:47:36','http://diegooss.oss-cn-shenzhen.aliyuncs.com/202003301339472242.png','test',1000,'2020-03-30 13:39:49'),(4,'pn-1585561897198','order-1585561871032',1001,1000,'2020-03-30 17:51:37','RECEIVE','OWN',NULL,'','http://diegooss.oss-cn-shenzhen.aliyuncs.com/202003301752106798.png',NULL,'',1001,1002,1000,'2020-03-30 17:52:13','http://diegooss.oss-cn-shenzhen.aliyuncs.com/202003301752328494.png','用户已签收',1000,'2020-03-30 17:52:41'),(5,'pn-1586073528627','order-1585992308562',1001,1004,'2020-04-05 15:58:49','RECEIVE','OWN',NULL,'','blob:http://120.76.215.76:10500/3c0f42fb-b6e6-464f-a265-449c3e6b484b,http://diegooss.oss-cn-shenzhen.aliyuncs.com/202004051610133142.jpg',NULL,'',1000,1001,1004,'2020-04-05 16:10:14','http://diegooss.oss-cn-shenzhen.aliyuncs.com/202004051610332337.jpg','test',1004,'2020-04-05 16:10:39'),(6,'pn-1586074290599','order-1585561758699',1001,1004,'2020-04-05 16:11:31','RECEIVE','OWN',NULL,'','http://diegooss.oss-cn-shenzhen.aliyuncs.com/202004051611502098.jpg',NULL,'',1000,1001,1004,'2020-04-05 16:11:53','http://diegooss.oss-cn-shenzhen.aliyuncs.com/202004052021005309.jpg','test',1004,'2020-04-05 20:21:07'),(7,'pn-1586089214810','order-1585282959556',1001,1004,'2020-04-05 20:20:15','RECEIVE','OWN',NULL,'','http://diegooss.oss-cn-shenzhen.aliyuncs.com/202004052020407250.jpg',NULL,'',1000,1001,1004,'2020-04-05 20:20:42','http://diegooss.oss-cn-shenzhen.aliyuncs.com/202004052021005309.jpg','test',1004,'2020-04-05 20:21:04'),(8,'pn-1586089978678','order-1586089929823',1001,1004,'2020-04-05 20:32:59','RECEIVE','OWN',NULL,'','http://diegooss.oss-cn-shenzhen.aliyuncs.com/202004052033556406.jpg',NULL,'',1000,1001,1004,'2020-04-05 20:33:56','http://diegooss.oss-cn-shenzhen.aliyuncs.com/202004052034071217.jpg','test',1004,'2020-04-05 20:34:13'),(9,'pn-1586090392851','order-1586090367583',1001,1004,'2020-04-05 20:39:53','RECEIVE','OWN',NULL,'','http://diegooss.oss-cn-shenzhen.aliyuncs.com/202004052040247690.jpg',NULL,'',1001,1002,1004,'2020-04-05 20:40:25','http://diegooss.oss-cn-shenzhen.aliyuncs.com/202004052040323186.jpg','test',1004,'2020-04-05 20:40:40'),(10,'pn-1586090951315','order-1586090917563',1001,1004,'2020-04-05 20:49:11','RECEIVE','OWN',NULL,'','http://diegooss.oss-cn-shenzhen.aliyuncs.com/202004052050035543.jpg',NULL,'',1000,1001,1004,'2020-04-05 20:50:04','http://diegooss.oss-cn-shenzhen.aliyuncs.com/202004052050128447.jpg','test',1004,'2020-04-05 20:50:17'),(11,'pn-1586090971574','order-1586090799573',1001,1004,'2020-04-05 20:49:32','RECEIVE','OWN',NULL,'','http://diegooss.oss-cn-shenzhen.aliyuncs.com/202004052050278402.jpg',NULL,'',1000,1001,1004,'2020-04-05 20:50:28','http://diegooss.oss-cn-shenzhen.aliyuncs.com/202004052050354133.jpg','test',1004,'2020-04-05 20:50:41'),(12,'pn-1586828435990','order-1586828236262',1001,1004,'2020-04-14 09:40:36','RECEIVE','OWN',NULL,'','http://diegooss.oss-cn-shenzhen.aliyuncs.com/202004140941032573.jpg',NULL,'',1000,1001,1004,'2020-04-14 09:41:05','http://diegooss.oss-cn-shenzhen.aliyuncs.com/202004140941396042.jpg','test',1004,'2020-04-14 09:41:46');
/*!40000 ALTER TABLE `UserOrderItemAllocInfoPackage` ENABLE KEYS */;
UNLOCK TABLES;

--
-- Table structure for table `Warehouse`
--

DROP TABLE IF EXISTS `Warehouse`;
/*!40101 SET @saved_cs_client     = @@character_set_client */;
/*!40101 SET character_set_client = utf8 */;
CREATE TABLE `Warehouse` (
  `districtCode` varchar(200) NOT NULL,
  `landline` varchar(200) DEFAULT NULL,
  `postalCode` varchar(200) DEFAULT NULL,
  `contactUser` varchar(200) NOT NULL,
  `contactUserPhone` varchar(200) NOT NULL,
  `fullDistrict` varchar(200) DEFAULT NULL,
  `address` varchar(2000) NOT NULL,
  `name` varchar(200) NOT NULL,
  `id` bigint(20) NOT NULL AUTO_INCREMENT,
  PRIMARY KEY (`id`)
) ENGINE=InnoDB AUTO_INCREMENT=1002 DEFAULT CHARSET=utf8;
/*!40101 SET character_set_client = @saved_cs_client */;

--
-- Dumping data for table `Warehouse`
--

LOCK TABLES `Warehouse` WRITE;
/*!40000 ALTER TABLE `Warehouse` DISABLE KEYS */;
INSERT INTO `Warehouse` VALUES ('440305','','','龙傲天','13923839630','广东省/深圳市/南山区','粤海街道xxx号','深圳南山一号仓',1001);
/*!40000 ALTER TABLE `Warehouse` ENABLE KEYS */;
UNLOCK TABLES;

--
-- Table structure for table `WarehousePos`
--

DROP TABLE IF EXISTS `WarehousePos`;
/*!40101 SET @saved_cs_client     = @@character_set_client */;
/*!40101 SET character_set_client = utf8 */;
CREATE TABLE `WarehousePos` (
  `id` bigint(20) NOT NULL AUTO_INCREMENT,
  `code` varchar(200) NOT NULL,
  `remark` varchar(200) DEFAULT NULL,
  `warehouseId` bigint(20) NOT NULL,
  PRIMARY KEY (`id`)
) ENGINE=InnoDB AUTO_INCREMENT=1005 DEFAULT CHARSET=utf8;
/*!40101 SET character_set_client = @saved_cs_client */;

--
-- Dumping data for table `WarehousePos`
--

LOCK TABLES `WarehousePos` WRITE;
/*!40000 ALTER TABLE `WarehousePos` DISABLE KEYS */;
INSERT INTO `WarehousePos` VALUES (1000,'p-00001','第一个仓库',1001),(1001,'p-00002','',1001),(1002,'p-00003','',1001),(1003,'p-00004','',1001),(1004,'p-00005','',1001);
/*!40000 ALTER TABLE `WarehousePos` ENABLE KEYS */;
UNLOCK TABLES;

--
-- Table structure for table `WarehouseStock`
--

DROP TABLE IF EXISTS `WarehouseStock`;
/*!40101 SET @saved_cs_client     = @@character_set_client */;
/*!40101 SET character_set_client = utf8 */;
CREATE TABLE `WarehouseStock` (
  `id` bigint(20) NOT NULL AUTO_INCREMENT,
  `remark` varchar(200) DEFAULT NULL,
  `productId` bigint(20) NOT NULL,
  `warehouseId` bigint(20) NOT NULL,
  `stock` int(11) NOT NULL,
  `updateTime` datetime DEFAULT NULL,
  `updateUserId` bigint(20) DEFAULT NULL,
  PRIMARY KEY (`id`)
) ENGINE=InnoDB AUTO_INCREMENT=218 DEFAULT CHARSET=utf8;
/*!40101 SET character_set_client = @saved_cs_client */;

--
-- Dumping data for table `WarehouseStock`
--

LOCK TABLES `WarehouseStock` WRITE;
/*!40000 ALTER TABLE `WarehouseStock` DISABLE KEYS */;
INSERT INTO `WarehouseStock` VALUES (115,'批次入库商品',288,1001,20,'2020-03-05 15:59:51',1000),(116,'批次入库商品',289,1001,31,'2020-03-05 17:00:04',1000),(117,'批次入库商品',304,1001,52,'2020-04-02 17:12:49',1004),(122,'批次入库商品',306,1001,50,'2020-04-02 17:12:49',1004),(123,'批次入库商品',305,1001,50,'2020-04-02 17:12:49',1004),(124,'批次入库商品',303,1001,50,'2020-04-02 17:12:49',1004),(125,'批次入库商品',307,1001,50,'2020-04-02 17:12:49',1004),(126,'批次入库商品',309,1001,50,'2020-04-02 17:12:49',1004),(127,'批次入库商品',308,1001,50,'2020-04-02 17:12:49',1004),(128,'批次入库商品',292,1001,50,'2020-04-02 17:12:49',1004),(129,'批次入库商品',290,1001,50,'2020-04-02 17:12:49',1004),(130,'批次入库商品',291,1001,50,'2020-04-02 17:12:49',1004),(131,'批次入库商品',273,1001,100,'2020-04-02 17:12:49',1004),(132,'批次入库商品',281,1001,100,'2020-04-02 17:12:49',1004),(133,'批次入库商品',280,1001,100,'2020-04-02 17:12:49',1004),(134,'批次入库商品',272,1001,100,'2020-04-02 17:12:49',1004),(135,'批次入库商品',274,1001,100,'2020-04-02 17:12:49',1004),(136,'批次入库商品',275,1001,100,'2020-04-02 17:12:49',1004),(137,'批次入库商品',276,1001,100,'2020-04-02 17:12:49',1004),(138,'批次入库商品',277,1001,100,'2020-04-02 17:12:49',1004),(139,'批次入库商品',278,1001,100,'2020-04-02 17:12:49',1004),(140,'批次入库商品',284,1001,100,'2020-04-02 17:12:49',1004),(141,'批次入库商品',285,1001,100,'2020-04-02 17:12:49',1004),(142,'批次入库商品',360,1001,100,'2020-04-02 17:12:49',1004),(143,'批次入库商品',355,1001,100,'2020-04-02 17:12:49',1004),(144,'批次入库商品',352,1001,100,'2020-04-02 17:12:49',1004),(145,'批次入库商品',353,1001,100,'2020-04-02 17:12:49',1004),(146,'批次入库商品',341,1001,100,'2020-04-02 17:12:49',1004),(147,'批次入库商品',342,1001,100,'2020-04-02 17:12:49',1004),(148,'批次入库商品',316,1001,100,'2020-04-02 17:12:49',1004),(149,'批次入库商品',313,1001,100,'2020-04-02 17:12:49',1004),(150,'批次入库商品',312,1001,100,'2020-04-02 17:12:49',1004),(151,'批次入库商品',311,1001,100,'2020-04-02 17:12:49',1004),(152,'批次入库商品',310,1001,100,'2020-04-02 17:12:49',1004),(153,'批次入库商品',319,1001,100,'2020-04-02 17:12:49',1004),(154,'批次入库商品',318,1001,100,'2020-04-02 17:12:49',1004),(155,'批次入库商品',321,1001,100,'2020-04-02 17:12:49',1004),(156,'批次入库商品',320,1001,100,'2020-04-02 17:12:49',1004),(157,'批次入库商品',361,1001,100,'2020-04-02 17:12:49',1004),(158,'批次入库商品',317,1001,100,'2020-04-02 17:12:49',1004),(159,'批次入库商品',348,1001,100,'2020-04-02 17:12:49',1004),(160,'批次入库商品',347,1001,100,'2020-04-02 17:12:49',1004),(161,'批次入库商品',346,1001,100,'2020-04-02 17:12:49',1004),(162,'批次入库商品',283,1001,100,'2020-04-02 17:12:49',1004),(163,'批次入库商品',282,1001,100,'2020-04-02 17:12:49',1004),(164,'批次入库商品',356,1001,100,'2020-04-02 17:12:49',1004),(165,'批次入库商品',359,1001,100,'2020-04-02 17:12:49',1004),(166,'批次入库商品',358,1001,100,'2020-04-02 17:12:49',1004),(167,'批次入库商品',357,1001,100,'2020-04-02 17:12:49',1004),(168,'批次入库商品',271,1001,100,'2020-04-02 17:17:26',1004),(169,'批次入库商品',270,1001,100,'2020-04-02 17:17:26',1004),(170,'批次入库商品',325,1001,100,'2020-04-02 17:17:26',1004),(171,'批次入库商品',326,1001,100,'2020-04-02 17:17:26',1004),(172,'批次入库商品',324,1001,100,'2020-04-02 17:17:26',1004),(173,'批次入库商品',323,1001,100,'2020-04-02 17:17:26',1004),(174,'批次入库商品',261,1001,100,'2020-04-02 17:17:26',1004),(175,'批次入库商品',263,1001,100,'2020-04-02 17:17:26',1004),(176,'批次入库商品',262,1001,100,'2020-04-02 17:17:26',1004),(177,'批次入库商品',351,1001,100,'2020-04-02 17:17:26',1004),(178,'批次入库商品',350,1001,100,'2020-04-02 17:17:26',1004),(179,'批次入库商品',349,1001,100,'2020-04-02 17:17:26',1004),(180,'批次入库商品',315,1001,100,'2020-04-02 17:17:26',1004),(181,'批次入库商品',314,1001,100,'2020-04-02 17:17:26',1004),(182,'批次入库商品',327,1001,100,'2020-04-02 17:17:26',1004),(183,'批次入库商品',334,1001,100,'2020-04-02 17:17:26',1004),(184,'批次入库商品',333,1001,100,'2020-04-02 17:17:26',1004),(185,'批次入库商品',335,1001,100,'2020-04-02 17:17:26',1004),(186,'批次入库商品',287,1001,100,'2020-04-02 17:17:26',1004),(187,'批次入库商品',286,1001,100,'2020-04-02 17:17:26',1004),(188,'批次入库商品',339,1001,100,'2020-04-02 17:17:26',1004),(189,'批次入库商品',338,1001,100,'2020-04-02 17:17:26',1004),(190,'批次入库商品',337,1001,100,'2020-04-02 17:17:26',1004),(191,'批次入库商品',336,1001,100,'2020-04-02 17:17:26',1004),(192,'批次入库商品',330,1001,100,'2020-04-02 17:17:26',1004),(193,'批次入库商品',329,1001,100,'2020-04-02 17:17:26',1004),(194,'批次入库商品',328,1001,100,'2020-04-02 17:17:26',1004),(195,'批次入库商品',332,1001,100,'2020-04-02 17:17:26',1004),(196,'批次入库商品',331,1001,100,'2020-04-02 17:17:26',1004),(197,'批次入库商品',340,1001,100,'2020-04-02 17:17:26',1004),(198,'批次入库商品',322,1001,100,'2020-04-02 17:17:26',1004),(199,'批次入库商品',301,1001,10,'2020-04-02 17:17:26',1004),(200,'批次入库商品',300,1001,10,'2020-04-02 17:17:26',1004),(201,'批次入库商品',299,1001,10,'2020-04-02 17:17:26',1004),(202,'批次入库商品',298,1001,10,'2020-04-02 17:17:26',1004),(203,'批次入库商品',297,1001,10,'2020-04-02 17:17:26',1004),(204,'批次入库商品',296,1001,10,'2020-04-02 17:17:26',1004),(205,'批次入库商品',295,1001,10,'2020-04-02 17:17:26',1004),(206,'批次入库商品',294,1001,10,'2020-04-02 17:17:26',1004),(207,'批次入库商品',293,1001,10,'2020-04-02 17:17:26',1004),(208,'批次入库商品',343,1001,100,'2020-04-02 17:17:26',1004),(209,'批次入库商品',345,1001,100,'2020-04-02 17:17:26',1004),(210,'批次入库商品',344,1001,100,'2020-04-05 15:55:04',1004),(211,'批次入库商品',269,1001,100,'2020-04-02 17:17:26',1004),(212,'批次入库商品',268,1001,100,'2020-04-02 17:17:26',1004),(213,'批次入库商品',267,1001,100,'2020-04-02 17:17:26',1004),(214,'批次入库商品',266,1001,100,'2020-04-02 17:17:26',1004),(215,'批次入库商品',265,1001,100,'2020-04-02 17:17:26',1004),(216,'批次入库商品',264,1001,100,'2020-04-02 17:17:26',1004),(217,'批次入库商品',279,1001,100,'2020-04-14 09:36:07',1004);
/*!40000 ALTER TABLE `WarehouseStock` ENABLE KEYS */;
UNLOCK TABLES;
/*!40103 SET TIME_ZONE=@OLD_TIME_ZONE */;

/*!40101 SET SQL_MODE=@OLD_SQL_MODE */;
/*!40014 SET FOREIGN_KEY_CHECKS=@OLD_FOREIGN_KEY_CHECKS */;
/*!40014 SET UNIQUE_CHECKS=@OLD_UNIQUE_CHECKS */;
/*!40101 SET CHARACTER_SET_CLIENT=@OLD_CHARACTER_SET_CLIENT */;
/*!40101 SET CHARACTER_SET_RESULTS=@OLD_CHARACTER_SET_RESULTS */;
/*!40101 SET COLLATION_CONNECTION=@OLD_COLLATION_CONNECTION */;
/*!40111 SET SQL_NOTES=@OLD_SQL_NOTES */;

-- Dump completed on 2020-04-27 10:20:08
